target,seed,rep,fraction,boost,score_cap1_hits,multifp_rf_hits,augmented_score_rf_hits,augmented_context_rf_hits
CHEMBL222,35501,0,0.2,4.0,44,46,47,47
CHEMBL222,35501,0,0.2,6.0,44,46,47,47
CHEMBL222,35501,0,0.3,4.0,44,45,46,46
CHEMBL222,35501,0,0.3,6.0,44,45,46,46
CHEMBL222,35501,1,0.2,4.0,44,45,46,45
CHEMBL222,35501,1,0.2,6.0,44,45,46,47
CHEMBL222,35501,1,0.3,4.0,44,46,46,46
CHEMBL222,35501,1,0.3,6.0,44,46,46,47
CHEMBL222,35501,2,0.2,4.0,44,45,46,46
CHEMBL222,35501,2,0.2,6.0,44,45,46,46
CHEMBL222,35501,2,0.3,4.0,43,45,46,46
CHEMBL222,35501,2,0.3,6.0,43,45,46,47
CHEMBL222,35501,3,0.2,4.0,45,46,46,46
CHEMBL222,35501,3,0.2,6.0,44,46,46,47
CHEMBL222,35501,3,0.3,4.0,44,45,47,47
CHEMBL222,35501,3,0.3,6.0,44,45,47,47
CHEMBL222,35501,4,0.2,4.0,45,45,46,45
CHEMBL222,35501,4,0.2,6.0,45,45,46,47
CHEMBL222,35501,4,0.3,4.0,45,45,47,47
CHEMBL222,35501,4,0.3,6.0,44,45,47,47
CHEMBL222,35501,5,0.2,4.0,45,45,47,47
CHEMBL222,35501,5,0.2,6.0,45,45,47,47
CHEMBL222,35501,5,0.3,4.0,44,46,46,47
CHEMBL222,35501,5,0.3,6.0,44,46,46,47
CHEMBL222,35501,6,0.2,4.0,46,45,46,46
CHEMBL222,35501,6,0.2,6.0,45,45,46,47
CHEMBL222,35501,6,0.3,4.0,44,44,46,46
CHEMBL222,35501,6,0.3,6.0,44,44,46,47
CHEMBL222,35501,7,0.2,4.0,44,45,46,46
CHEMBL222,35501,7,0.2,6.0,44,45,46,47
CHEMBL222,35501,7,0.3,4.0,45,44,46,46
CHEMBL222,35501,7,0.3,6.0,44,44,46,47
CHEMBL222,35501,8,0.2,4.0,46,45,46,46
CHEMBL222,35501,8,0.2,6.0,45,45,46,47
CHEMBL222,35501,8,0.3,4.0,43,45,46,46
CHEMBL222,35501,8,0.3,6.0,43,45,46,47
CHEMBL222,35501,9,0.2,4.0,45,45,46,46
CHEMBL222,35501,9,0.2,6.0,44,45,46,47
CHEMBL222,35501,9,0.3,4.0,44,45,46,45
CHEMBL222,35501,9,0.3,6.0,44,45,46,47
CHEMBL225,35501,0,0.2,4.0,39,43,46,43
CHEMBL225,35501,0,0.2,6.0,39,43,47,45
CHEMBL225,35501,0,0.3,4.0,38,44,46,44
CHEMBL225,35501,0,0.3,6.0,38,44,47,45
CHEMBL225,35501,1,0.2,4.0,39,43,45,43
CHEMBL225,35501,1,0.2,6.0,39,43,46,44
CHEMBL225,35501,1,0.3,4.0,38,43,46,44
CHEMBL225,35501,1,0.3,6.0,38,43,46,44
CHEMBL225,35501,2,0.2,4.0,39,44,46,44
CHEMBL225,35501,2,0.2,6.0,39,44,46,44
CHEMBL225,35501,2,0.3,4.0,38,43,46,44
CHEMBL225,35501,2,0.3,6.0,38,43,46,44
CHEMBL225,35501,3,0.2,4.0,38,44,46,44
CHEMBL225,35501,3,0.2,6.0,38,44,47,45
CHEMBL225,35501,3,0.3,4.0,37,42,45,43
CHEMBL225,35501,3,0.3,6.0,37,42,46,44
CHEMBL225,35501,4,0.2,4.0,39,44,46,45
CHEMBL225,35501,4,0.2,6.0,39,44,46,45
CHEMBL225,35501,4,0.3,4.0,37,43,46,44
CHEMBL225,35501,4,0.3,6.0,37,43,46,44
CHEMBL225,35501,5,0.2,4.0,39,44,46,44
CHEMBL225,35501,5,0.2,6.0,39,44,47,45
CHEMBL225,35501,5,0.3,4.0,37,43,46,44
CHEMBL225,35501,5,0.3,6.0,37,43,46,44
CHEMBL225,35501,6,0.2,4.0,38,43,46,44
CHEMBL225,35501,6,0.2,6.0,38,43,46,44
CHEMBL225,35501,6,0.3,4.0,38,43,45,43
CHEMBL225,35501,6,0.3,6.0,38,43,47,45
CHEMBL225,35501,7,0.2,4.0,39,43,45,43
CHEMBL225,35501,7,0.2,6.0,39,43,46,44
CHEMBL225,35501,7,0.3,4.0,37,43,46,43
CHEMBL225,35501,7,0.3,6.0,37,43,46,44
CHEMBL225,35501,8,0.2,4.0,39,43,46,45
CHEMBL225,35501,8,0.2,6.0,39,43,47,46
CHEMBL225,35501,8,0.3,4.0,37,43,45,43
CHEMBL225,35501,8,0.3,6.0,37,43,46,44
CHEMBL225,35501,9,0.2,4.0,39,43,45,44
CHEMBL225,35501,9,0.2,6.0,39,43,46,45
CHEMBL225,35501,9,0.3,4.0,38,43,45,43
CHEMBL225,35501,9,0.3,6.0,38,43,46,44
CHEMBL226,35501,0,0.2,4.0,39,45,47,43
CHEMBL226,35501,0,0.2,6.0,38,45,47,44
CHEMBL226,35501,0,0.3,4.0,37,45,48,44
CHEMBL226,35501,0,0.3,6.0,37,45,48,44
CHEMBL226,35501,1,0.2,4.0,38,43,47,45
CHEMBL226,35501,1,0.2,6.0,38,43,47,46
CHEMBL226,35501,1,0.3,4.0,36,45,48,45
CHEMBL226,35501,1,0.3,6.0,36,45,48,45
CHEMBL226,35501,2,0.2,4.0,38,45,47,45
CHEMBL226,35501,2,0.2,6.0,38,45,47,45
CHEMBL226,35501,2,0.3,4.0,37,44,45,42
CHEMBL226,35501,2,0.3,6.0,36,44,46,43
CHEMBL226,35501,3,0.2,4.0,38,44,47,43
CHEMBL226,35501,3,0.2,6.0,37,44,47,44
CHEMBL226,35501,3,0.3,4.0,36,45,47,44
CHEMBL226,35501,3,0.3,6.0,36,45,47,44
CHEMBL226,35501,4,0.2,4.0,38,44,47,44
CHEMBL226,35501,4,0.2,6.0,38,44,47,44
CHEMBL226,35501,4,0.3,4.0,36,44,48,45
CHEMBL226,35501,4,0.3,6.0,36,44,48,45
CHEMBL226,35501,5,0.2,4.0,39,44,47,43
CHEMBL226,35501,5,0.2,6.0,38,44,47,44
CHEMBL226,35501,5,0.3,4.0,36,45,46,44
CHEMBL226,35501,5,0.3,6.0,36,45,47,44
CHEMBL226,35501,6,0.2,4.0,37,45,47,44
CHEMBL226,35501,6,0.2,6.0,37,45,47,44
CHEMBL226,35501,6,0.3,4.0,36,43,48,43
CHEMBL226,35501,6,0.3,6.0,36,43,48,44
CHEMBL226,35501,7,0.2,4.0,37,44,46,43
CHEMBL226,35501,7,0.2,6.0,37,44,47,44
CHEMBL226,35501,7,0.3,4.0,36,45,47,43
CHEMBL226,35501,7,0.3,6.0,36,45,47,44
CHEMBL226,35501,8,0.2,4.0,39,45,48,44
CHEMBL226,35501,8,0.2,6.0,39,45,48,44
CHEMBL226,35501,8,0.3,4.0,36,45,47,44
CHEMBL226,35501,8,0.3,6.0,36,45,47,44
CHEMBL226,35501,9,0.2,4.0,39,44,47,45
CHEMBL226,35501,9,0.2,6.0,38,44,47,45
CHEMBL226,35501,9,0.3,4.0,36,44,47,45
CHEMBL226,35501,9,0.3,6.0,36,44,48,46
CHEMBL227,35501,0,0.2,4.0,49,49,49,49
CHEMBL227,35501,0,0.2,6.0,49,49,49,49
CHEMBL227,35501,0,0.3,4.0,50,49,49,49
CHEMBL227,35501,0,0.3,6.0,50,49,49,49
CHEMBL227,35501,1,0.2,4.0,50,49,49,49
CHEMBL227,35501,1,0.2,6.0,50,49,49,49
CHEMBL227,35501,1,0.3,4.0,49,49,49,49
CHEMBL227,35501,1,0.3,6.0,49,49,49,49
CHEMBL227,35501,2,0.2,4.0,50,49,49,49
CHEMBL227,35501,2,0.2,6.0,50,49,49,49
CHEMBL227,35501,2,0.3,4.0,49,49,49,49
CHEMBL227,35501,2,0.3,6.0,49,49,49,49
CHEMBL227,35501,3,0.2,4.0,49,49,49,49
CHEMBL227,35501,3,0.2,6.0,49,49,49,49
CHEMBL227,35501,3,0.3,4.0,49,49,49,49
CHEMBL227,35501,3,0.3,6.0,49,49,49,49
CHEMBL227,35501,4,0.2,4.0,50,49,49,49
CHEMBL227,35501,4,0.2,6.0,50,49,49,49
CHEMBL227,35501,4,0.3,4.0,49,49,49,49
CHEMBL227,35501,4,0.3,6.0,49,49,49,49
CHEMBL227,35501,5,0.2,4.0,50,49,49,49
CHEMBL227,35501,5,0.2,6.0,50,49,49,49
CHEMBL227,35501,5,0.3,4.0,49,49,49,49
CHEMBL227,35501,5,0.3,6.0,49,49,49,49
CHEMBL227,35501,6,0.2,4.0,49,49,49,49
CHEMBL227,35501,6,0.2,6.0,49,49,49,49
CHEMBL227,35501,6,0.3,4.0,49,49,49,49
CHEMBL227,35501,6,0.3,6.0,49,49,49,49
CHEMBL227,35501,7,0.2,4.0,50,49,49,49
CHEMBL227,35501,7,0.2,6.0,50,49,49,49
CHEMBL227,35501,7,0.3,4.0,49,49,49,49
CHEMBL227,35501,7,0.3,6.0,49,49,49,49
CHEMBL227,35501,8,0.2,4.0,49,49,49,49
CHEMBL227,35501,8,0.2,6.0,49,49,49,49
CHEMBL227,35501,8,0.3,4.0,49,49,49,49
CHEMBL227,35501,8,0.3,6.0,49,49,49,49
CHEMBL227,35501,9,0.2,4.0,49,49,49,49
CHEMBL227,35501,9,0.2,6.0,49,49,49,49
CHEMBL227,35501,9,0.3,4.0,49,49,49,49
CHEMBL227,35501,9,0.3,6.0,49,49,49,49
CHEMBL231,35501,0,0.2,4.0,46,48,46,48
CHEMBL231,35501,0,0.2,6.0,46,48,46,47
CHEMBL231,35501,0,0.3,4.0,46,48,46,47
CHEMBL231,35501,0,0.3,6.0,45,48,46,46
CHEMBL231,35501,1,0.2,4.0,46,47,46,47
CHEMBL231,35501,1,0.2,6.0,46,47,46,46
CHEMBL231,35501,1,0.3,4.0,45,48,46,47
CHEMBL231,35501,1,0.3,6.0,45,48,46,46
CHEMBL231,35501,2,0.2,4.0,46,48,46,48
CHEMBL231,35501,2,0.2,6.0,46,48,46,47
CHEMBL231,35501,2,0.3,4.0,46,47,46,47
CHEMBL231,35501,2,0.3,6.0,46,47,46,46
CHEMBL231,35501,3,0.2,4.0,46,48,46,48
CHEMBL231,35501,3,0.2,6.0,46,48,46,47
CHEMBL231,35501,3,0.3,4.0,46,47,46,47
CHEMBL231,35501,3,0.3,6.0,46,47,46,47
CHEMBL231,35501,4,0.2,4.0,46,48,46,47
CHEMBL231,35501,4,0.2,6.0,46,48,46,46
CHEMBL231,35501,4,0.3,4.0,46,48,46,48
CHEMBL231,35501,4,0.3,6.0,45,48,46,47
CHEMBL231,35501,5,0.2,4.0,46,48,46,48
CHEMBL231,35501,5,0.2,6.0,46,48,46,47
CHEMBL231,35501,5,0.3,4.0,46,48,46,48
CHEMBL231,35501,5,0.3,6.0,45,48,46,47
CHEMBL231,35501,6,0.2,4.0,46,48,46,47
CHEMBL231,35501,6,0.2,6.0,46,48,46,46
CHEMBL231,35501,6,0.3,4.0,46,47,46,47
CHEMBL231,35501,6,0.3,6.0,46,47,46,46
CHEMBL231,35501,7,0.2,4.0,46,48,46,48
CHEMBL231,35501,7,0.2,6.0,46,48,46,47
CHEMBL231,35501,7,0.3,4.0,45,48,46,47
CHEMBL231,35501,7,0.3,6.0,45,48,46,46
CHEMBL231,35501,8,0.2,4.0,46,47,46,47
CHEMBL231,35501,8,0.2,6.0,46,47,46,46
CHEMBL231,35501,8,0.3,4.0,46,48,46,47
CHEMBL231,35501,8,0.3,6.0,45,48,46,46
CHEMBL231,35501,9,0.2,4.0,46,48,46,48
CHEMBL231,35501,9,0.2,6.0,46,48,46,48
CHEMBL231,35501,9,0.3,4.0,45,47,46,46
CHEMBL231,35501,9,0.3,6.0,45,47,46,45
CHEMBL232,35501,0,0.2,4.0,40,42,43,41
CHEMBL232,35501,0,0.2,6.0,40,42,43,42
CHEMBL232,35501,0,0.3,4.0,40,43,43,43
CHEMBL232,35501,0,0.3,6.0,40,43,44,44
CHEMBL232,35501,1,0.2,4.0,41,42,42,42
CHEMBL232,35501,1,0.2,6.0,40,42,42,42
CHEMBL232,35501,1,0.3,4.0,39,42,41,42
CHEMBL232,35501,1,0.3,6.0,39,42,42,42
CHEMBL232,35501,2,0.2,4.0,41,41,43,42
CHEMBL232,35501,2,0.2,6.0,40,41,43,43
CHEMBL232,35501,2,0.3,4.0,40,41,41,41
CHEMBL232,35501,2,0.3,6.0,39,41,42,42
CHEMBL232,35501,3,0.2,4.0,41,42,43,43
CHEMBL232,35501,3,0.2,6.0,40,42,43,43
CHEMBL232,35501,3,0.3,4.0,40,43,43,43
CHEMBL232,35501,3,0.3,6.0,40,43,44,44
CHEMBL232,35501,4,0.2,4.0,40,43,42,42
CHEMBL232,35501,4,0.2,6.0,40,43,42,42
CHEMBL232,35501,4,0.3,4.0,40,42,41,42
CHEMBL232,35501,4,0.3,6.0,40,42,42,42
CHEMBL232,35501,5,0.2,4.0,40,42,42,42
CHEMBL232,35501,5,0.2,6.0,40,42,43,43
CHEMBL232,35501,5,0.3,4.0,40,43,43,43
CHEMBL232,35501,5,0.3,6.0,40,43,43,43
CHEMBL232,35501,6,0.2,4.0,40,42,41,41
CHEMBL232,35501,6,0.2,6.0,40,42,42,42
CHEMBL232,35501,6,0.3,4.0,40,42,42,42
CHEMBL232,35501,6,0.3,6.0,39,42,42,42
CHEMBL232,35501,7,0.2,4.0,40,42,42,42
CHEMBL232,35501,7,0.2,6.0,40,42,43,43
CHEMBL232,35501,7,0.3,4.0,40,42,43,43
CHEMBL232,35501,7,0.3,6.0,39,42,43,43
CHEMBL232,35501,8,0.2,4.0,40,42,42,41
CHEMBL232,35501,8,0.2,6.0,40,41,42,42
CHEMBL232,35501,8,0.3,4.0,39,43,42,41
CHEMBL232,35501,8,0.3,6.0,39,43,42,41
CHEMBL232,35501,9,0.2,4.0,41,43,42,43
CHEMBL232,35501,9,0.2,6.0,41,43,42,43
CHEMBL232,35501,9,0.3,4.0,40,43,42,43
CHEMBL232,35501,9,0.3,6.0,40,43,42,43
CHEMBL234,35501,0,0.2,4.0,48,48,48,48
CHEMBL234,35501,0,0.2,6.0,47,48,48,48
CHEMBL234,35501,0,0.3,4.0,49,48,48,48
CHEMBL234,35501,0,0.3,6.0,46,48,48,48
CHEMBL234,35501,1,0.2,4.0,49,48,48,48
CHEMBL234,35501,1,0.2,6.0,47,48,48,48
CHEMBL234,35501,1,0.3,4.0,48,48,48,48
CHEMBL234,35501,1,0.3,6.0,46,48,48,48
CHEMBL234,35501,2,0.2,4.0,48,48,48,48
CHEMBL234,35501,2,0.2,6.0,47,48,48,48
CHEMBL234,35501,2,0.3,4.0,48,48,48,48
CHEMBL234,35501,2,0.3,6.0,46,48,48,48
CHEMBL234,35501,3,0.2,4.0,48,48,48,48
CHEMBL234,35501,3,0.2,6.0,47,48,48,48
CHEMBL234,35501,3,0.3,4.0,49,48,48,48
CHEMBL234,35501,3,0.3,6.0,46,48,48,48
CHEMBL234,35501,4,0.2,4.0,48,48,48,48
CHEMBL234,35501,4,0.2,6.0,47,48,48,48
CHEMBL234,35501,4,0.3,4.0,49,48,48,48
CHEMBL234,35501,4,0.3,6.0,46,48,48,48
CHEMBL234,35501,5,0.2,4.0,48,48,48,48
CHEMBL234,35501,5,0.2,6.0,47,48,48,48
CHEMBL234,35501,5,0.3,4.0,48,48,48,48
CHEMBL234,35501,5,0.3,6.0,46,48,48,48
CHEMBL234,35501,6,0.2,4.0,49,48,48,48
CHEMBL234,35501,6,0.2,6.0,47,48,48,48
CHEMBL234,35501,6,0.3,4.0,48,48,48,48
CHEMBL234,35501,6,0.3,6.0,46,48,48,48
CHEMBL234,35501,7,0.2,4.0,49,48,48,48
CHEMBL234,35501,7,0.2,6.0,47,48,48,48
CHEMBL234,35501,7,0.3,4.0,48,48,48,48
CHEMBL234,35501,7,0.3,6.0,46,48,48,48
CHEMBL234,35501,8,0.2,4.0,49,48,48,48
CHEMBL234,35501,8,0.2,6.0,47,48,48,48
CHEMBL234,35501,8,0.3,4.0,49,48,48,48
CHEMBL234,35501,8,0.3,6.0,46,48,48,48
CHEMBL234,35501,9,0.2,4.0,49,48,48,48
CHEMBL234,35501,9,0.2,6.0,47,48,48,48
CHEMBL234,35501,9,0.3,4.0,48,48,48,48
CHEMBL234,35501,9,0.3,6.0,46,48,48,48
CHEMBL236,35501,0,0.2,4.0,47,49,49,49
CHEMBL236,35501,0,0.2,6.0,46,49,49,50
CHEMBL236,35501,0,0.3,4.0,47,49,49,49
CHEMBL236,35501,0,0.3,6.0,45,49,49,50
CHEMBL236,35501,1,0.2,4.0,49,50,50,49
CHEMBL236,35501,1,0.2,6.0,46,50,50,49
CHEMBL236,35501,1,0.3,4.0,46,50,50,50
CHEMBL236,35501,1,0.3,6.0,45,50,50,50
CHEMBL236,35501,2,0.2,4.0,49,50,50,50
CHEMBL236,35501,2,0.2,6.0,47,50,50,50
CHEMBL236,35501,2,0.3,4.0,47,49,49,50
CHEMBL236,35501,2,0.3,6.0,45,49,49,50
CHEMBL236,35501,3,0.2,4.0,48,50,50,50
CHEMBL236,35501,3,0.2,6.0,46,50,50,50
CHEMBL236,35501,3,0.3,4.0,47,50,50,49
CHEMBL236,35501,3,0.3,6.0,44,50,50,49
CHEMBL236,35501,4,0.2,4.0,47,50,50,49
CHEMBL236,35501,4,0.2,6.0,46,50,50,50
CHEMBL236,35501,4,0.3,4.0,47,50,50,50
CHEMBL236,35501,4,0.3,6.0,44,50,50,50
CHEMBL236,35501,5,0.2,4.0,49,50,50,49
CHEMBL236,35501,5,0.2,6.0,46,50,50,50
CHEMBL236,35501,5,0.3,4.0,47,50,50,49
CHEMBL236,35501,5,0.3,6.0,45,50,50,50
CHEMBL236,35501,6,0.2,4.0,49,50,50,50
CHEMBL236,35501,6,0.2,6.0,46,50,50,50
CHEMBL236,35501,6,0.3,4.0,47,50,50,50
CHEMBL236,35501,6,0.3,6.0,46,50,50,50
CHEMBL236,35501,7,0.2,4.0,49,50,50,50
CHEMBL236,35501,7,0.2,6.0,46,50,50,50
CHEMBL236,35501,7,0.3,4.0,46,50,50,49
CHEMBL236,35501,7,0.3,6.0,44,50,50,50
CHEMBL236,35501,8,0.2,4.0,48,50,50,49
CHEMBL236,35501,8,0.2,6.0,46,50,50,50
CHEMBL236,35501,8,0.3,4.0,46,50,50,49
CHEMBL236,35501,8,0.3,6.0,44,50,50,50
CHEMBL236,35501,9,0.2,4.0,50,50,50,50
CHEMBL236,35501,9,0.2,6.0,47,50,50,50
CHEMBL236,35501,9,0.3,4.0,46,50,50,48
CHEMBL236,35501,9,0.3,6.0,45,50,50,49
CHEMBL238,35501,0,0.2,4.0,42,45,43,43
CHEMBL238,35501,0,0.2,6.0,41,45,43,43
CHEMBL238,35501,0,0.3,4.0,41,45,44,42
CHEMBL238,35501,0,0.3,6.0,38,45,44,44
CHEMBL238,35501,1,0.2,4.0,44,45,44,44
CHEMBL238,35501,1,0.2,6.0,42,45,44,44
CHEMBL238,35501,1,0.3,4.0,42,45,44,42
CHEMBL238,35501,1,0.3,6.0,40,45,44,43
CHEMBL238,35501,2,0.2,4.0,43,45,44,45
CHEMBL238,35501,2,0.2,6.0,41,45,44,45
CHEMBL238,35501,2,0.3,4.0,42,45,44,44
CHEMBL238,35501,2,0.3,6.0,39,45,44,44
CHEMBL238,35501,3,0.2,4.0,45,45,44,43
CHEMBL238,35501,3,0.2,6.0,42,45,44,44
CHEMBL238,35501,3,0.3,4.0,42,45,44,42
CHEMBL238,35501,3,0.3,6.0,39,45,44,43
CHEMBL238,35501,4,0.2,4.0,43,45,44,43
CHEMBL238,35501,4,0.2,6.0,42,45,44,44
CHEMBL238,35501,4,0.3,4.0,41,44,43,42
CHEMBL238,35501,4,0.3,6.0,40,44,43,43
CHEMBL238,35501,5,0.2,4.0,43,45,44,42
CHEMBL238,35501,5,0.2,6.0,42,45,44,43
CHEMBL238,35501,5,0.3,4.0,40,45,45,45
CHEMBL238,35501,5,0.3,6.0,39,45,45,45
CHEMBL238,35501,6,0.2,4.0,44,45,44,43
CHEMBL238,35501,6,0.2,6.0,42,45,44,44
CHEMBL238,35501,6,0.3,4.0,41,45,45,44
CHEMBL238,35501,6,0.3,6.0,38,45,45,44
CHEMBL238,35501,7,0.2,4.0,42,45,44,45
CHEMBL238,35501,7,0.2,6.0,41,45,44,45
CHEMBL238,35501,7,0.3,4.0,41,45,44,42
CHEMBL238,35501,7,0.3,6.0,39,45,44,43
CHEMBL238,35501,8,0.2,4.0,44,45,44,44
CHEMBL238,35501,8,0.2,6.0,43,45,44,44
CHEMBL238,35501,8,0.3,4.0,41,45,45,43
CHEMBL238,35501,8,0.3,6.0,39,45,45,43
CHEMBL238,35501,9,0.2,4.0,44,45,45,45
CHEMBL238,35501,9,0.2,6.0,42,45,45,45
CHEMBL238,35501,9,0.3,4.0,40,45,44,45
CHEMBL238,35501,9,0.3,6.0,38,45,44,45
CHEMBL239,35501,0,0.2,4.0,30,33,32,33
CHEMBL239,35501,0,0.2,6.0,30,33,34,35
CHEMBL239,35501,0,0.3,4.0,29,33,33,33
CHEMBL239,35501,0,0.3,6.0,29,33,34,35
CHEMBL239,35501,1,0.2,4.0,31,33,32,33
CHEMBL239,35501,1,0.2,6.0,31,33,33,34
CHEMBL239,35501,1,0.3,4.0,29,32,32,33
CHEMBL239,35501,1,0.3,6.0,29,32,35,36
CHEMBL239,35501,2,0.2,4.0,30,32,32,33
CHEMBL239,35501,2,0.2,6.0,30,32,33,34
CHEMBL239,35501,2,0.3,4.0,29,32,32,33
CHEMBL239,35501,2,0.3,6.0,29,32,34,36
CHEMBL239,35501,3,0.2,4.0,31,33,33,34
CHEMBL239,35501,3,0.2,6.0,31,33,34,34
CHEMBL239,35501,3,0.3,4.0,28,31,32,33
CHEMBL239,35501,3,0.3,6.0,28,31,34,35
CHEMBL239,35501,4,0.2,4.0,31,33,33,32
CHEMBL239,35501,4,0.2,6.0,31,33,33,33
CHEMBL239,35501,4,0.3,4.0,29,32,32,32
CHEMBL239,35501,4,0.3,6.0,29,32,33,34
CHEMBL239,35501,5,0.2,4.0,31,33,33,33
CHEMBL239,35501,5,0.2,6.0,31,33,34,34
CHEMBL239,35501,5,0.3,4.0,30,32,32,31
CHEMBL239,35501,5,0.3,6.0,30,32,33,33
CHEMBL239,35501,6,0.2,4.0,31,33,33,34
CHEMBL239,35501,6,0.2,6.0,31,33,33,34
CHEMBL239,35501,6,0.3,4.0,30,32,32,32
CHEMBL239,35501,6,0.3,6.0,30,32,33,35
CHEMBL239,35501,7,0.2,4.0,30,33,32,34
CHEMBL239,35501,7,0.2,6.0,30,33,33,34
CHEMBL239,35501,7,0.3,4.0,29,32,32,33
CHEMBL239,35501,7,0.3,6.0,29,32,34,35
CHEMBL239,35501,8,0.2,4.0,31,32,32,31
CHEMBL239,35501,8,0.2,6.0,31,32,32,34
CHEMBL239,35501,8,0.3,4.0,28,31,32,32
CHEMBL239,35501,8,0.3,6.0,28,31,34,35
CHEMBL239,35501,9,0.2,4.0,30,33,33,34
CHEMBL239,35501,9,0.2,6.0,30,33,34,35
CHEMBL239,35501,9,0.3,4.0,30,32,32,32
CHEMBL239,35501,9,0.3,6.0,30,32,32,34
