task,seed,method,hits
GPCR,1,multi_fp_rf,39
GPCR,1,frozen_molformer_xgb,35
GPCR,1,rank_fusion_rf_20,37
GPCR,1,rank_fusion_rf_50,37
GPCR,1,rank_fusion_rf_80,37
GPCR,2,multi_fp_rf,36
GPCR,2,frozen_molformer_xgb,33
GPCR,2,rank_fusion_rf_20,35
GPCR,2,rank_fusion_rf_50,33
GPCR,2,rank_fusion_rf_80,36
GPCR,3,multi_fp_rf,42
GPCR,3,frozen_molformer_xgb,40
GPCR,3,rank_fusion_rf_20,41
GPCR,3,rank_fusion_rf_50,41
GPCR,3,rank_fusion_rf_80,42
GPCR,4,multi_fp_rf,39
GPCR,4,frozen_molformer_xgb,38
GPCR,4,rank_fusion_rf_20,39
GPCR,4,rank_fusion_rf_50,38
GPCR,4,rank_fusion_rf_80,39
GPCR,5,multi_fp_rf,41
GPCR,5,frozen_molformer_xgb,35
GPCR,5,rank_fusion_rf_20,36
GPCR,5,rank_fusion_rf_50,38
GPCR,5,rank_fusion_rf_80,39
GPCR_2,1,multi_fp_rf,19
GPCR_2,1,frozen_molformer_xgb,22
GPCR_2,1,rank_fusion_rf_20,21
GPCR_2,1,rank_fusion_rf_50,21
GPCR_2,1,rank_fusion_rf_80,20
GPCR_2,2,multi_fp_rf,19
GPCR_2,2,frozen_molformer_xgb,20
GPCR_2,2,rank_fusion_rf_20,19
GPCR_2,2,rank_fusion_rf_50,19
GPCR_2,2,rank_fusion_rf_80,20
GPCR_2,3,multi_fp_rf,18
GPCR_2,3,frozen_molformer_xgb,20
GPCR_2,3,rank_fusion_rf_20,20
GPCR_2,3,rank_fusion_rf_50,19
GPCR_2,3,rank_fusion_rf_80,18
GPCR_2,4,multi_fp_rf,18
GPCR_2,4,frozen_molformer_xgb,16
GPCR_2,4,rank_fusion_rf_20,17
GPCR_2,4,rank_fusion_rf_50,17
GPCR_2,4,rank_fusion_rf_80,16
GPCR_2,5,multi_fp_rf,19
GPCR_2,5,frozen_molformer_xgb,19
GPCR_2,5,rank_fusion_rf_20,18
GPCR_2,5,rank_fusion_rf_50,18
GPCR_2,5,rank_fusion_rf_80,19
channel_atp,1,multi_fp_rf,47
channel_atp,1,frozen_molformer_xgb,41
channel_atp,1,rank_fusion_rf_20,42
channel_atp,1,rank_fusion_rf_50,44
channel_atp,1,rank_fusion_rf_80,46
channel_atp,2,multi_fp_rf,38
channel_atp,2,frozen_molformer_xgb,41
channel_atp,2,rank_fusion_rf_20,41
channel_atp,2,rank_fusion_rf_50,43
channel_atp,2,rank_fusion_rf_80,40
channel_atp,3,multi_fp_rf,43
channel_atp,3,frozen_molformer_xgb,41
channel_atp,3,rank_fusion_rf_20,42
channel_atp,3,rank_fusion_rf_50,42
channel_atp,3,rank_fusion_rf_80,42
channel_atp,4,multi_fp_rf,39
channel_atp,4,frozen_molformer_xgb,39
channel_atp,4,rank_fusion_rf_20,39
channel_atp,4,rank_fusion_rf_50,39
channel_atp,4,rank_fusion_rf_80,39
channel_atp,5,multi_fp_rf,37
channel_atp,5,frozen_molformer_xgb,39
channel_atp,5,rank_fusion_rf_20,38
channel_atp,5,rank_fusion_rf_50,38
channel_atp,5,rank_fusion_rf_80,39
cysteine_protease,1,multi_fp_rf,29
cysteine_protease,1,frozen_molformer_xgb,26
cysteine_protease,1,rank_fusion_rf_20,27
cysteine_protease,1,rank_fusion_rf_50,26
cysteine_protease,1,rank_fusion_rf_80,26
cysteine_protease,2,multi_fp_rf,32
cysteine_protease,2,frozen_molformer_xgb,32
cysteine_protease,2,rank_fusion_rf_20,31
cysteine_protease,2,rank_fusion_rf_50,32
cysteine_protease,2,rank_fusion_rf_80,33
cysteine_protease,3,multi_fp_rf,32
cysteine_protease,3,frozen_molformer_xgb,33
cysteine_protease,3,rank_fusion_rf_20,33
cysteine_protease,3,rank_fusion_rf_50,30
cysteine_protease,3,rank_fusion_rf_80,32
cysteine_protease,4,multi_fp_rf,35
cysteine_protease,4,frozen_molformer_xgb,29
cysteine_protease,4,rank_fusion_rf_20,32
cysteine_protease,4,rank_fusion_rf_50,34
cysteine_protease,4,rank_fusion_rf_80,36
cysteine_protease,5,multi_fp_rf,33
cysteine_protease,5,frozen_molformer_xgb,34
cysteine_protease,5,rank_fusion_rf_20,35
cysteine_protease,5,rank_fusion_rf_50,35
cysteine_protease,5,rank_fusion_rf_80,35
dna_repair,1,multi_fp_rf,41
dna_repair,1,frozen_molformer_xgb,38
dna_repair,1,rank_fusion_rf_20,39
dna_repair,1,rank_fusion_rf_50,40
dna_repair,1,rank_fusion_rf_80,41
dna_repair,2,multi_fp_rf,40
dna_repair,2,frozen_molformer_xgb,38
dna_repair,2,rank_fusion_rf_20,38
dna_repair,2,rank_fusion_rf_50,37
dna_repair,2,rank_fusion_rf_80,40
dna_repair,3,multi_fp_rf,35
dna_repair,3,frozen_molformer_xgb,31
dna_repair,3,rank_fusion_rf_20,32
dna_repair,3,rank_fusion_rf_50,34
dna_repair,3,rank_fusion_rf_80,34
dna_repair,4,multi_fp_rf,38
dna_repair,4,frozen_molformer_xgb,38
dna_repair,4,rank_fusion_rf_20,38
dna_repair,4,rank_fusion_rf_50,37
dna_repair,4,rank_fusion_rf_80,38
dna_repair,5,multi_fp_rf,35
dna_repair,5,frozen_molformer_xgb,38
dna_repair,5,rank_fusion_rf_20,38
dna_repair,5,rank_fusion_rf_50,37
dna_repair,5,rank_fusion_rf_80,36
hsf1,1,multi_fp_rf,26
hsf1,1,frozen_molformer_xgb,26
hsf1,1,rank_fusion_rf_20,27
hsf1,1,rank_fusion_rf_50,29
hsf1,1,rank_fusion_rf_80,27
hsf1,2,multi_fp_rf,26
hsf1,2,frozen_molformer_xgb,29
hsf1,2,rank_fusion_rf_20,29
hsf1,2,rank_fusion_rf_50,28
hsf1,2,rank_fusion_rf_80,27
hsf1,3,multi_fp_rf,30
hsf1,3,frozen_molformer_xgb,32
hsf1,3,rank_fusion_rf_20,31
hsf1,3,rank_fusion_rf_50,30
hsf1,3,rank_fusion_rf_80,30
hsf1,4,multi_fp_rf,25
hsf1,4,frozen_molformer_xgb,25
hsf1,4,rank_fusion_rf_20,26
hsf1,4,rank_fusion_rf_50,27
hsf1,4,rank_fusion_rf_80,25
hsf1,5,multi_fp_rf,28
hsf1,5,frozen_molformer_xgb,25
hsf1,5,rank_fusion_rf_20,27
hsf1,5,rank_fusion_rf_50,28
hsf1,5,rank_fusion_rf_80,28
methylation,1,multi_fp_rf,23
methylation,1,frozen_molformer_xgb,24
methylation,1,rank_fusion_rf_20,25
methylation,1,rank_fusion_rf_50,24
methylation,1,rank_fusion_rf_80,23
methylation,2,multi_fp_rf,27
methylation,2,frozen_molformer_xgb,22
methylation,2,rank_fusion_rf_20,26
methylation,2,rank_fusion_rf_50,27
methylation,2,rank_fusion_rf_80,28
methylation,3,multi_fp_rf,23
methylation,3,frozen_molformer_xgb,24
methylation,3,rank_fusion_rf_20,23
methylation,3,rank_fusion_rf_50,24
methylation,3,rank_fusion_rf_80,24
methylation,4,multi_fp_rf,23
methylation,4,frozen_molformer_xgb,23
methylation,4,rank_fusion_rf_20,24
methylation,4,rank_fusion_rf_50,26
methylation,4,rank_fusion_rf_80,24
methylation,5,multi_fp_rf,27
methylation,5,frozen_molformer_xgb,24
methylation,5,rank_fusion_rf_20,25
methylation,5,rank_fusion_rf_50,28
methylation,5,rank_fusion_rf_80,27
serine,1,multi_fp_rf,7
serine,1,frozen_molformer_xgb,6
serine,1,rank_fusion_rf_20,7
serine,1,rank_fusion_rf_50,8
serine,1,rank_fusion_rf_80,7
serine,2,multi_fp_rf,8
serine,2,frozen_molformer_xgb,10
serine,2,rank_fusion_rf_20,10
serine,2,rank_fusion_rf_50,10
serine,2,rank_fusion_rf_80,8
serine,3,multi_fp_rf,7
serine,3,frozen_molformer_xgb,9
serine,3,rank_fusion_rf_20,9
serine,3,rank_fusion_rf_50,6
serine,3,rank_fusion_rf_80,7
serine,4,multi_fp_rf,5
serine,4,frozen_molformer_xgb,3
serine,4,rank_fusion_rf_20,4
serine,4,rank_fusion_rf_50,4
serine,4,rank_fusion_rf_80,5
serine,5,multi_fp_rf,5
serine,5,frozen_molformer_xgb,5
serine,5,rank_fusion_rf_20,5
serine,5,rank_fusion_rf_50,4
serine,5,rank_fusion_rf_80,4
splicing,1,multi_fp_rf,49
splicing,1,frozen_molformer_xgb,46
splicing,1,rank_fusion_rf_20,47
splicing,1,rank_fusion_rf_50,48
splicing,1,rank_fusion_rf_80,49
splicing,2,multi_fp_rf,49
splicing,2,frozen_molformer_xgb,49
splicing,2,rank_fusion_rf_20,49
splicing,2,rank_fusion_rf_50,49
splicing,2,rank_fusion_rf_80,49
splicing,3,multi_fp_rf,48
splicing,3,frozen_molformer_xgb,47
splicing,3,rank_fusion_rf_20,47
splicing,3,rank_fusion_rf_50,48
splicing,3,rank_fusion_rf_80,48
splicing,4,multi_fp_rf,47
splicing,4,frozen_molformer_xgb,48
splicing,4,rank_fusion_rf_20,49
splicing,4,rank_fusion_rf_50,48
splicing,4,rank_fusion_rf_80,48
splicing,5,multi_fp_rf,49
splicing,5,frozen_molformer_xgb,48
splicing,5,rank_fusion_rf_20,48
splicing,5,rank_fusion_rf_50,50
splicing,5,rank_fusion_rf_80,49
streptokinase,1,multi_fp_rf,28
streptokinase,1,frozen_molformer_xgb,31
streptokinase,1,rank_fusion_rf_20,30
streptokinase,1,rank_fusion_rf_50,33
streptokinase,1,rank_fusion_rf_80,31
streptokinase,2,multi_fp_rf,34
streptokinase,2,frozen_molformer_xgb,33
streptokinase,2,rank_fusion_rf_20,32
streptokinase,2,rank_fusion_rf_50,35
streptokinase,2,rank_fusion_rf_80,32
streptokinase,3,multi_fp_rf,33
streptokinase,3,frozen_molformer_xgb,33
streptokinase,3,rank_fusion_rf_20,35
streptokinase,3,rank_fusion_rf_50,37
streptokinase,3,rank_fusion_rf_80,37
streptokinase,4,multi_fp_rf,32
streptokinase,4,frozen_molformer_xgb,30
streptokinase,4,rank_fusion_rf_20,31
streptokinase,4,rank_fusion_rf_50,33
streptokinase,4,rank_fusion_rf_80,34
streptokinase,5,multi_fp_rf,28
streptokinase,5,frozen_molformer_xgb,28
streptokinase,5,rank_fusion_rf_20,31
streptokinase,5,rank_fusion_rf_50,31
streptokinase,5,rank_fusion_rf_80,31
transcription,1,multi_fp_rf,43
transcription,1,frozen_molformer_xgb,40
transcription,1,rank_fusion_rf_20,40
transcription,1,rank_fusion_rf_50,41
transcription,1,rank_fusion_rf_80,42
transcription,2,multi_fp_rf,37
transcription,2,frozen_molformer_xgb,36
transcription,2,rank_fusion_rf_20,37
transcription,2,rank_fusion_rf_50,37
transcription,2,rank_fusion_rf_80,37
transcription,3,multi_fp_rf,37
transcription,3,frozen_molformer_xgb,34
transcription,3,rank_fusion_rf_20,34
transcription,3,rank_fusion_rf_50,37
transcription,3,rank_fusion_rf_80,36
transcription,4,multi_fp_rf,33
transcription,4,frozen_molformer_xgb,35
transcription,4,rank_fusion_rf_20,35
transcription,4,rank_fusion_rf_50,34
transcription,4,rank_fusion_rf_80,32
transcription,5,multi_fp_rf,39
transcription,5,frozen_molformer_xgb,34
transcription,5,rank_fusion_rf_20,35
transcription,5,rank_fusion_rf_50,37
transcription,5,rank_fusion_rf_80,40
transcription2,1,multi_fp_rf,18
transcription2,1,frozen_molformer_xgb,14
transcription2,1,rank_fusion_rf_20,18
transcription2,1,rank_fusion_rf_50,17
transcription2,1,rank_fusion_rf_80,16
transcription2,2,multi_fp_rf,20
transcription2,2,frozen_molformer_xgb,15
transcription2,2,rank_fusion_rf_20,16
transcription2,2,rank_fusion_rf_50,18
transcription2,2,rank_fusion_rf_80,21
transcription2,3,multi_fp_rf,19
transcription2,3,frozen_molformer_xgb,20
transcription2,3,rank_fusion_rf_20,23
transcription2,3,rank_fusion_rf_50,23
transcription2,3,rank_fusion_rf_80,21
transcription2,4,multi_fp_rf,25
transcription2,4,frozen_molformer_xgb,19
transcription2,4,rank_fusion_rf_20,20
transcription2,4,rank_fusion_rf_50,23
transcription2,4,rank_fusion_rf_80,23
transcription2,5,multi_fp_rf,16
transcription2,5,frozen_molformer_xgb,16
transcription2,5,rank_fusion_rf_20,16
transcription2,5,rank_fusion_rf_50,16
transcription2,5,rank_fusion_rf_80,17
transcription3,1,multi_fp_rf,29
transcription3,1,frozen_molformer_xgb,30
transcription3,1,rank_fusion_rf_20,31
transcription3,1,rank_fusion_rf_50,30
transcription3,1,rank_fusion_rf_80,28
transcription3,2,multi_fp_rf,24
transcription3,2,frozen_molformer_xgb,22
transcription3,2,rank_fusion_rf_20,21
transcription3,2,rank_fusion_rf_50,22
transcription3,2,rank_fusion_rf_80,24
transcription3,3,multi_fp_rf,29
transcription3,3,frozen_molformer_xgb,25
transcription3,3,rank_fusion_rf_20,27
transcription3,3,rank_fusion_rf_50,29
transcription3,3,rank_fusion_rf_80,29
transcription3,4,multi_fp_rf,24
transcription3,4,frozen_molformer_xgb,24
transcription3,4,rank_fusion_rf_20,26
transcription3,4,rank_fusion_rf_50,26
transcription3,4,rank_fusion_rf_80,24
transcription3,5,multi_fp_rf,29
transcription3,5,frozen_molformer_xgb,27
transcription3,5,rank_fusion_rf_20,30
transcription3,5,rank_fusion_rf_50,31
transcription3,5,rank_fusion_rf_80,30
transcription_4,1,multi_fp_rf,50
transcription_4,1,frozen_molformer_xgb,49
transcription_4,1,rank_fusion_rf_20,49
transcription_4,1,rank_fusion_rf_50,49
transcription_4,1,rank_fusion_rf_80,50
transcription_4,2,multi_fp_rf,50
transcription_4,2,frozen_molformer_xgb,49
transcription_4,2,rank_fusion_rf_20,49
transcription_4,2,rank_fusion_rf_50,50
transcription_4,2,rank_fusion_rf_80,50
transcription_4,3,multi_fp_rf,48
transcription_4,3,frozen_molformer_xgb,48
transcription_4,3,rank_fusion_rf_20,48
transcription_4,3,rank_fusion_rf_50,48
transcription_4,3,rank_fusion_rf_80,48
transcription_4,4,multi_fp_rf,49
transcription_4,4,frozen_molformer_xgb,49
transcription_4,4,rank_fusion_rf_20,50
transcription_4,4,rank_fusion_rf_50,50
transcription_4,4,rank_fusion_rf_80,49
transcription_4,5,multi_fp_rf,50
transcription_4,5,frozen_molformer_xgb,48
transcription_4,5,rank_fusion_rf_20,48
transcription_4,5,rank_fusion_rf_50,50
transcription_4,5,rank_fusion_rf_80,50
transcription_5,1,multi_fp_rf,12
transcription_5,1,frozen_molformer_xgb,11
transcription_5,1,rank_fusion_rf_20,11
transcription_5,1,rank_fusion_rf_50,11
transcription_5,1,rank_fusion_rf_80,12
transcription_5,2,multi_fp_rf,13
transcription_5,2,frozen_molformer_xgb,10
transcription_5,2,rank_fusion_rf_20,11
transcription_5,2,rank_fusion_rf_50,11
transcription_5,2,rank_fusion_rf_80,11
transcription_5,3,multi_fp_rf,15
transcription_5,3,frozen_molformer_xgb,14
transcription_5,3,rank_fusion_rf_20,14
transcription_5,3,rank_fusion_rf_50,15
transcription_5,3,rank_fusion_rf_80,15
transcription_5,4,multi_fp_rf,16
transcription_5,4,frozen_molformer_xgb,12
transcription_5,4,rank_fusion_rf_20,13
transcription_5,4,rank_fusion_rf_50,15
transcription_5,4,rank_fusion_rf_80,16
transcription_5,5,multi_fp_rf,9
transcription_5,5,frozen_molformer_xgb,10
transcription_5,5,rank_fusion_rf_20,10
transcription_5,5,rank_fusion_rf_50,11
transcription_5,5,rank_fusion_rf_80,9
zinc_finger,1,multi_fp_rf,28
zinc_finger,1,frozen_molformer_xgb,32
zinc_finger,1,rank_fusion_rf_20,34
zinc_finger,1,rank_fusion_rf_50,33
zinc_finger,1,rank_fusion_rf_80,30
zinc_finger,2,multi_fp_rf,27
zinc_finger,2,frozen_molformer_xgb,28
zinc_finger,2,rank_fusion_rf_20,28
zinc_finger,2,rank_fusion_rf_50,28
zinc_finger,2,rank_fusion_rf_80,27
zinc_finger,3,multi_fp_rf,31
zinc_finger,3,frozen_molformer_xgb,31
zinc_finger,3,rank_fusion_rf_20,30
zinc_finger,3,rank_fusion_rf_50,29
zinc_finger,3,rank_fusion_rf_80,31
zinc_finger,4,multi_fp_rf,29
zinc_finger,4,frozen_molformer_xgb,30
zinc_finger,4,rank_fusion_rf_20,30
zinc_finger,4,rank_fusion_rf_50,28
zinc_finger,4,rank_fusion_rf_80,28
zinc_finger,5,multi_fp_rf,30
zinc_finger,5,frozen_molformer_xgb,29
zinc_finger,5,rank_fusion_rf_20,29
zinc_finger,5,rank_fusion_rf_50,29
zinc_finger,5,rank_fusion_rf_80,31
