"task","seed","method","hits","test_n","test_pos","source","primary_actives","sampled_inactives","cohort_coverage"
"GPCR","1","multifp_rf_replay","39","298","148","data/external_benchmark_sources/AIC_Finder/Datasets/GPCR.csv","5742","114840","1.0"
"GPCR","1","primary_teacher_rf","39","298","148","data/external_benchmark_sources/AIC_Finder/Datasets/GPCR.csv","5742","114840","1.0"
"GPCR","2","multifp_rf_replay","36","304","147","data/external_benchmark_sources/AIC_Finder/Datasets/GPCR.csv","5742","114840","1.0"
"GPCR","2","primary_teacher_rf","34","304","147","data/external_benchmark_sources/AIC_Finder/Datasets/GPCR.csv","5742","114840","1.0"
"GPCR","3","multifp_rf_replay","42","310","156","data/external_benchmark_sources/AIC_Finder/Datasets/GPCR.csv","5742","114840","1.0"
"GPCR","3","primary_teacher_rf","42","310","156","data/external_benchmark_sources/AIC_Finder/Datasets/GPCR.csv","5742","114840","1.0"
"GPCR","4","multifp_rf_replay","39","360","174","data/external_benchmark_sources/AIC_Finder/Datasets/GPCR.csv","5742","114840","1.0"
"GPCR","4","primary_teacher_rf","41","360","174","data/external_benchmark_sources/AIC_Finder/Datasets/GPCR.csv","5742","114840","1.0"
"GPCR","5","multifp_rf_replay","41","300","152","data/external_benchmark_sources/AIC_Finder/Datasets/GPCR.csv","5742","114840","1.0"
"GPCR","5","primary_teacher_rf","41","300","152","data/external_benchmark_sources/AIC_Finder/Datasets/GPCR.csv","5742","114840","1.0"
"GPCR_2","1","multifp_rf_replay","19","208","38","data/external_benchmark_sources/AIC_Finder/Datasets/GPCR_2.csv","1980","39600","1.0"
"GPCR_2","1","primary_teacher_rf","20","208","38","data/external_benchmark_sources/AIC_Finder/Datasets/GPCR_2.csv","1980","39600","1.0"
"GPCR_2","2","multifp_rf_replay","19","208","33","data/external_benchmark_sources/AIC_Finder/Datasets/GPCR_2.csv","1980","39600","1.0"
"GPCR_2","2","primary_teacher_rf","20","208","33","data/external_benchmark_sources/AIC_Finder/Datasets/GPCR_2.csv","1980","39600","1.0"
"GPCR_2","3","multifp_rf_replay","18","204","39","data/external_benchmark_sources/AIC_Finder/Datasets/GPCR_2.csv","1980","39600","1.0"
"GPCR_2","3","primary_teacher_rf","18","204","39","data/external_benchmark_sources/AIC_Finder/Datasets/GPCR_2.csv","1980","39600","1.0"
"GPCR_2","4","multifp_rf_replay","18","222","42","data/external_benchmark_sources/AIC_Finder/Datasets/GPCR_2.csv","1980","39600","1.0"
"GPCR_2","4","primary_teacher_rf","18","222","42","data/external_benchmark_sources/AIC_Finder/Datasets/GPCR_2.csv","1980","39600","1.0"
"GPCR_2","5","multifp_rf_replay","19","206","35","data/external_benchmark_sources/AIC_Finder/Datasets/GPCR_2.csv","1980","39600","1.0"
"GPCR_2","5","primary_teacher_rf","18","206","35","data/external_benchmark_sources/AIC_Finder/Datasets/GPCR_2.csv","1980","39600","1.0"
"channel_atp","1","multifp_rf_replay","47","195","108","data/external_benchmark_sources/AIC_Finder/Datasets/channel_atp.csv","1229","24580","1.0"
"channel_atp","1","primary_teacher_rf","46","195","108","data/external_benchmark_sources/AIC_Finder/Datasets/channel_atp.csv","1229","24580","1.0"
"channel_atp","2","multifp_rf_replay","38","187","89","data/external_benchmark_sources/AIC_Finder/Datasets/channel_atp.csv","1229","24580","1.0"
"channel_atp","2","primary_teacher_rf","38","187","89","data/external_benchmark_sources/AIC_Finder/Datasets/channel_atp.csv","1229","24580","1.0"
"channel_atp","3","multifp_rf_replay","43","198","116","data/external_benchmark_sources/AIC_Finder/Datasets/channel_atp.csv","1229","24580","1.0"
"channel_atp","3","primary_teacher_rf","40","198","116","data/external_benchmark_sources/AIC_Finder/Datasets/channel_atp.csv","1229","24580","1.0"
"channel_atp","4","multifp_rf_replay","39","188","90","data/external_benchmark_sources/AIC_Finder/Datasets/channel_atp.csv","1229","24580","1.0"
"channel_atp","4","primary_teacher_rf","39","188","90","data/external_benchmark_sources/AIC_Finder/Datasets/channel_atp.csv","1229","24580","1.0"
"channel_atp","5","multifp_rf_replay","37","193","104","data/external_benchmark_sources/AIC_Finder/Datasets/channel_atp.csv","1229","24580","1.0"
"channel_atp","5","primary_teacher_rf","37","193","104","data/external_benchmark_sources/AIC_Finder/Datasets/channel_atp.csv","1229","24580","1.0"
