target,fusion_mean,fusion_seed_sd,rf_mean,rf_seed_sd,fusion_minus_rf
CHEMBL1824,50.0,0.0,49.4,0.547722557505166,0.6000000000000014
CHEMBL1825,48.144999999999996,0.7778978081984811,48.2,0.8366600265340751,-0.05500000000000682
CHEMBL1827,49.35,0.0,49.32,0.041079191812889014,0.030000000000001137
CHEMBL1829,45.980000000000004,0.3759986702104162,43.94,0.29025850547400234,2.0400000000000063
CHEMBL1833,37.345,1.076220237683715,35.28,1.5295424152340487,2.0649999999999977
CHEMBL1836,45.985,0.18674849396982834,45.480000000000004,0.11374313166077002,0.5049999999999955
CHEMBL1841,16.61,0.8720665112249175,16.6,0.8944271909999157,0.00999999999999801
CHEMBL1844,49.6,0.547722557505166,49.8,0.14142135623730837,-0.19999999999999574
CHEMBL1862,49.68,0.40942032191868527,49.56,0.1506237033139197,0.11999999999999744
CHEMBL1865,49.725,0.33541019662496835,49.4,0.7826237921249259,0.32500000000000284
CHEMBL1867,36.135000000000005,0.8668549474969846,35.875,0.6344288770224787,0.2600000000000051
CHEMBL1868,44.225,0.7314369419163902,44.21,0.7659960835409034,0.015000000000000568
CHEMBL1871,40.08,0.5652433104425052,39.75,0.4720301897124799,0.3299999999999983
CHEMBL1873,26.0,0.0,26.0,0.0,0.0
CHEMBL1889,48.0,0.0,48.4,0.5477225575051667,-0.3999999999999986
CHEMBL1898,49.4,0.547722557505166,49.4,0.5477225575051652,0.0
CHEMBL1899,37.05,0.31474195780035197,36.24,0.44637428241331334,0.8099999999999952
CHEMBL1902,31.0,0.0,31.0,0.0,0.0
CHEMBL1904,31.855,0.2138924963620755,31.75,0.8192984804086958,0.10500000000000043
CHEMBL1906,49.0,0.0,49.0,0.0,0.0
CHEMBL1908,43.989999999999995,0.25653947064730553,43.3,0.29999999999999866,0.6899999999999977
CHEMBL1913,47.605000000000004,0.30892960363163346,47.575,0.39131189606246397,0.030000000000001137
CHEMBL1914,47.96,0.08944271909999356,47.0,0.0,0.9600000000000009
CHEMBL1936,46.18,0.5791696642608298,45.42,0.902496537389481,0.759999999999998
CHEMBL1937,44.455,0.6757865787362163,43.37,0.6778642932032929,1.0850000000000009
CHEMBL1941,23.0,0.0,23.0,0.0,0.0
CHEMBL1942,22.0,0.0,22.0,0.0,0.0
CHEMBL1951,15.75,0.5817538139110052,14.85,0.6449321669757221,0.9000000000000004
CHEMBL1955,35.925,0.9725931831963451,36.8,0.44721359549995765,-0.875
CHEMBL1957,50.0,0.0,50.0,0.0,0.0
