definition,selection_block_col,artifact_fraction,logit_boost,budget_label,method,true_hits,fdp,unique_blocks,max_block_share,mean_pairwise_tanimoto,delta_true_hits_vs_bh,delta_fdp_vs_bh,delta_unique_blocks_vs_bh,delta_max_block_share_vs_bh,delta_mean_pairwise_tanimoto_vs_bh,n_target_reps
analog,analog_series_block,0.0,0.0,100,bh,88.3,0.1124117647058823,42.2,0.2437647058823529,0.2636483713984489,0.0,0.0,0.0,0.0,0.0,500
analog,analog_series_block,0.0,0.0,100,chemdeprc_cap1,63.7,0.3118326565154444,90.1,0.0116366889692283,0.1683658748865127,-24.599999999999994,0.1994208918095621,47.89999999999999,-0.23212801691312462,-0.09528249651193618,500
analog,analog_series_block,0.0,0.0,100,chemdeprc_scoresoft50,82.0,0.175074074074074,57.7,0.0568148148148148,0.2079961314797401,-6.299999999999997,0.0626623093681917,15.5,-0.18694989106753812,-0.05565223991870877,500
analog,analog_series_block,0.0,0.0,100,chemdeprc_soft75,76.3,0.232074074074074,77.2,0.0348148148148148,0.1869308903813362,-12.0,0.1196623093681917,35.0,-0.2089498910675381,-0.07671748101711268,500
analog,analog_series_block,0.0,0.0,100,weighted_bh,81.3,0.174079365079365,70.3,0.0683492063492063,0.196743257343769,-7.0,0.061667600373482706,28.099999999999994,-0.1754154995331466,-0.06690511405467989,500
hybrid75,hybrid75_block,0.0,0.0,100,bh,88.3,0.1124117647058823,42.2,0.2437647058823529,0.2636483713984489,0.0,0.0,0.0,0.0,0.0,500
hybrid75,hybrid75_block,0.0,0.0,100,chemdeprc_cap1,63.4,0.3248443152215514,91.4,0.0113010179190228,0.167902748286724,-24.9,0.2124325505156691,49.2,-0.2324636879633301,-0.09574562311172488,500
hybrid75,hybrid75_block,0.0,0.0,100,chemdeprc_scoresoft50,82.1,0.174390243902439,56.8,0.0586341463414634,0.2082509711384773,-6.200000000000003,0.06197847919655672,14.599999999999994,-0.18513055954088953,-0.055397400259971585,500
hybrid75,hybrid75_block,0.0,0.0,100,chemdeprc_soft75,76.5,0.2325555555555555,76.7,0.0333333333333333,0.186172953248024,-11.799999999999997,0.1201437908496732,34.5,-0.2104313725490196,-0.07747541815042489,500
hybrid75,hybrid75_block,0.0,0.0,100,weighted_bh,81.9,0.1731052631578947,71.4,0.0652631578947368,0.1949010267853737,-6.3999999999999915,0.06069349845201241,29.200000000000003,-0.1785015479876161,-0.06874734461307519,500
murcko,murcko_scaffold,0.0,0.0,100,bh,88.3,0.1124117647058823,42.2,0.2437647058823529,0.2636483713984489,0.0,0.0,0.0,0.0,0.0,500
murcko,murcko_scaffold,0.0,0.0,100,chemdeprc_cap1,70.6,0.2660552200172562,93.7,0.0109551337359792,0.1777246803045273,-17.700000000000003,0.15364345531137388,51.5,-0.2328095721463737,-0.08592369109392159,500
murcko,murcko_scaffold,0.0,0.0,100,chemdeprc_scoresoft50,83.8,0.157,50.0,0.067,0.2249387174844742,-4.5,0.044588235294117706,7.799999999999997,-0.1767647058823529,-0.038709653913974684,500
murcko,murcko_scaffold,0.0,0.0,100,chemdeprc_soft75,80.4,0.1938241758241758,73.6,0.0351868131868131,0.1971683606505394,-7.8999999999999915,0.0814124111182935,31.39999999999999,-0.2085778926955398,-0.06648001074790949,500
murcko,murcko_scaffold,0.0,0.0,100,weighted_bh,82.3,0.1703544303797468,73.4,0.0580632911392405,0.1979159861803054,-6.0,0.057942665673864496,31.200000000000003,-0.18570141474311241,-0.06573238521814348,500
tanimoto40,tanimoto40_block,0.0,0.0,100,bh,88.3,0.1124117647058823,42.2,0.2437647058823529,0.2636483713984489,0.0,0.0,0.0,0.0,0.0,500
tanimoto40,tanimoto40_block,0.0,0.0,100,chemdeprc_cap1,21.3,0.3956248282110998,34.6,0.0350173231212208,0.1406854793429374,-67.0,0.28321306350521747,-7.600000000000001,-0.2087473827611321,-0.12296289205551147,500
tanimoto40,tanimoto40_block,0.0,0.0,100,chemdeprc_scoresoft50,71.6,0.2799036144578313,59.1,0.1174578313253012,0.1778406396508217,-16.700000000000003,0.167491849751949,16.9,-0.1263068745570517,-0.08580773174762718,500
tanimoto40,tanimoto40_block,0.0,0.0,100,chemdeprc_soft75,70.9,0.2869036144578313,59.9,0.1184578313253012,0.1766899451613426,-17.39999999999999,0.174491849751949,17.699999999999996,-0.1253068745570517,-0.08695842623710628,500
tanimoto40,tanimoto40_block,0.0,0.0,100,weighted_bh,68.0,0.3040689655172414,62.9,0.1218965517241379,0.1680472448468208,-20.299999999999997,0.1916572008113591,20.699999999999996,-0.12186815415821502,-0.09560112655162809,500
tanimoto50,tanimoto50_block,0.0,0.0,100,bh,88.3,0.1124117647058823,42.2,0.2437647058823529,0.2636483713984489,0.0,0.0,0.0,0.0,0.0,500
tanimoto50,tanimoto50_block,0.0,0.0,100,chemdeprc_cap1,31.0,0.3940933043933711,50.4,0.0251412419741916,0.1480915680527687,-57.3,0.28168153968748877,8.199999999999996,-0.21862346390816131,-0.11555680334568016,500
tanimoto50,tanimoto50_block,0.0,0.0,100,chemdeprc_scoresoft50,72.1,0.279,65.4,0.057,0.1691060423851013,-16.200000000000003,0.16658823529411773,23.200000000000003,-0.18676470588235292,-0.09454232901334758,500
tanimoto50,tanimoto50_block,0.0,0.0,100,chemdeprc_soft75,69.0,0.31,69.1,0.054,0.1656911998987197,-19.299999999999997,0.1975882352941177,26.89999999999999,-0.18976470588235292,-0.09795717149972918,500
tanimoto50,tanimoto50_block,0.0,0.0,100,weighted_bh,74.0,0.2533544303797468,67.1,0.1003291139240506,0.17721678763628,-14.299999999999997,0.14094266567386451,24.89999999999999,-0.1434355919583023,-0.08643158376216889,500
tanimoto60,tanimoto60_block,0.0,0.0,100,bh,88.3,0.1124117647058823,42.2,0.2437647058823529,0.2636483713984489,0.0,0.0,0.0,0.0,0.0,500
tanimoto60,tanimoto60_block,0.0,0.0,100,chemdeprc_cap1,43.8,0.3725779557338528,66.5,0.0323061121976066,0.1558108285069465,-44.5,0.26016619102797045,24.299999999999997,-0.21145859368474632,-0.10783754289150238,500
tanimoto60,tanimoto60_block,0.0,0.0,100,chemdeprc_scoresoft50,76.2,0.238,64.5,0.054,0.179004843533039,-12.099999999999994,0.1255882352941177,22.299999999999997,-0.18976470588235292,-0.08464352786540988,500
tanimoto60,tanimoto60_block,0.0,0.0,100,chemdeprc_soft75,69.3,0.307,73.5,0.048,0.1684374496340751,-19.0,0.1945882352941177,31.299999999999997,-0.1957647058823529,-0.09521092176437379,500
tanimoto60,tanimoto60_block,0.0,0.0,100,weighted_bh,75.9,0.2321232876712329,67.7,0.0794794520547945,0.1811550348997116,-12.399999999999991,0.11971152296535059,25.5,-0.16428525382755843,-0.08249333649873727,500
tanimoto70,tanimoto70_block,0.0,0.0,100,bh,88.3,0.1124117647058823,42.2,0.2437647058823529,0.2636483713984489,0.0,0.0,0.0,0.0,0.0,500
tanimoto70,tanimoto70_block,0.0,0.0,100,chemdeprc_cap1,64.0,0.3218249038745933,80.5,0.0476335403726708,0.1685744822025299,-24.299999999999997,0.209413139168711,38.3,-0.19613116550968213,-0.09507388919591897,500
tanimoto70,tanimoto70_block,0.0,0.0,100,chemdeprc_scoresoft50,83.4,0.1593684210526315,54.8,0.0991578947368421,0.2053114339709282,-4.8999999999999915,0.0469566563467492,12.599999999999994,-0.14460681114551083,-0.05833693742752069,500
tanimoto70,tanimoto70_block,0.0,0.0,100,chemdeprc_soft75,76.8,0.2253684210526315,69.6,0.0701578947368421,0.1877259761095047,-11.5,0.1129566563467492,27.39999999999999,-0.1736068111455108,-0.07592239528894418,500
tanimoto70,tanimoto70_block,0.0,0.0,100,weighted_bh,79.8,0.19575,69.1,0.077,0.1943665593862533,-8.5,0.08333823529411771,26.89999999999999,-0.16676470588235293,-0.06928181201219558,500
tanimoto80,tanimoto80_block,0.0,0.0,100,bh,88.3,0.1124117647058823,42.2,0.2437647058823529,0.2636483713984489,0.0,0.0,0.0,0.0,0.0,500
tanimoto80,tanimoto80_block,0.0,0.0,100,chemdeprc_cap1,82.8,0.1673333333333333,60.2,0.1679420289855072,0.2239840060472488,-5.5,0.05492156862745101,18.0,-0.07582267689684571,-0.039664365351200076,500
tanimoto80,tanimoto80_block,0.0,0.0,100,chemdeprc_scoresoft50,78.7,0.1037729770857244,35.3,0.2913922072298234,0.2844841763377189,-9.599999999999994,-0.008638787620157892,-6.900000000000006,0.047627501347470486,0.02083580493927001,500
tanimoto80,tanimoto80_block,0.0,0.0,100,chemdeprc_soft75,85.6,0.1356836680761099,48.5,0.2095545865633074,0.2432780399918556,-2.700000000000003,0.02327190337022761,6.299999999999997,-0.03421011931904552,-0.02037033140659328,500
tanimoto80,tanimoto80_block,0.0,0.0,100,weighted_bh,85.7,0.143,57.1,0.163,0.2240490704774856,-2.5999999999999943,0.030588235294117694,14.899999999999999,-0.0807647058823529,-0.03959930092096328,500
analog,analog_series_block,0.0,0.0,50,bh,45.3,0.094,24.1,0.278,0.2954307451844215,0.0,0.0,0.0,0.0,0.0,500
analog,analog_series_block,0.0,0.0,50,chemdeprc_cap1,42.0,0.16,50.0,0.02,0.2013224601745605,-3.299999999999997,0.066,25.9,-0.258,-0.09410828500986096,500
analog,analog_series_block,0.0,0.0,50,chemdeprc_scoresoft50,43.8,0.124,29.5,0.092,0.2552282765507698,-1.5,0.03,5.399999999999999,-0.18600000000000003,-0.04020246863365168,500
analog,analog_series_block,0.0,0.0,50,chemdeprc_soft75,43.7,0.126,41.2,0.044,0.2252315729856491,-1.5999999999999943,0.032,17.1,-0.23400000000000004,-0.07019917219877236,500
analog,analog_series_block,0.0,0.0,50,weighted_bh,43.4,0.132,41.9,0.07,0.2167759120464324,-1.8999999999999986,0.038000000000000006,17.799999999999997,-0.20800000000000002,-0.07865483313798907,500
hybrid75,hybrid75_block,0.0,0.0,50,bh,45.3,0.094,24.1,0.278,0.2954307451844215,0.0,0.0,0.0,0.0,0.0,500
hybrid75,hybrid75_block,0.0,0.0,50,chemdeprc_cap1,42.1,0.158,50.0,0.02,0.2008247837424278,-3.1999999999999957,0.064,25.9,-0.258,-0.09460596144199368,500
hybrid75,hybrid75_block,0.0,0.0,50,chemdeprc_scoresoft50,43.9,0.122,29.0,0.094,0.2532689437270164,-1.3999999999999986,0.027999999999999997,4.899999999999999,-0.18400000000000002,-0.04216180145740506,500
hybrid75,hybrid75_block,0.0,0.0,50,chemdeprc_soft75,43.7,0.126,40.2,0.048,0.224427255988121,-1.5999999999999943,0.032,16.1,-0.23000000000000004,-0.07100348919630048,500
hybrid75,hybrid75_block,0.0,0.0,50,weighted_bh,43.2,0.136,42.3,0.072,0.2112766936421394,-2.0999999999999943,0.04200000000000001,18.199999999999996,-0.20600000000000002,-0.08415405154228206,500
murcko,murcko_scaffold,0.0,0.0,50,bh,45.3,0.094,24.1,0.278,0.2954307451844215,0.0,0.0,0.0,0.0,0.0,500
murcko,murcko_scaffold,0.0,0.0,50,chemdeprc_cap1,43.2,0.136,50.0,0.02,0.2176513776183128,-2.0999999999999943,0.04200000000000001,25.9,-0.258,-0.07777936756610868,500
murcko,murcko_scaffold,0.0,0.0,50,chemdeprc_scoresoft50,44.2,0.11475,25.0,0.113,0.2623938336968422,-1.0999999999999943,0.020750000000000005,0.8999999999999986,-0.16500000000000004,-0.03303691148757926,500
murcko,murcko_scaffold,0.0,0.0,50,chemdeprc_soft75,44.1,0.118,38.0,0.048,0.238258558511734,-1.1999999999999957,0.023999999999999994,13.899999999999999,-0.23000000000000004,-0.057172186672687475,500
murcko,murcko_scaffold,0.0,0.0,50,weighted_bh,43.8,0.124,43.7,0.064,0.2163557007908821,-1.5,0.03,19.6,-0.21400000000000002,-0.07907504439353938,500
tanimoto40,tanimoto40_block,0.0,0.0,50,bh,45.3,0.094,24.1,0.278,0.2954307451844215,0.0,0.0,0.0,0.0,0.0,500
tanimoto40,tanimoto40_block,0.0,0.0,50,chemdeprc_cap1,20.6,0.3884483576228645,32.8,0.0355467348859267,0.1415709778666496,-24.699999999999996,0.2944483576228645,8.699999999999996,-0.24245326511407334,-0.15385976731777187,500
tanimoto40,tanimoto40_block,0.0,0.0,50,chemdeprc_scoresoft50,37.9,0.242,36.7,0.084,0.1670827582478523,-7.399999999999999,0.148,12.600000000000001,-0.194,-0.12834798693656918,500
tanimoto40,tanimoto40_block,0.0,0.0,50,chemdeprc_soft75,35.6,0.288,39.8,0.074,0.1614910140633583,-9.699999999999996,0.19399999999999998,15.699999999999996,-0.20400000000000001,-0.13393973112106317,500
tanimoto40,tanimoto40_block,0.0,0.0,50,weighted_bh,35.1,0.298,38.1,0.118,0.1633795902132988,-10.199999999999996,0.204,14.0,-0.16000000000000003,-0.1320511549711227,500
tanimoto50,tanimoto50_block,0.0,0.0,50,bh,45.3,0.094,24.1,0.278,0.2954307451844215,0.0,0.0,0.0,0.0,0.0,500
tanimoto50,tanimoto50_block,0.0,0.0,50,chemdeprc_cap1,28.6,0.3632318695319362,44.4,0.0273872922202418,0.1495993927121162,-16.699999999999996,0.26923186953193623,20.299999999999997,-0.25061270777975825,-0.14583135247230528,500
tanimoto50,tanimoto50_block,0.0,0.0,50,chemdeprc_scoresoft50,41.0,0.18,38.1,0.064,0.1787350565195083,-4.299999999999997,0.086,14.0,-0.21400000000000002,-0.11669568866491317,500
tanimoto50,tanimoto50_block,0.0,0.0,50,chemdeprc_soft75,36.3,0.274,43.3,0.042,0.1628997713327407,-9.0,0.18000000000000002,19.199999999999996,-0.23600000000000002,-0.13253097385168078,500
tanimoto50,tanimoto50_block,0.0,0.0,50,weighted_bh,39.8,0.204,38.4,0.118,0.1788720592856407,-5.5,0.10999999999999999,14.299999999999997,-0.16000000000000003,-0.11655868589878077,500
tanimoto60,tanimoto60_block,0.0,0.0,50,bh,45.3,0.094,24.1,0.278,0.2954307451844215,0.0,0.0,0.0,0.0,0.0,500
tanimoto60,tanimoto60_block,0.0,0.0,50,chemdeprc_cap1,35.2,0.2837984496124031,48.0,0.034547803617571,0.1650774538516998,-10.099999999999994,0.18979844961240308,23.9,-0.24345219638242901,-0.13035329133272167,500
tanimoto60,tanimoto60_block,0.0,0.0,50,chemdeprc_scoresoft50,43.2,0.136,34.9,0.07,0.2010199755430221,-2.0999999999999943,0.04200000000000001,10.799999999999997,-0.20800000000000002,-0.09441076964139938,500
tanimoto60,tanimoto60_block,0.0,0.0,50,chemdeprc_soft75,40.2,0.196,42.2,0.046,0.1825006693601608,-5.099999999999994,0.10200000000000001,18.1,-0.23200000000000004,-0.11293007582426068,500
tanimoto60,tanimoto60_block,0.0,0.0,50,weighted_bh,41.4,0.172,39.4,0.096,0.1920453339815139,-3.8999999999999986,0.07799999999999999,15.299999999999997,-0.18200000000000002,-0.10338541120290756,500
tanimoto70,tanimoto70_block,0.0,0.0,50,bh,45.3,0.094,24.1,0.278,0.2954307451844215,0.0,0.0,0.0,0.0,0.0,500
tanimoto70,tanimoto70_block,0.0,0.0,50,chemdeprc_cap1,41.2,0.1752653061224489,45.0,0.0701224489795918,0.2010938510298729,-4.099999999999994,0.0812653061224489,20.9,-0.20787755102040822,-0.09433689415454857,500
tanimoto70,tanimoto70_block,0.0,0.0,50,chemdeprc_scoresoft50,44.0,0.1151162790697674,28.7,0.1412558139534883,0.249409607052803,-1.2999999999999972,0.021116279069767402,4.599999999999998,-0.13674418604651173,-0.04602113813161848,500
tanimoto70,tanimoto70_block,0.0,0.0,50,chemdeprc_soft75,43.4,0.132,37.8,0.088,0.2192603766918182,-1.8999999999999986,0.038000000000000006,13.699999999999996,-0.19000000000000003,-0.07617036849260328,500
tanimoto70,tanimoto70_block,0.0,0.0,50,weighted_bh,42.5,0.15,39.5,0.088,0.2128854721784591,-2.799999999999997,0.055999999999999994,15.399999999999999,-0.19000000000000003,-0.08254527300596237,500
tanimoto80,tanimoto80_block,0.0,0.0,50,bh,45.3,0.094,24.1,0.278,0.2954307451844215,0.0,0.0,0.0,0.0,0.0,500
tanimoto80,tanimoto80_block,0.0,0.0,50,chemdeprc_cap1,44.0,0.12,32.5,0.224,0.2641299068927765,-1.2999999999999972,0.025999999999999995,8.399999999999999,-0.05400000000000002,-0.03130083829164498,500
tanimoto80,tanimoto80_block,0.0,0.0,50,chemdeprc_scoresoft50,41.8,0.0787997486384583,19.9,0.2795092864125122,0.3055380791425705,-3.5,-0.015200251361541697,-4.200000000000003,0.0015092864125121896,0.010107333958149,500
tanimoto80,tanimoto80_block,0.0,0.0,50,chemdeprc_soft75,44.6,0.099600370027752,26.3,0.2582849213691027,0.28241818100214,-0.6999999999999957,0.005600370027752002,2.1999999999999993,-0.01971507863089733,-0.013012564182281472,500
tanimoto80,tanimoto80_block,0.0,0.0,50,weighted_bh,43.9,0.122,32.6,0.202,0.2592360123991966,-1.3999999999999986,0.027999999999999997,8.5,-0.07600000000000001,-0.03619473278522489,500
analog,analog_series_block,0.1,4.0,100,bh,80.706,0.19294,38.942,0.25808,0.2604668000340461,0.0,0.0,0.0,0.0,0.0,500
analog,analog_series_block,0.1,4.0,100,chemdeprc_cap1,63.658,0.3331602982833251,94.128,0.0107468900942713,0.1663955424129962,-17.048000000000002,0.1402202982833251,55.186,-0.24733310990572868,-0.0940712576210499,500
analog,analog_series_block,0.1,4.0,100,chemdeprc_scoresoft50,78.01,0.2199,57.6,0.04534,0.202261328369379,-2.695999999999998,0.02696000000000001,18.658,-0.21273999999999998,-0.05820547166466711,500
analog,analog_series_block,0.1,4.0,100,chemdeprc_soft75,74.804,0.25196,79.868,0.02108,0.1827114935219287,-5.902000000000001,0.05902000000000002,40.925999999999995,-0.237,-0.0777553065121174,500
analog,analog_series_block,0.1,4.0,100,weighted_bh,77.14,0.2286,69.248,0.0780199999999999,0.1970487944185733,-3.5660000000000025,0.03566,30.306000000000004,-0.18006000000000008,-0.06341800561547281,500
hybrid75,hybrid75_block,0.1,4.0,100,bh,80.706,0.19294,38.942,0.25808,0.2604668000340461,0.0,0.0,0.0,0.0,0.0,500
hybrid75,hybrid75_block,0.1,4.0,100,chemdeprc_cap1,63.17,0.3435891753975287,94.908,0.0106474462467671,0.1660573022067547,-17.536,0.1506491753975287,55.966,-0.24743255375323286,-0.09440949782729141,500
hybrid75,hybrid75_block,0.1,4.0,100,chemdeprc_scoresoft50,78.942,0.21058,56.548,0.04646,0.2025597505271434,-1.76400000000001,0.01763999999999999,17.606,-0.21161999999999997,-0.0579070495069027,500
hybrid75,hybrid75_block,0.1,4.0,100,chemdeprc_soft75,74.87,0.2513,78.496,0.02144,0.1818364919424057,-5.8359999999999985,0.05836000000000002,39.553999999999995,-0.23663999999999996,-0.0786303080916404,500
hybrid75,hybrid75_block,0.1,4.0,100,weighted_bh,77.414,0.22586,69.35,0.07708,0.1964083591103553,-3.2920000000000016,0.032920000000000005,30.407999999999994,-0.181,-0.06405844092369078,500
murcko,murcko_scaffold,0.1,4.0,100,bh,80.89,0.1911,39.17,0.25548,0.2598283623754978,0.0,0.0,0.0,0.0,0.0,500
murcko,murcko_scaffold,0.1,4.0,100,chemdeprc_cap1,70.32,0.2818015235467828,96.758,0.0103912648679569,0.1762322508692741,-10.570000000000007,0.09070152354678279,57.587999999999994,-0.24508873513204307,-0.08359611150622367,500
murcko,murcko_scaffold,0.1,4.0,100,chemdeprc_scoresoft50,80.14,0.198583790482141,50.0,0.0568098469228366,0.2178920948207378,-0.75,0.007483790482141012,10.829999999999998,-0.19867015307716338,-0.04193626755475999,500
murcko,murcko_scaffold,0.1,4.0,100,chemdeprc_soft75,78.192,0.21808,75.0,0.025,0.1931821480393409,-2.6980000000000075,0.026980000000000004,35.83,-0.23048,-0.06664621433615689,500
murcko,murcko_scaffold,0.1,4.0,100,weighted_bh,77.728,0.22272,70.954,0.0735,0.1989755980372428,-3.162000000000006,0.03162000000000001,31.783999999999992,-0.18197999999999998,-0.06085276433825498,500
tanimoto40,tanimoto40_block,0.1,4.0,100,bh,80.89,0.1911,39.17,0.25548,0.2598283623754978,0.0,0.0,0.0,0.0,0.0,500
tanimoto40,tanimoto40_block,0.1,4.0,100,chemdeprc_cap1,21.138,0.4703133097219224,38.72,0.0432141362555792,0.1372469655275345,-59.751999999999995,0.27921330972192243,-0.45000000000000284,-0.2122658637444208,-0.12258139684796329,500
tanimoto40,tanimoto40_block,0.1,4.0,100,chemdeprc_scoresoft50,62.57,0.3743,60.538,0.09386,0.1612745812237262,-18.32,0.18320000000000003,21.367999999999995,-0.16161999999999999,-0.09855378115177157,500
tanimoto40,tanimoto40_block,0.1,4.0,100,chemdeprc_soft75,61.86,0.3813999999999999,61.572,0.0939599999999999,0.1603285982608795,-19.03,0.1902999999999999,22.402,-0.16152000000000008,-0.09949976411461828,500
tanimoto40,tanimoto40_block,0.1,4.0,100,weighted_bh,62.858,0.37142,62.392,0.12226,0.1650588698089122,-18.032000000000004,0.18031999999999998,23.222,-0.13322,-0.09476949256658557,500
tanimoto50,tanimoto50_block,0.1,4.0,100,bh,80.89,0.1911,39.17,0.25548,0.2598283623754978,0.0,0.0,0.0,0.0,0.0,500
tanimoto50,tanimoto50_block,0.1,4.0,100,chemdeprc_cap1,31.03,0.4471004538135957,54.878,0.0353267740931589,0.1445719021260738,-49.86,0.2560004538135957,15.707999999999998,-0.22015322590684108,-0.11525646024942399,500
tanimoto50,tanimoto50_block,0.1,4.0,100,chemdeprc_scoresoft50,64.26,0.3574,64.85,0.05406,0.1605429001450538,-16.629999999999995,0.1663,25.679999999999993,-0.20142,-0.09928546223044399,500
tanimoto50,tanimoto50_block,0.1,4.0,100,chemdeprc_soft75,61.668,0.38332,71.124,0.04686,0.1560088441967964,-19.222,0.19222,31.953999999999994,-0.20861999999999997,-0.10381951817870139,500
tanimoto50,tanimoto50_block,0.1,4.0,100,weighted_bh,68.176,0.31824,63.304,0.10892,0.1761976187229156,-12.713999999999999,0.12714000000000003,24.134,-0.14655999999999997,-0.08363074365258219,500
tanimoto60,tanimoto60_block,0.1,4.0,100,bh,80.89,0.1911,39.17,0.25548,0.2598283623754978,0.0,0.0,0.0,0.0,0.0,500
tanimoto60,tanimoto60_block,0.1,4.0,100,chemdeprc_cap1,44.012,0.4358896991133914,73.182,0.0450043378056333,0.1507616842091083,-36.878,0.24478969911339143,34.012,-0.2104756621943667,-0.10906667816638949,500
tanimoto60,tanimoto60_block,0.1,4.0,100,chemdeprc_scoresoft50,70.262,0.29738,63.01,0.05578,0.1709633096158504,-10.628,0.10627999999999999,23.839999999999996,-0.1997,-0.08886505275964737,500
tanimoto60,tanimoto60_block,0.1,4.0,100,chemdeprc_soft75,63.422,0.36578,75.444,0.05012,0.1590798153281211,-17.468000000000004,0.17468,36.274,-0.20536,-0.10074854704737668,500
tanimoto60,tanimoto60_block,0.1,4.0,100,weighted_bh,71.164,0.28836,65.314,0.08706,0.1797684566676616,-9.725999999999999,0.09726000000000001,26.14399999999999,-0.16842,-0.08005990570783617,500
tanimoto70,tanimoto70_block,0.1,4.0,100,bh,80.706,0.19294,38.942,0.25808,0.2604668000340461,0.0,0.0,0.0,0.0,0.0,500
tanimoto70,tanimoto70_block,0.1,4.0,100,chemdeprc_cap1,63.202,0.3508542181589392,81.888,0.058072171996763,0.1644911500811577,-17.504000000000005,0.1579142181589392,42.946000000000005,-0.20000782800323696,-0.0959756499528884,500
tanimoto70,tanimoto70_block,0.1,4.0,100,chemdeprc_scoresoft50,78.834,0.2116344680851064,53.332,0.0974527659574468,0.202476094931364,-1.8719999999999999,0.018694468085106386,14.39,-0.1606272340425532,-0.05799070510268209,500
tanimoto70,tanimoto70_block,0.1,4.0,100,chemdeprc_soft75,73.572,0.2642799999999999,71.006,0.06516,0.182379821896553,-7.134,0.0713399999999999,32.064,-0.19291999999999998,-0.0780869781374931,500
tanimoto70,tanimoto70_block,0.1,4.0,100,weighted_bh,75.146,0.2485399999999999,65.626,0.08766,0.1938113454580307,-5.560000000000002,0.0555999999999999,26.684000000000005,-0.17041999999999996,-0.0666554545760154,500
tanimoto80,tanimoto80_block,0.1,4.0,100,bh,80.706,0.19294,38.942,0.25808,0.2604668000340461,0.0,0.0,0.0,0.0,0.0,500
tanimoto80,tanimoto80_block,0.1,4.0,100,chemdeprc_cap1,78.666,0.2132874830782047,57.34,0.1793865646152244,0.2228473955094814,-2.0400000000000063,0.020347483078204692,18.398000000000003,-0.07869343538477558,-0.03761940452456469,500
tanimoto80,tanimoto80_block,0.1,4.0,100,chemdeprc_scoresoft50,72.49,0.1832833455323968,32.212,0.3004375099496547,0.279059798836708,-8.216000000000008,-0.009656654467603193,-6.729999999999997,0.042357509949654704,0.01859299880266191,500
tanimoto80,tanimoto80_block,0.1,4.0,100,chemdeprc_soft75,80.23,0.1909172017715595,45.076,0.2210069625049998,0.2419363247454166,-0.4759999999999991,-0.002022798228440509,6.134,-0.03707303749500018,-0.0185304752886295,500
tanimoto80,tanimoto80_block,0.1,4.0,100,weighted_bh,79.0,0.21,52.594,0.17432,0.2229096045494079,-1.706000000000003,0.017059999999999992,13.652000000000001,-0.08375999999999997,-0.037557195484638206,500
analog,analog_series_block,0.1,4.0,50,bh,39.72,0.2056,22.082,0.29004,0.2914397418498993,0.0,0.0,0.0,0.0,0.0,500
analog,analog_series_block,0.1,4.0,50,chemdeprc_cap1,41.088,0.17824,50.0,0.02,0.2008012247383594,1.368000000000002,-0.027359999999999995,27.918,-0.27004,-0.09063851711153989,500
analog,analog_series_block,0.1,4.0,50,chemdeprc_scoresoft50,40.894,0.18212,29.248,0.07356,0.2431993792653083,1.1739999999999995,-0.02348,7.166,-0.21648,-0.048240362584590996,500
analog,analog_series_block,0.1,4.0,50,chemdeprc_soft75,41.734,0.16532,40.948,0.04204,0.2222643835544586,2.014000000000003,-0.04028000000000001,18.866,-0.24800000000000003,-0.06917535829544069,500
analog,analog_series_block,0.1,4.0,50,weighted_bh,41.134,0.17732,39.872,0.08512,0.2160293454825878,1.4140000000000015,-0.02828,17.79,-0.20492000000000002,-0.0754103963673115,500
hybrid75,hybrid75_block,0.1,4.0,50,bh,39.72,0.2056,22.082,0.29004,0.2914397418498993,0.0,0.0,0.0,0.0,0.0,500
hybrid75,hybrid75_block,0.1,4.0,50,chemdeprc_cap1,41.14,0.1772,50.0,0.02,0.200506755143404,1.4200000000000017,-0.02840000000000001,27.918,-0.27004,-0.0909329867064953,500
hybrid75,hybrid75_block,0.1,4.0,50,chemdeprc_scoresoft50,41.076,0.17848,28.812,0.0764,0.2427910690903663,1.3560000000000016,-0.027120000000000005,6.73,-0.21364000000000002,-0.048648672759532996,500
hybrid75,hybrid75_block,0.1,4.0,50,chemdeprc_soft75,41.754,0.16492,40.036,0.04448,0.2201529987156391,2.033999999999999,-0.040679999999999994,17.954,-0.24556000000000003,-0.0712867431342602,500
hybrid75,hybrid75_block,0.1,4.0,50,weighted_bh,40.728,0.18544,40.27,0.08712,0.2102726910710334,1.0080000000000027,-0.02016000000000001,18.188000000000002,-0.20292000000000002,-0.08116705077886588,500
murcko,murcko_scaffold,0.1,4.0,50,bh,39.89,0.2022,22.19,0.28884,0.2908024113476276,0.0,0.0,0.0,0.0,0.0,500
murcko,murcko_scaffold,0.1,4.0,50,chemdeprc_cap1,42.426,0.15148,50.0,0.02,0.2162022958993911,2.5360000000000014,-0.05071999999999999,27.81,-0.26883999999999997,-0.07460011544823647,500
murcko,murcko_scaffold,0.1,4.0,50,chemdeprc_scoresoft50,40.72,0.1855434751773049,25.0,0.0946821985815602,0.2480055471658706,0.8299999999999983,-0.016656524822695085,2.8099999999999987,-0.1941578014184398,-0.04279686418175699,500
murcko,murcko_scaffold,0.1,4.0,50,chemdeprc_soft75,41.812,0.16376,38.0,0.04628,0.2335561486184597,1.921999999999997,-0.03844,15.809999999999999,-0.24256,-0.057246262729167885,500
murcko,murcko_scaffold,0.1,4.0,50,weighted_bh,41.662,0.16676,41.686,0.07848,0.2151925919950008,1.7719999999999985,-0.03544,19.496,-0.21036,-0.07560981935262678,500
tanimoto40,tanimoto40_block,0.1,4.0,50,bh,39.89,0.2022,22.19,0.28884,0.2908024113476276,0.0,0.0,0.0,0.0,0.0,500
tanimoto40,tanimoto40_block,0.1,4.0,50,chemdeprc_cap1,20.244,0.4644755958948967,36.6,0.0438095199085658,0.1379887979030609,-19.646,0.2622755958948967,14.41,-0.2450304800914342,-0.15281361344456668,500
tanimoto40,tanimoto40_block,0.1,4.0,50,chemdeprc_scoresoft50,33.226,0.33548,35.222,0.07816,0.1573462394475936,-6.6640000000000015,0.13328,13.032,-0.21067999999999998,-0.13345617190003398,500
tanimoto40,tanimoto40_block,0.1,4.0,50,chemdeprc_soft75,31.198,0.37604,39.464,0.0628,0.1499894178807735,-8.692,0.17384,17.273999999999997,-0.22604,-0.14081299346685408,500
tanimoto40,tanimoto40_block,0.1,4.0,50,weighted_bh,31.538,0.36924,34.876,0.13264,0.1637384483814239,-8.352,0.16704000000000002,12.685999999999996,-0.15619999999999998,-0.12706396296620368,500
tanimoto50,tanimoto50_block,0.1,4.0,50,bh,39.89,0.2022,22.19,0.28884,0.2908024113476276,0.0,0.0,0.0,0.0,0.0,500
tanimoto50,tanimoto50_block,0.1,4.0,50,chemdeprc_cap1,27.898,0.4081926533958798,45.936,0.0407157752242054,0.1470863837599754,-11.992,0.2059926533958798,23.746,-0.2481242247757946,-0.14371602758765217,500
tanimoto50,tanimoto50_block,0.1,4.0,50,chemdeprc_scoresoft50,36.408,0.2718399999999999,36.038,0.06392,0.1739042915403842,-3.4819999999999993,0.06963999999999992,13.847999999999995,-0.22491999999999998,-0.11689811980724338,500
tanimoto50,tanimoto50_block,0.1,4.0,50,chemdeprc_soft75,33.758,0.32484,41.914,0.05028,0.1597442912459373,-6.131999999999998,0.12264000000000003,19.724,-0.23856,-0.13105812010169027,500
tanimoto50,tanimoto50_block,0.1,4.0,50,weighted_bh,35.064,0.29872,35.296,0.1238799999999999,0.1780605413615703,-4.8260000000000005,0.09652,13.105999999999998,-0.16496000000000008,-0.11274186998605729,500
tanimoto60,tanimoto60_block,0.1,4.0,50,bh,39.89,0.2022,22.19,0.28884,0.2908024113476276,0.0,0.0,0.0,0.0,0.0,500
tanimoto60,tanimoto60_block,0.1,4.0,50,chemdeprc_cap1,34.004,0.3198191304347826,47.854,0.0545269565217391,0.1615313517451286,-5.886000000000003,0.11761913043478261,25.663999999999998,-0.23431304347826087,-0.129271059602499,500
tanimoto60,tanimoto60_block,0.1,4.0,50,chemdeprc_scoresoft50,39.294,0.21412,33.144,0.07428,0.1964064622223377,-0.5960000000000036,0.011920000000000014,10.953999999999997,-0.21455999999999997,-0.09439594912528987,500
tanimoto60,tanimoto60_block,0.1,4.0,50,chemdeprc_soft75,37.84,0.2432,41.052,0.05468,0.1802922710776329,-2.049999999999997,0.04100000000000001,18.862,-0.23415999999999998,-0.11051014026999467,500
tanimoto60,tanimoto60_block,0.1,4.0,50,weighted_bh,37.508,0.24984,36.758,0.11076,0.1918855730891227,-2.381999999999998,0.047640000000000016,14.568000000000001,-0.17808,-0.09891683825850486,500
tanimoto70,tanimoto70_block,0.1,4.0,50,bh,39.72,0.2056,22.082,0.29004,0.2914397418498993,0.0,0.0,0.0,0.0,0.0,500
tanimoto70,tanimoto70_block,0.1,4.0,50,chemdeprc_cap1,39.376,0.21248,43.642,0.07868,0.1992895601093769,-0.3440000000000012,0.006879999999999997,21.560000000000002,-0.21136000000000002,-0.09215018174052239,500
tanimoto70,tanimoto70_block,0.1,4.0,50,chemdeprc_scoresoft50,40.384,0.19232,27.466,0.13968,0.2400159291028976,0.6640000000000015,-0.013280000000000014,5.384,-0.15036000000000002,-0.051423812747001696,500
tanimoto70,tanimoto70_block,0.1,4.0,50,chemdeprc_soft75,39.94,0.2012,36.242,0.10276,0.2147193471491336,0.21999999999999886,-0.004400000000000015,14.159999999999997,-0.18728,-0.07672039470076569,500
tanimoto70,tanimoto70_block,0.1,4.0,50,weighted_bh,38.928,0.22144,36.986,0.1103199999999999,0.2111029884219169,-0.7920000000000016,0.015839999999999993,14.903999999999996,-0.1797200000000001,-0.08033675342798238,500
tanimoto80,tanimoto80_block,0.1,4.0,50,bh,39.72,0.2056,22.082,0.29004,0.2914397418498993,0.0,0.0,0.0,0.0,0.0,500
tanimoto80,tanimoto80_block,0.1,4.0,50,chemdeprc_cap1,39.376,0.21248,29.6,0.24988,0.2617450369596481,-0.3440000000000012,0.006879999999999997,7.518000000000001,-0.04016000000000003,-0.029694704890251167,500
tanimoto80,tanimoto80_block,0.1,4.0,50,chemdeprc_scoresoft50,35.832,0.210582452293384,18.442,0.3044668278559947,0.3068398043513298,-3.887999999999998,0.004982452293383982,-3.6400000000000006,0.014426827855994695,0.0154000625014305,500
tanimoto80,tanimoto80_block,0.1,4.0,50,chemdeprc_soft75,39.052,0.2077489196685535,24.158,0.2748089467615829,0.2786925324201584,-0.6679999999999993,0.0021489196685534895,2.0760000000000005,-0.015231053238417114,-0.012747209429740891,500
tanimoto80,tanimoto80_block,0.1,4.0,50,weighted_bh,39.094,0.21812,29.494,0.235,0.2576006425619125,-0.6259999999999977,0.012520000000000003,7.411999999999999,-0.05504000000000003,-0.033839099287986785,500
