block_perturbation,budget_label,baseline,method,metric,mean_delta,ci95_low,ci95_high,n_pairs
none,50,bh,weighted_bh,true_hits,1.778,1.382,2.18005,500
none,50,bh,weighted_bh,fdp,-0.03556,-0.04344300000000001,-0.02747700000000001,500
none,50,bh,weighted_bh,fdp_exceeds_q,-0.086,-0.112,-0.062,500
none,50,bh,weighted_bh,unique_blocks,19.496,18.7559,20.2421,500
none,50,bh,weighted_bh,max_block_share,-0.21216000000000002,-0.233321,-0.19367700000000002,500
none,50,bh,weighted_bh,mean_pairwise_tanimoto,-0.07556009522080422,-0.08271395003944636,-0.06775004356279969,500
none,50,bh,chemdeprc_cap1,true_hits,2.632,2.2439,3.022,500
none,50,bh,chemdeprc_cap1,fdp,-0.05264,-0.06068,-0.044717,500
none,50,bh,chemdeprc_cap1,fdp_exceeds_q,-0.1,-0.126,-0.074,500
none,50,bh,chemdeprc_cap1,unique_blocks,27.906,27.3638,28.444,500
none,50,bh,chemdeprc_cap1,max_block_share,-0.27115999999999996,-0.29208700000000004,-0.25422900000000004,500
none,50,bh,chemdeprc_cap1,mean_pairwise_tanimoto,-0.07488001677393913,-0.0811237284220755,-0.06903162751048803,500
none,50,bh,chemdeprc_soft75,true_hits,1.986,1.61995,2.3742,500
none,50,bh,chemdeprc_soft75,fdp,-0.039720000000000005,-0.047081000000000005,-0.031759,500
none,50,bh,chemdeprc_soft75,fdp_exceeds_q,-0.1,-0.126,-0.074,500
none,50,bh,chemdeprc_soft75,unique_blocks,15.906,15.36595,16.4822,500
none,50,bh,chemdeprc_soft75,max_block_share,-0.24468,-0.263127,-0.22555800000000004,500
none,50,bh,chemdeprc_soft75,mean_pairwise_tanimoto,-0.057496107697486885,-0.06324023514166474,-0.051961649235337984,500
none,50,bh,chemdeprc_scoresoft50,true_hits,0.97,0.6019,1.36005,500
none,50,bh,chemdeprc_scoresoft50,fdp,-0.01949482269503546,-0.027196804964539006,-0.013070072695035463,500
none,50,bh,chemdeprc_scoresoft50,fdp_exceeds_q,-0.002,-0.006049999999999997,0.0,500
none,50,bh,chemdeprc_scoresoft50,unique_blocks,2.906,2.33595,3.4120999999999997,500
none,50,bh,chemdeprc_scoresoft50,max_block_share,-0.1963722695035461,-0.21524136170212768,-0.17784616843971632,500
none,50,bh,chemdeprc_scoresoft50,mean_pairwise_tanimoto,-0.04287396383285522,-0.048492970399558556,-0.03792440575957298,500
none,100,bh,weighted_bh,true_hits,-3.126,-3.77415,-2.5098,500
none,100,bh,weighted_bh,fdp,0.03126000000000001,0.02468000000000001,0.03780150000000001,500
none,100,bh,weighted_bh,fdp_exceeds_q,0.0,0.0,0.0,500
none,100,bh,weighted_bh,unique_blocks,31.798,30.94585,32.7561,500
none,100,bh,weighted_bh,max_block_share,-0.18252,-0.19504,-0.17096,500
none,100,bh,weighted_bh,mean_pairwise_tanimoto,-0.061232432276010516,-0.06563584980219603,-0.0569646463572979,500
none,100,bh,chemdeprc_cap1,true_hits,-10.512,-11.453,-9.6338,500
none,100,bh,chemdeprc_cap1,fdp,0.0898157648507046,0.08006444621460697,0.09880335686032302,500
none,100,bh,chemdeprc_cap1,fdp_exceeds_q,0.0,0.0,0.0,500
none,100,bh,chemdeprc_cap1,unique_blocks,57.542,56.6236,58.5104,500
none,100,bh,chemdeprc_cap1,max_block_share,-0.24577666899775055,-0.2571272908166683,-0.2339913708896084,500
none,100,bh,chemdeprc_cap1,mean_pairwise_tanimoto,-0.0838846115767956,-0.08889333626404404,-0.07889079160913824,500
none,100,bh,chemdeprc_soft75,true_hits,-2.632,-3.33805,-2.00395,500
none,100,bh,chemdeprc_soft75,fdp,0.026320000000000014,0.01927950000000001,0.033044500000000004,500
none,100,bh,chemdeprc_soft75,fdp_exceeds_q,0.0,0.0,0.0,500
none,100,bh,chemdeprc_soft75,unique_blocks,35.868,35.02595,36.704,500
none,100,bh,chemdeprc_soft75,max_block_share,-0.23108000000000004,-0.24310049999999997,-0.2196945,500
none,100,bh,chemdeprc_soft75,mean_pairwise_tanimoto,-0.06697536367177963,-0.07126730743721127,-0.06302184533551336,500
none,100,bh,chemdeprc_scoresoft50,true_hits,-0.696,-1.312,-0.11595000000000005,500
none,100,bh,chemdeprc_scoresoft50,fdp,0.006906132267339931,0.0010192169156322379,0.012998624149659872,500
none,100,bh,chemdeprc_scoresoft50,fdp_exceeds_q,0.0,0.0,0.0,500
none,100,bh,chemdeprc_scoresoft50,unique_blocks,10.868,10.081850000000001,11.7623,500
none,100,bh,chemdeprc_scoresoft50,max_block_share,-0.19882767936040396,-0.2103310051020408,-0.18719505180938356,500
none,100,bh,chemdeprc_scoresoft50,mean_pairwise_tanimoto,-0.042039002060890195,-0.04464315854758025,-0.039335817235708254,500
split2,50,bh,weighted_bh,true_hits,1.306,0.934,1.6941,500
split2,50,bh,weighted_bh,fdp,-0.02612,-0.03352100000000001,-0.01899500000000001,500
split2,50,bh,weighted_bh,fdp_exceeds_q,-0.02,-0.032049999999999995,-0.01,500
split2,50,bh,weighted_bh,unique_blocks,16.042,15.28195,16.82205,500
split2,50,bh,weighted_bh,max_block_share,-0.19724,-0.21812800000000002,-0.17759800000000003,500
split2,50,bh,weighted_bh,mean_pairwise_tanimoto,-0.06355348327755928,-0.07025270632877946,-0.05685650903135538,500
split2,50,bh,chemdeprc_cap1,true_hits,2.408,2.002,2.832,500
split2,50,bh,chemdeprc_cap1,fdp,-0.04816,-0.056484,-0.040639,500
split2,50,bh,chemdeprc_cap1,fdp_exceeds_q,-0.096,-0.12,-0.07,500
split2,50,bh,chemdeprc_cap1,unique_blocks,19.394,18.912,19.894099999999998,500
split2,50,bh,chemdeprc_cap1,max_block_share,-0.25116000000000005,-0.27064099999999996,-0.23164,500
split2,50,bh,chemdeprc_cap1,mean_pairwise_tanimoto,-0.062410659581422806,-0.06771487767025827,-0.056791198582947254,500
split2,50,bh,chemdeprc_soft75,true_hits,1.736,1.394,2.1043999999999996,500
split2,50,bh,chemdeprc_soft75,fdp,-0.035155374149659864,-0.042426755102040824,-0.027974897959183682,500
split2,50,bh,chemdeprc_soft75,fdp_exceeds_q,-0.064,-0.084,-0.042,500
split2,50,bh,chemdeprc_soft75,unique_blocks,9.806,9.251700000000001,10.342,500
split2,50,bh,chemdeprc_soft75,max_block_share,-0.19930548752834468,-0.21681750340136058,-0.17965828798185943,500
split2,50,bh,chemdeprc_soft75,mean_pairwise_tanimoto,-0.04781471011042595,-0.05368342437297106,-0.04215347327440977,500
split2,50,bh,chemdeprc_scoresoft50,true_hits,-0.288,-0.60605,0.032,500
split2,50,bh,chemdeprc_scoresoft50,fdp,0.004957411559888669,-0.0017379028366966427,0.012023119830633967,500
split2,50,bh,chemdeprc_scoresoft50,fdp_exceeds_q,-0.008,-0.016,-0.002,500
split2,50,bh,chemdeprc_scoresoft50,unique_blocks,-1.472,-2.02,-0.88795,500
split2,50,bh,chemdeprc_scoresoft50,max_block_share,-0.09624257179650789,-0.1146842104352248,-0.0809790771621775,500
split2,50,bh,chemdeprc_scoresoft50,mean_pairwise_tanimoto,-0.0218257417678833,-0.026148323276638984,-0.01800843625739217,500
split2,100,bh,weighted_bh,true_hits,-2.348,-2.9722,-1.768,500
split2,100,bh,weighted_bh,fdp,0.023480000000000015,0.016979500000000005,0.029562000000000005,500
split2,100,bh,weighted_bh,fdp_exceeds_q,0.0,0.0,0.0,500
split2,100,bh,weighted_bh,unique_blocks,27.7,26.8719,28.60405,500
split2,100,bh,weighted_bh,max_block_share,-0.17686000000000002,-0.18750100000000003,-0.16490000000000002,500
split2,100,bh,weighted_bh,mean_pairwise_tanimoto,-0.059024131715297704,-0.0632963921636343,-0.05494212904796006,500
split2,100,bh,chemdeprc_cap1,true_hits,-3.562,-4.2161,-2.8139000000000003,500
split2,100,bh,chemdeprc_cap1,fdp,0.035537878657012065,0.02935244270738434,0.042141966154340196,500
split2,100,bh,chemdeprc_cap1,fdp_exceeds_q,0.0,0.0,0.0,500
split2,100,bh,chemdeprc_cap1,unique_blocks,42.884,42.13125,43.6321,500
split2,100,bh,chemdeprc_cap1,max_block_share,-0.23617333199334753,-0.24804116922617384,-0.22477495664933295,500
split2,100,bh,chemdeprc_cap1,mean_pairwise_tanimoto,-0.07187995663285257,-0.0761730084732175,-0.06768336310461164,500
split2,100,bh,chemdeprc_soft75,true_hits,-0.662,-1.24825,-0.053850000000000134,500
split2,100,bh,chemdeprc_soft75,fdp,0.00662000000000001,0.0008385000000000096,0.012262000000000007,500
split2,100,bh,chemdeprc_soft75,fdp_exceeds_q,0.0,0.0,0.0,500
split2,100,bh,chemdeprc_soft75,unique_blocks,22.958,22.129949999999997,23.7502,500
split2,100,bh,chemdeprc_soft75,max_block_share,-0.20438000000000006,-0.2159605,-0.192598,500
split2,100,bh,chemdeprc_soft75,mean_pairwise_tanimoto,-0.05268581068515778,-0.05600073380321265,-0.04914168389886618,500
split2,100,bh,chemdeprc_scoresoft50,true_hits,-0.174,-0.7043999999999999,0.33404999999999996,500
split2,100,bh,chemdeprc_scoresoft50,fdp,0.0011584910553709112,-0.004435939756840827,0.006911147417441235,500
split2,100,bh,chemdeprc_scoresoft50,fdp_exceeds_q,0.0,0.0,0.0,500
split2,100,bh,chemdeprc_scoresoft50,unique_blocks,0.976,0.2639,1.7443999999999997,500
split2,100,bh,chemdeprc_scoresoft50,max_block_share,-0.14126996566384492,-0.1532304057200466,-0.129265250987621,500
split2,100,bh,chemdeprc_scoresoft50,mean_pairwise_tanimoto,-0.02652069053053857,-0.029059407709538947,-0.02419469622969628,500
split3,50,bh,weighted_bh,true_hits,1.16,0.82385,1.5121,500
split3,50,bh,weighted_bh,fdp,-0.023200000000000005,-0.029601000000000006,-0.017038000000000005,500
split3,50,bh,weighted_bh,fdp_exceeds_q,-0.008,-0.016,-0.002,500
split3,50,bh,weighted_bh,unique_blocks,13.818,13.04395,14.56805,500
split3,50,bh,weighted_bh,max_block_share,-0.19015999999999997,-0.20972300000000002,-0.171358,500
split3,50,bh,weighted_bh,mean_pairwise_tanimoto,-0.05618532532453537,-0.06296729460209607,-0.05002363968640566,500
split3,50,bh,chemdeprc_cap1,true_hits,2.172,1.7598,2.5761,500
split3,50,bh,chemdeprc_cap1,fdp,-0.043440000000000006,-0.05204,-0.035439,500
split3,50,bh,chemdeprc_cap1,fdp_exceeds_q,-0.09,-0.118,-0.066,500
split3,50,bh,chemdeprc_cap1,unique_blocks,15.666,15.118,16.21045,500
split3,50,bh,chemdeprc_cap1,max_block_share,-0.23143999999999998,-0.250281,-0.21263400000000005,500
split3,50,bh,chemdeprc_cap1,mean_pairwise_tanimoto,-0.05693615809082985,-0.062040823254734284,-0.05147929608821869,500
split3,50,bh,chemdeprc_soft75,true_hits,0.914,0.59995,1.2420499999999999,500
split3,50,bh,chemdeprc_soft75,fdp,-0.024076636782219923,-0.03007579566887351,-0.017754914059204496,500
split3,50,bh,chemdeprc_soft75,fdp_exceeds_q,-0.018,-0.032,-0.008,500
split3,50,bh,chemdeprc_soft75,unique_blocks,6.964,6.4677,7.47405,500
split3,50,bh,chemdeprc_soft75,max_block_share,-0.1662667699475433,-0.1862184661364989,-0.14794995292307023,500
split3,50,bh,chemdeprc_soft75,mean_pairwise_tanimoto,-0.04194821658730507,-0.04739341093227267,-0.036519796542823314,500
split3,50,bh,chemdeprc_scoresoft50,true_hits,-1.406,-1.7841500000000001,-1.0459500000000002,500
split3,50,bh,chemdeprc_scoresoft50,fdp,0.0077518977782915326,0.0031352481950314343,0.012411185306289846,500
split3,50,bh,chemdeprc_scoresoft50,fdp_exceeds_q,-0.008,-0.016,-0.002,500
split3,50,bh,chemdeprc_scoresoft50,unique_blocks,-3.24,-3.7881,-2.738,500
split3,50,bh,chemdeprc_scoresoft50,max_block_share,-0.03214122747946604,-0.04798518002765265,-0.01730405892630239,500
split3,50,bh,chemdeprc_scoresoft50,mean_pairwise_tanimoto,-0.004997833162546155,-0.008778191396594042,-0.0016493613719940148,500
split3,100,bh,weighted_bh,true_hits,-1.962,-2.5540499999999997,-1.37585,500
split3,100,bh,weighted_bh,fdp,0.019620000000000012,0.012940000000000009,0.025460000000000007,500
split3,100,bh,weighted_bh,fdp_exceeds_q,0.0,0.0,0.0,500
split3,100,bh,weighted_bh,unique_blocks,24.436,23.635949999999998,25.34005,500
split3,100,bh,weighted_bh,max_block_share,-0.16966000000000003,-0.18176299999999998,-0.1578575,500
split3,100,bh,weighted_bh,mean_pairwise_tanimoto,-0.05585111811757088,-0.05996446992009878,-0.051630752553045764,500
split3,100,bh,chemdeprc_cap1,true_hits,-1.508,-2.08815,-0.816,500
split3,100,bh,chemdeprc_cap1,fdp,0.015080000000000005,0.008719500000000003,0.021101500000000002,500
split3,100,bh,chemdeprc_cap1,fdp_exceeds_q,0.0,0.0,0.0,500
split3,100,bh,chemdeprc_cap1,unique_blocks,34.466,33.80085,35.14605,500
split3,100,bh,chemdeprc_cap1,max_block_share,-0.22618,-0.237583,-0.21425899999999998,500
split3,100,bh,chemdeprc_cap1,mean_pairwise_tanimoto,-0.06409284672141076,-0.06836784700602294,-0.06019523871913552,500
split3,100,bh,chemdeprc_soft75,true_hits,0.04,-0.598,0.63005,500
split3,100,bh,chemdeprc_soft75,fdp,-0.00039999999999999145,-0.006403499999999993,0.005381500000000005,500
split3,100,bh,chemdeprc_soft75,fdp_exceeds_q,0.0,0.0,0.0,500
split3,100,bh,chemdeprc_soft75,unique_blocks,17.264,16.55565,18.0062,500
split3,100,bh,chemdeprc_soft75,max_block_share,-0.18142000000000005,-0.19292700000000002,-0.16992000000000002,500
split3,100,bh,chemdeprc_soft75,mean_pairwise_tanimoto,-0.04359321054816247,-0.046647627179324636,-0.040564391454309234,500
split3,100,bh,chemdeprc_scoresoft50,true_hits,0.036,-0.48019999999999996,0.5361999999999999,500
split3,100,bh,chemdeprc_scoresoft50,fdp,-0.006420864802510657,-0.011147175619871684,-0.0017380002215007756,500
split3,100,bh,chemdeprc_scoresoft50,fdp_exceeds_q,0.0,0.0,0.0,500
split3,100,bh,chemdeprc_scoresoft50,unique_blocks,-3.746,-4.456200000000001,-2.9678,500
split3,100,bh,chemdeprc_scoresoft50,max_block_share,-0.08718873450032523,-0.09964857785604125,-0.07467308139737136,500
split3,100,bh,chemdeprc_scoresoft50,mean_pairwise_tanimoto,-0.014039257556200035,-0.01652042531743646,-0.011787666700035334,500
split5,50,bh,weighted_bh,true_hits,0.934,0.66995,1.228,500
split5,50,bh,weighted_bh,fdp,-0.01868,-0.024041000000000007,-0.013199000000000004,500
split5,50,bh,weighted_bh,fdp_exceeds_q,-0.004,-0.01,0.0,500
split5,50,bh,weighted_bh,unique_blocks,11.572,10.8498,12.280199999999999,500
split5,50,bh,weighted_bh,max_block_share,-0.17708,-0.19876500000000002,-0.15726800000000005,500
split5,50,bh,weighted_bh,mean_pairwise_tanimoto,-0.04984362518787384,-0.0556937555603683,-0.04372084555253387,500
split5,50,bh,chemdeprc_cap1,true_hits,1.694,1.3779499999999998,2.0241,500
split5,50,bh,chemdeprc_cap1,fdp,-0.03388,-0.040202,-0.026918,500
split5,50,bh,chemdeprc_cap1,fdp_exceeds_q,-0.062,-0.084,-0.042,500
split5,50,bh,chemdeprc_cap1,unique_blocks,11.31,10.79795,11.83415,500
split5,50,bh,chemdeprc_cap1,max_block_share,-0.20256,-0.22128100000000003,-0.18499800000000005,500
split5,50,bh,chemdeprc_cap1,mean_pairwise_tanimoto,-0.05037089976668358,-0.05568363903313875,-0.04504384283125401,500
split5,50,bh,chemdeprc_soft75,true_hits,0.014,-0.26005,0.34,500
split5,50,bh,chemdeprc_soft75,fdp,-0.017008624004891892,-0.022225481941945645,-0.011655131320393723,500
split5,50,bh,chemdeprc_soft75,fdp_exceeds_q,-0.006,-0.014,0.0,500
split5,50,bh,chemdeprc_soft75,unique_blocks,4.134,3.65795,4.63035,500
split5,50,bh,chemdeprc_soft75,max_block_share,-0.13073356137425737,-0.14676689344901647,-0.11334994450893543,500
split5,50,bh,chemdeprc_soft75,mean_pairwise_tanimoto,-0.0342623273730278,-0.040012976357340815,-0.02919328364431859,500
split5,50,bh,chemdeprc_scoresoft50,true_hits,-4.36,-4.884,-3.8838,500
split5,50,bh,chemdeprc_scoresoft50,fdp,0.017988322527413402,0.014354167085066016,0.021951658775554776,500
split5,50,bh,chemdeprc_scoresoft50,fdp_exceeds_q,-0.004,-0.016,0.006049999999999955,500
split5,50,bh,chemdeprc_scoresoft50,unique_blocks,-4.958,-5.39835,-4.468,500
split5,50,bh,chemdeprc_scoresoft50,max_block_share,0.027355090143898007,0.013917252091535217,0.0411154890743649,500
split5,50,bh,chemdeprc_scoresoft50,mean_pairwise_tanimoto,0.013153052449226385,0.009747413192689423,0.016695395536720756,500
split5,100,bh,weighted_bh,true_hits,-1.354,-1.8380500000000002,-0.86395,500
split5,100,bh,weighted_bh,fdp,0.01354000000000001,0.008618000000000004,0.018383500000000004,500
split5,100,bh,weighted_bh,fdp_exceeds_q,0.0,0.0,0.0,500
split5,100,bh,weighted_bh,unique_blocks,20.826,19.89575,21.7382,500
split5,100,bh,weighted_bh,max_block_share,-0.15686000000000003,-0.17018049999999998,-0.14506,500
split5,100,bh,weighted_bh,mean_pairwise_tanimoto,-0.05133521148562431,-0.05560654068738224,-0.047301621639728564,500
split5,100,bh,chemdeprc_cap1,true_hits,-0.482,-1.0501500000000001,0.11634999999999969,500
split5,100,bh,chemdeprc_cap1,fdp,0.004820000000000009,-0.001342499999999994,0.010900000000000005,500
split5,100,bh,chemdeprc_cap1,fdp_exceeds_q,0.0,0.0,0.0,500
split5,100,bh,chemdeprc_cap1,unique_blocks,26.052,25.3778,26.73805,500
split5,100,bh,chemdeprc_cap1,max_block_share,-0.20648000000000002,-0.2170465,-0.194877,500
split5,100,bh,chemdeprc_cap1,mean_pairwise_tanimoto,-0.05589501896500587,-0.05937141540348532,-0.05237765877097846,500
split5,100,bh,chemdeprc_soft75,true_hits,0.292,-0.182,0.7680999999999999,500
split5,100,bh,chemdeprc_soft75,fdp,-0.0037346568889452766,-0.008680725160079289,0.0013057306970373067,500
split5,100,bh,chemdeprc_soft75,fdp_exceeds_q,0.0,0.0,0.0,500
split5,100,bh,chemdeprc_soft75,unique_blocks,10.464,9.9059,11.08405,500
split5,100,bh,chemdeprc_soft75,max_block_share,-0.14165685740548634,-0.15350030289937655,-0.13034139530344874,500
split5,100,bh,chemdeprc_soft75,mean_pairwise_tanimoto,-0.03196662876009942,-0.034420288652181635,-0.02941415524706245,500
split5,100,bh,chemdeprc_scoresoft50,true_hits,-2.03,-2.54805,-1.5019,500
split5,100,bh,chemdeprc_scoresoft50,fdp,-0.0061799883800860034,-0.009587241842829856,-0.0031899256886013454,500
split5,100,bh,chemdeprc_scoresoft50,fdp_exceeds_q,-0.002,-0.006,0.0,500
split5,100,bh,chemdeprc_scoresoft50,unique_blocks,-8.176,-8.9462,-7.46995,500
split5,100,bh,chemdeprc_scoresoft50,max_block_share,0.000751223769323012,-0.009295416848307711,0.011184897194419762,500
split5,100,bh,chemdeprc_scoresoft50,mean_pairwise_tanimoto,0.0017667912542819924,-0.0008206844694912522,0.004155608142912379,500
merge3,50,bh,weighted_bh,true_hits,0.502,0.18180000000000002,0.82805,500
merge3,50,bh,weighted_bh,fdp,-0.01004,-0.016121000000000007,-0.004079000000000004,500
merge3,50,bh,weighted_bh,fdp_exceeds_q,-0.016,-0.028,-0.006,500
merge3,50,bh,weighted_bh,unique_blocks,13.462,12.7759,14.1944,500
merge3,50,bh,weighted_bh,max_block_share,-0.18124,-0.20124,-0.162999,500
merge3,50,bh,weighted_bh,mean_pairwise_tanimoto,-0.0641154445707798,-0.07155015677809716,-0.057034210170805455,500
merge3,50,bh,chemdeprc_cap1,true_hits,-1.42,-1.85,-0.95795,500
merge3,50,bh,chemdeprc_cap1,fdp,-0.0060392589273653595,-0.015215555676535557,0.0040825408032953096,500
merge3,50,bh,chemdeprc_cap1,fdp_exceeds_q,-0.096,-0.124,-0.072,500
merge3,50,bh,chemdeprc_cap1,unique_blocks,25.614,25.021949999999997,26.214,500
merge3,50,bh,chemdeprc_cap1,max_block_share,-0.2700252447141389,-0.2887531116894861,-0.2520421711521013,500
merge3,50,bh,chemdeprc_cap1,mean_pairwise_tanimoto,-0.09082601466774941,-0.09876433403268457,-0.08404846110641957,500
merge3,50,bh,chemdeprc_soft75,true_hits,1.062,0.706,1.4481499999999998,500
merge3,50,bh,chemdeprc_soft75,fdp,-0.021239999999999995,-0.029043,-0.014397,500
merge3,50,bh,chemdeprc_soft75,fdp_exceeds_q,-0.094,-0.12004999999999999,-0.07,500
merge3,50,bh,chemdeprc_soft75,unique_blocks,21.92,21.43995,22.446250000000003,500
merge3,50,bh,chemdeprc_soft75,max_block_share,-0.25116000000000005,-0.269724,-0.23219800000000004,500
merge3,50,bh,chemdeprc_soft75,mean_pairwise_tanimoto,-0.07508595615625381,-0.0817320718422532,-0.06905402716845274,500
merge3,50,bh,chemdeprc_scoresoft50,true_hits,-0.526,-0.972,-0.0939000000000001,500
merge3,50,bh,chemdeprc_scoresoft50,fdp,0.010520000000000002,0.0009959999999999986,0.01872,500
merge3,50,bh,chemdeprc_scoresoft50,fdp_exceeds_q,-0.07,-0.094,-0.048,500
merge3,50,bh,chemdeprc_scoresoft50,unique_blocks,17.846,17.272,18.44225,500
merge3,50,bh,chemdeprc_scoresoft50,max_block_share,-0.25048,-0.26983999999999997,-0.23103900000000002,500
merge3,50,bh,chemdeprc_scoresoft50,mean_pairwise_tanimoto,-0.07848154366016388,-0.08558965872228146,-0.07178653141260147,500
merge3,100,bh,weighted_bh,true_hits,-1.936,-2.44805,-1.402,500
merge3,100,bh,weighted_bh,fdp,0.019360000000000006,0.013979000000000005,0.024900000000000005,500
merge3,100,bh,weighted_bh,fdp_exceeds_q,0.0,0.0,0.0,500
merge3,100,bh,weighted_bh,unique_blocks,21.304,20.58185,22.05405,500
merge3,100,bh,weighted_bh,max_block_share,-0.15588,-0.16846599999999998,-0.1437585,500
merge3,100,bh,weighted_bh,mean_pairwise_tanimoto,-0.054300153195858,-0.058909846003353604,-0.05031586212217808,500
merge3,100,bh,chemdeprc_cap1,true_hits,-39.006,-40.260749999999994,-37.5914,500
merge3,100,bh,chemdeprc_cap1,fdp,0.02370834798621349,0.015033730608489832,0.03251495996599054,500
merge3,100,bh,chemdeprc_cap1,fdp_exceeds_q,-0.084,-0.108,-0.058,500
merge3,100,bh,chemdeprc_cap1,unique_blocks,13.752,12.8778,14.62205,500
merge3,100,bh,chemdeprc_cap1,max_block_share,-0.23665382642052515,-0.24799085363327308,-0.22545287841495565,500
merge3,100,bh,chemdeprc_cap1,mean_pairwise_tanimoto,-0.06451886275410654,-0.0683696393787861,-0.06047684468626977,500
merge3,100,bh,chemdeprc_soft75,true_hits,-9.198,-10.028,-8.33985,500
merge3,100,bh,chemdeprc_soft75,fdp,0.09197999999999999,0.084278,0.10028100000000001,500
merge3,100,bh,chemdeprc_soft75,fdp_exceeds_q,0.0,0.0,0.0,500
merge3,100,bh,chemdeprc_soft75,unique_blocks,43.202,42.52195,43.8725,500
merge3,100,bh,chemdeprc_soft75,max_block_share,-0.23252,-0.24416000000000002,-0.22107949999999998,500
merge3,100,bh,chemdeprc_soft75,mean_pairwise_tanimoto,-0.079610237210989,-0.08400587027892471,-0.07504993568435311,500
merge3,100,bh,chemdeprc_scoresoft50,true_hits,-10.146,-10.9801,-9.3259,500
merge3,100,bh,chemdeprc_scoresoft50,fdp,0.10146000000000001,0.0930995,0.10994,500
merge3,100,bh,chemdeprc_scoresoft50,fdp_exceeds_q,0.0,0.0,0.0,500
merge3,100,bh,chemdeprc_scoresoft50,unique_blocks,42.266,41.5539,43.0041,500
merge3,100,bh,chemdeprc_scoresoft50,max_block_share,-0.23177999999999999,-0.2436005,-0.2208195,500
merge3,100,bh,chemdeprc_scoresoft50,mean_pairwise_tanimoto,-0.08028636717796325,-0.08473347572907805,-0.07552454303950071,500
merge5,50,bh,weighted_bh,true_hits,0.206,-0.0682,0.49004999999999993,500
merge5,50,bh,weighted_bh,fdp,-0.004120000000000002,-0.009801000000000004,0.0010829999999999959,500
merge5,50,bh,weighted_bh,fdp_exceeds_q,-0.006,-0.014,0.0,500
merge5,50,bh,weighted_bh,unique_blocks,10.758,10.103549999999998,11.47005,500
merge5,50,bh,weighted_bh,max_block_share,-0.16119999999999998,-0.181443,-0.140832,500
merge5,50,bh,weighted_bh,mean_pairwise_tanimoto,-0.06149936312437058,-0.06913733377531171,-0.05451991988793015,500
merge5,50,bh,chemdeprc_cap1,true_hits,-12.036,-12.72205,-11.4018,500
merge5,50,bh,chemdeprc_cap1,fdp,-0.027123071662361047,-0.036269927139243964,-0.018209004524865815,500
merge5,50,bh,chemdeprc_cap1,fdp_exceeds_q,-0.094,-0.122,-0.07,500
merge5,50,bh,chemdeprc_cap1,unique_blocks,11.724,11.0859,12.3441,500
merge5,50,bh,chemdeprc_cap1,max_block_share,-0.2607011564670461,-0.2795770080498148,-0.24325669352237642,500
merge5,50,bh,chemdeprc_cap1,mean_pairwise_tanimoto,-0.07463860154151916,-0.08069755399599672,-0.06833660325333477,500
merge5,50,bh,chemdeprc_soft75,true_hits,0.802,0.4158,1.2021,500
merge5,50,bh,chemdeprc_soft75,fdp,-0.01604,-0.023481000000000002,-0.007838000000000001,500
merge5,50,bh,chemdeprc_soft75,fdp_exceeds_q,-0.084,-0.10805,-0.06,500
merge5,50,bh,chemdeprc_soft75,unique_blocks,20.568,20.03195,21.0741,500
merge5,50,bh,chemdeprc_soft75,max_block_share,-0.25068,-0.26984400000000003,-0.230556,500
merge5,50,bh,chemdeprc_soft75,mean_pairwise_tanimoto,-0.0769811774790287,-0.0832242847584188,-0.07088184746950865,500
merge5,50,bh,chemdeprc_scoresoft50,true_hits,0.632,0.2599,1.03405,500
merge5,50,bh,chemdeprc_scoresoft50,fdp,-0.012639999999999998,-0.020281999999999998,-0.005560000000000001,500
merge5,50,bh,chemdeprc_scoresoft50,fdp_exceeds_q,-0.088,-0.114,-0.064,500
merge5,50,bh,chemdeprc_scoresoft50,unique_blocks,18.848,18.2499,19.426199999999998,500
merge5,50,bh,chemdeprc_scoresoft50,max_block_share,-0.25076,-0.26792499999999997,-0.23103900000000002,500
merge5,50,bh,chemdeprc_scoresoft50,mean_pairwise_tanimoto,-0.07498253571987153,-0.08139884869232775,-0.06884980476498605,500
merge5,100,bh,weighted_bh,true_hits,-1.776,-2.2621,-1.3199500000000002,500
merge5,100,bh,weighted_bh,fdp,0.017760000000000005,0.013080000000000003,0.0219815,500
merge5,100,bh,weighted_bh,fdp_exceeds_q,0.0,0.0,0.0,500
merge5,100,bh,weighted_bh,unique_blocks,16.73,16.07105,17.49015,500
merge5,100,bh,weighted_bh,max_block_share,-0.13279999999999997,-0.1439005,-0.12147600000000001,500
merge5,100,bh,weighted_bh,mean_pairwise_tanimoto,-0.04909003257751466,-0.053474385537952196,-0.04494009286984803,500
merge5,100,bh,chemdeprc_cap1,true_hits,-53.1,-54.724149999999995,-51.45985,500
merge5,100,bh,chemdeprc_cap1,fdp,-0.01438307166236104,-0.022167633026263973,-0.006752787307499185,500
merge5,100,bh,chemdeprc_cap1,fdp_exceeds_q,-0.094,-0.118,-0.068,500
merge5,100,bh,chemdeprc_cap1,unique_blocks,-5.314,-6.05225,-4.58595,500
merge5,100,bh,chemdeprc_cap1,max_block_share,-0.2257211564670461,-0.23718180596158356,-0.2145332912227507,500
merge5,100,bh,chemdeprc_cap1,mean_pairwise_tanimoto,-0.04378500753641129,-0.04689666917622091,-0.04080683618411423,500
merge5,100,bh,chemdeprc_soft75,true_hits,-7.244,-7.96815,-6.55195,500
merge5,100,bh,chemdeprc_soft75,fdp,0.07244000000000002,0.06481250000000001,0.07976150000000001,500
merge5,100,bh,chemdeprc_soft75,fdp_exceeds_q,0.0,0.0,0.0,500
merge5,100,bh,chemdeprc_soft75,unique_blocks,34.618,33.978,35.29005,500
merge5,100,bh,chemdeprc_soft75,max_block_share,-0.22102000000000005,-0.23302100000000003,-0.20891450000000003,500
merge5,100,bh,chemdeprc_soft75,mean_pairwise_tanimoto,-0.07185859572887421,-0.07605064912959934,-0.06789664375782012,500
merge5,100,bh,chemdeprc_scoresoft50,true_hits,-7.736,-8.456,-7.00945,500
merge5,100,bh,chemdeprc_scoresoft50,fdp,0.07736000000000001,0.07035950000000002,0.084401,500
merge5,100,bh,chemdeprc_scoresoft50,fdp_exceeds_q,0.0,0.0,0.0,500
merge5,100,bh,chemdeprc_scoresoft50,unique_blocks,34.954,34.2438,35.6101,500
merge5,100,bh,chemdeprc_scoresoft50,max_block_share,-0.22134000000000004,-0.23266150000000002,-0.20967950000000002,500
merge5,100,bh,chemdeprc_scoresoft50,mean_pairwise_tanimoto,-0.07327522432804108,-0.07799787316396833,-0.06928967161849141,500
missing10,50,bh,weighted_bh,true_hits,1.798,1.4639,2.176,500
missing10,50,bh,weighted_bh,fdp,-0.035960000000000006,-0.04232100000000001,-0.029039000000000002,500
missing10,50,bh,weighted_bh,fdp_exceeds_q,-0.06,-0.08,-0.04,500
missing10,50,bh,weighted_bh,unique_blocks,16.646,15.98995,17.296,500
missing10,50,bh,weighted_bh,max_block_share,-0.19108,-0.20880600000000002,-0.17235600000000004,500
missing10,50,bh,weighted_bh,mean_pairwise_tanimoto,-0.06658850729465485,-0.0719611971847713,-0.06056968969032169,500
missing10,50,bh,chemdeprc_cap1,true_hits,2.512,2.1496999999999997,2.89405,500
missing10,50,bh,chemdeprc_cap1,fdp,-0.05024000000000001,-0.05788100000000001,-0.04308,500
missing10,50,bh,chemdeprc_cap1,fdp_exceeds_q,-0.096,-0.12204999999999999,-0.07,500
missing10,50,bh,chemdeprc_cap1,unique_blocks,20.102,19.637700000000002,20.546,500
missing10,50,bh,chemdeprc_cap1,max_block_share,-0.20604,-0.22384200000000004,-0.18951800000000005,500
missing10,50,bh,chemdeprc_cap1,mean_pairwise_tanimoto,-0.06085672926902771,-0.06580002353414893,-0.05570014198422433,500
missing10,50,bh,chemdeprc_soft75,true_hits,1.868,1.5279,2.24,500
missing10,50,bh,chemdeprc_soft75,fdp,-0.038887700038387235,-0.04596012963950614,-0.03217405301135255,500
missing10,50,bh,chemdeprc_soft75,fdp_exceeds_q,-0.084,-0.11,-0.059950000000000045,500
missing10,50,bh,chemdeprc_soft75,unique_blocks,10.364,9.9059,10.87205,500
missing10,50,bh,chemdeprc_soft75,max_block_share,-0.1923681769210922,-0.2084363725182025,-0.17565990645629206,500
missing10,50,bh,chemdeprc_soft75,mean_pairwise_tanimoto,-0.048373789608478546,-0.05364446515664458,-0.04363332227692008,500
missing10,50,bh,chemdeprc_scoresoft50,true_hits,0.17,-0.2181,0.55605,500
missing10,50,bh,chemdeprc_scoresoft50,fdp,-0.003813658949745907,-0.011615226755128927,0.003816822510822508,500
missing10,50,bh,chemdeprc_scoresoft50,fdp_exceeds_q,-0.006,-0.014,0.0,500
missing10,50,bh,chemdeprc_scoresoft50,unique_blocks,-0.422,-0.83605,0.034,500
missing10,50,bh,chemdeprc_scoresoft50,max_block_share,-0.12124872388481084,-0.1345218034067382,-0.1076533482025221,500
missing10,50,bh,chemdeprc_scoresoft50,mean_pairwise_tanimoto,-0.02158209952712059,-0.02470430203080177,-0.018617131192237138,500
missing10,100,bh,weighted_bh,true_hits,-2.45,-3.06035,-1.884,500
missing10,100,bh,weighted_bh,fdp,0.024500000000000015,0.018639500000000003,0.030521500000000003,500
missing10,100,bh,weighted_bh,fdp_exceeds_q,0.0,0.0,0.0,500
missing10,100,bh,weighted_bh,unique_blocks,29.81,28.9979,30.6501,500
missing10,100,bh,weighted_bh,max_block_share,-0.17872,-0.18916049999999998,-0.16733650000000003,500
missing10,100,bh,weighted_bh,mean_pairwise_tanimoto,-0.058804223656654366,-0.06282527372315527,-0.05488911083340646,500
missing10,100,bh,chemdeprc_cap1,true_hits,-4.128,-4.804200000000001,-3.4279,500
missing10,100,bh,chemdeprc_cap1,fdp,0.039125693438215155,0.03250252989242055,0.04611085496302043,500
missing10,100,bh,chemdeprc_cap1,fdp_exceeds_q,0.0,0.0,0.0,500
missing10,100,bh,chemdeprc_cap1,unique_blocks,44.518,43.812,45.20405,500
missing10,100,bh,chemdeprc_cap1,max_block_share,-0.2040837533419761,-0.214238969358576,-0.1937510515424453,500
missing10,100,bh,chemdeprc_cap1,mean_pairwise_tanimoto,-0.0719881761968136,-0.07632958060652018,-0.06768724216893315,500
missing10,100,bh,chemdeprc_soft75,true_hits,-0.588,-1.1841,-0.007850000000000136,500
missing10,100,bh,chemdeprc_soft75,fdp,0.00586020202020203,0.00041950505050505606,0.011562196969696976,500
missing10,100,bh,chemdeprc_soft75,fdp_exceeds_q,0.0,0.0,0.0,500
missing10,100,bh,chemdeprc_soft75,unique_blocks,24.122,23.437949999999997,24.822,500
missing10,100,bh,chemdeprc_soft75,max_block_share,-0.18977818181818185,-0.20030013636363636,-0.1798334090909091,500
missing10,100,bh,chemdeprc_soft75,mean_pairwise_tanimoto,-0.05228918653726578,-0.05545539440587165,-0.049044504754990344,500
missing10,100,bh,chemdeprc_scoresoft50,true_hits,-0.256,-0.75005,0.31409999999999993,500
missing10,100,bh,chemdeprc_scoresoft50,fdp,0.002291842816495823,-0.0031506677290955047,0.007041275190259113,500
missing10,100,bh,chemdeprc_scoresoft50,fdp_exceeds_q,0.0,0.0,0.0,500
missing10,100,bh,chemdeprc_scoresoft50,unique_blocks,2.682,2.0037,3.3684499999999993,500
missing10,100,bh,chemdeprc_scoresoft50,max_block_share,-0.15046692290695898,-0.1618203882227569,-0.1403784617997351,500
missing10,100,bh,chemdeprc_scoresoft50,mean_pairwise_tanimoto,-0.03073693409562112,-0.03277653834670784,-0.028604620029777296,500
missing25,50,bh,weighted_bh,true_hits,1.632,1.322,1.9461499999999998,500
missing25,50,bh,weighted_bh,fdp,-0.03264000000000001,-0.03896100000000001,-0.026639000000000006,500
missing25,50,bh,weighted_bh,fdp_exceeds_q,-0.026,-0.04,-0.012,500
missing25,50,bh,weighted_bh,unique_blocks,11.318,10.81785,11.8201,500
missing25,50,bh,weighted_bh,max_block_share,-0.13844,-0.153044,-0.12607900000000002,500
missing25,50,bh,weighted_bh,mean_pairwise_tanimoto,-0.04794289875030518,-0.05230435826256871,-0.04361965174078941,500
missing25,50,bh,chemdeprc_cap1,true_hits,1.982,1.6539499999999998,2.288,500
missing25,50,bh,chemdeprc_cap1,fdp,-0.03964,-0.04668100000000001,-0.033558000000000004,500
missing25,50,bh,chemdeprc_cap1,fdp_exceeds_q,-0.07,-0.092,-0.05,500
missing25,50,bh,chemdeprc_cap1,unique_blocks,12.5,12.097900000000001,12.8821,500
missing25,50,bh,chemdeprc_cap1,max_block_share,-0.14527999999999996,-0.159121,-0.13083600000000004,500
missing25,50,bh,chemdeprc_cap1,mean_pairwise_tanimoto,-0.04755103000998497,-0.052150508224219086,-0.04355432725399733,500
missing25,50,bh,chemdeprc_soft75,true_hits,0.584,0.318,0.86805,500
missing25,50,bh,chemdeprc_soft75,fdp,-0.023140147808186316,-0.02796324253341127,-0.018504695537148372,500
missing25,50,bh,chemdeprc_soft75,fdp_exceeds_q,-0.02,-0.034,-0.008,500
missing25,50,bh,chemdeprc_soft75,unique_blocks,4.784,4.463900000000001,5.128,500
missing25,50,bh,chemdeprc_soft75,max_block_share,-0.11998165081927706,-0.1330041075939204,-0.10789464446429894,500
missing25,50,bh,chemdeprc_soft75,mean_pairwise_tanimoto,-0.031796294927597044,-0.03579273477047682,-0.028229448128491645,500
missing25,50,bh,chemdeprc_scoresoft50,true_hits,-1.118,-1.5341500000000001,-0.7239000000000001,500
missing25,50,bh,chemdeprc_scoresoft50,fdp,0.011498363924641968,0.005046595067455313,0.017900818112169672,500
missing25,50,bh,chemdeprc_scoresoft50,fdp_exceeds_q,-0.01,-0.02,-0.002,500
missing25,50,bh,chemdeprc_scoresoft50,unique_blocks,-3.576,-3.90605,-3.2479000000000005,500
missing25,50,bh,chemdeprc_scoresoft50,max_block_share,-0.034395684778102606,-0.04558651099710558,-0.023085264327868945,500
missing25,50,bh,chemdeprc_scoresoft50,mean_pairwise_tanimoto,-0.0020967550277709917,-0.004539256498217578,0.0006079403705894981,500
missing25,100,bh,weighted_bh,true_hits,-0.94,-1.46605,-0.3918000000000002,500
missing25,100,bh,weighted_bh,fdp,0.009400000000000006,0.0040585000000000065,0.014180000000000007,500
missing25,100,bh,weighted_bh,fdp_exceeds_q,0.0,0.0,0.0,500
missing25,100,bh,weighted_bh,unique_blocks,22.64,21.873849999999997,23.414250000000003,500
missing25,100,bh,weighted_bh,max_block_share,-0.14772,-0.15722400000000003,-0.13805800000000001,500
missing25,100,bh,weighted_bh,mean_pairwise_tanimoto,-0.049362409889698027,-0.05296487249433995,-0.04589980615824461,500
missing25,100,bh,chemdeprc_cap1,true_hits,-0.272,-0.804,0.27404999999999996,500
missing25,100,bh,chemdeprc_cap1,fdp,0.0025765517241379357,-0.003013517241379306,0.00809684482758621,500
missing25,100,bh,chemdeprc_cap1,fdp_exceeds_q,0.0,0.0,0.0,500
missing25,100,bh,chemdeprc_cap1,unique_blocks,29.192,28.605800000000002,29.80805,500
missing25,100,bh,chemdeprc_cap1,max_block_share,-0.15777908045977013,-0.16686000574712645,-0.14894823563218393,500
missing25,100,bh,chemdeprc_cap1,mean_pairwise_tanimoto,-0.05279386588931085,-0.05585037621632219,-0.049979039811342975,500
missing25,100,bh,chemdeprc_soft75,true_hits,-0.552,-1.0822,0.004049999999999955,500
missing25,100,bh,chemdeprc_soft75,fdp,-0.0051205836777250754,-0.010343460201594212,-0.00011675556080377422,500
missing25,100,bh,chemdeprc_soft75,fdp_exceeds_q,0.0,0.0,0.0,500
missing25,100,bh,chemdeprc_soft75,unique_blocks,12.006,11.498,12.48815,500
missing25,100,bh,chemdeprc_soft75,max_block_share,-0.13030221765039418,-0.13850999381623835,-0.1223117944949614,500
missing25,100,bh,chemdeprc_soft75,mean_pairwise_tanimoto,-0.03186602178215982,-0.03391842187568547,-0.029923740583658223,500
missing25,100,bh,chemdeprc_scoresoft50,true_hits,-0.684,-1.1701,-0.23795000000000002,500
missing25,100,bh,chemdeprc_scoresoft50,fdp,0.0010263030735519272,-0.0036220373605589744,0.005544894703227398,500
missing25,100,bh,chemdeprc_scoresoft50,fdp_exceeds_q,0.0,0.0,0.0,500
missing25,100,bh,chemdeprc_scoresoft50,unique_blocks,-5.236,-5.7801,-4.71145,500
missing25,100,bh,chemdeprc_scoresoft50,max_block_share,-0.06269106534878709,-0.07133553182526588,-0.05395698426159653,500
missing25,100,bh,chemdeprc_scoresoft50,mean_pairwise_tanimoto,-0.010603363424539576,-0.012566111183911571,-0.008688545922935017,500
missing50,50,bh,weighted_bh,true_hits,1.236,1.01995,1.4500499999999998,500
missing50,50,bh,weighted_bh,fdp,-0.024720000000000002,-0.02892,-0.02044,500
missing50,50,bh,weighted_bh,fdp_exceeds_q,-0.004,-0.01,0.0,500
missing50,50,bh,weighted_bh,unique_blocks,5.444,5.1697999999999995,5.72,500
missing50,50,bh,weighted_bh,max_block_share,-0.06968,-0.078,-0.061517,500
missing50,50,bh,weighted_bh,mean_pairwise_tanimoto,-0.02561433398723602,-0.02841327228397131,-0.023238441651314497,500
missing50,50,bh,chemdeprc_cap1,true_hits,1.26,1.064,1.45,500
missing50,50,bh,chemdeprc_cap1,fdp,-0.025200000000000004,-0.029161000000000006,-0.021358000000000005,500
missing50,50,bh,chemdeprc_cap1,fdp_exceeds_q,-0.014,-0.026,-0.004,500
missing50,50,bh,chemdeprc_cap1,unique_blocks,5.292,5.034,5.5561,500
missing50,50,bh,chemdeprc_cap1,max_block_share,-0.06967999999999999,-0.07708200000000001,-0.062199000000000004,500
missing50,50,bh,chemdeprc_cap1,mean_pairwise_tanimoto,-0.024248583406209948,-0.02665261744335294,-0.021937075318396095,500
missing50,50,bh,chemdeprc_soft75,true_hits,-3.24,-3.56015,-2.9218500000000005,500
missing50,50,bh,chemdeprc_soft75,fdp,-0.007409196947963334,-0.010930296055066785,-0.00427797697257705,500
missing50,50,bh,chemdeprc_soft75,fdp_exceeds_q,-0.018,-0.03,-0.008,500
missing50,50,bh,chemdeprc_soft75,unique_blocks,-0.256,-0.4641,-0.032,500
missing50,50,bh,chemdeprc_soft75,max_block_share,-0.03648412246026358,-0.0434489069657635,-0.029025183812798387,500
missing50,50,bh,chemdeprc_soft75,mean_pairwise_tanimoto,-0.005840078085660932,-0.007930834382027385,-0.0035593962416052825,500
missing50,50,bh,chemdeprc_scoresoft50,true_hits,-5.418,-6.06235,-4.81995,500
missing50,50,bh,chemdeprc_scoresoft50,fdp,0.019965582947792878,0.01557305347613123,0.024375815678329648,500
missing50,50,bh,chemdeprc_scoresoft50,fdp_exceeds_q,-0.002,-0.014,0.008049999999999955,500
missing50,50,bh,chemdeprc_scoresoft50,unique_blocks,-6.57,-6.86805,-6.274,500
missing50,50,bh,chemdeprc_scoresoft50,max_block_share,0.08467246622306103,0.07730779181190325,0.0930347920332076,500
missing50,50,bh,chemdeprc_scoresoft50,mean_pairwise_tanimoto,0.02919069275259972,0.026735275951772934,0.03215791302770377,500
missing50,100,bh,weighted_bh,true_hits,0.35,-0.038099999999999995,0.7000999999999998,500
missing50,100,bh,weighted_bh,fdp,-0.0034999999999999966,-0.007281499999999997,0.00016050000000000322,500
missing50,100,bh,weighted_bh,fdp_exceeds_q,0.0,0.0,0.0,500
missing50,100,bh,weighted_bh,unique_blocks,11.106,10.68585,11.5541,500
missing50,100,bh,weighted_bh,max_block_share,-0.08475999999999999,-0.091001,-0.07861800000000001,500
missing50,100,bh,weighted_bh,mean_pairwise_tanimoto,-0.025768679827451714,-0.027827347797900446,-0.023878205417841677,500
missing50,100,bh,chemdeprc_cap1,true_hits,0.982,0.612,1.3761499999999998,500
missing50,100,bh,chemdeprc_cap1,fdp,-0.009819999999999997,-0.013780499999999994,-0.006058999999999996,500
missing50,100,bh,chemdeprc_cap1,fdp_exceeds_q,0.0,0.0,0.0,500
missing50,100,bh,chemdeprc_cap1,unique_blocks,13.14,12.71995,13.56,500
missing50,100,bh,chemdeprc_cap1,max_block_share,-0.08734,-0.0929415,-0.0816395,500
missing50,100,bh,chemdeprc_cap1,mean_pairwise_tanimoto,-0.026332654595375066,-0.027955829957127577,-0.02478639130592347,500
missing50,100,bh,chemdeprc_soft75,true_hits,-4.754,-5.3900999999999994,-4.1379,500
missing50,100,bh,chemdeprc_soft75,fdp,-0.002549560431759736,-0.005583713239189528,0.0002407533424367171,500
missing50,100,bh,chemdeprc_soft75,fdp_exceeds_q,0.0,0.0,0.0,500
missing50,100,bh,chemdeprc_soft75,unique_blocks,0.29,-0.014,0.60205,500
missing50,100,bh,chemdeprc_soft75,max_block_share,-0.041583568407321636,-0.0471481296339437,-0.03582167141174693,500
missing50,100,bh,chemdeprc_soft75,mean_pairwise_tanimoto,-0.009792139261960991,-0.011294425499439245,-0.008267592721432456,500
missing50,100,bh,chemdeprc_scoresoft50,true_hits,-10.94,-11.80425,-10.0937,500
missing50,100,bh,chemdeprc_scoresoft50,fdp,0.0030056441512511267,0.00022604040807033804,0.00631089709937072,500
missing50,100,bh,chemdeprc_scoresoft50,fdp_exceeds_q,0.0,0.0,0.0,500
missing50,100,bh,chemdeprc_scoresoft50,unique_blocks,-12.128,-12.62255,-11.6079,500
missing50,100,bh,chemdeprc_scoresoft50,max_block_share,0.05687701413823021,0.0519433145625748,0.061892618451980415,500
missing50,100,bh,chemdeprc_scoresoft50,mean_pairwise_tanimoto,0.01795994001626968,0.015778168699145313,0.020237683219462635,500
missing75,50,bh,weighted_bh,true_hits,0.638,0.514,0.77805,500
missing75,50,bh,weighted_bh,fdp,-0.012760000000000002,-0.0154,-0.0104,500
missing75,50,bh,weighted_bh,fdp_exceeds_q,0.0,0.0,0.0,500
missing75,50,bh,weighted_bh,unique_blocks,1.906,1.76195,2.056,500
missing75,50,bh,weighted_bh,max_block_share,-0.0286,-0.032121000000000004,-0.02476,500
missing75,50,bh,weighted_bh,mean_pairwise_tanimoto,-0.010753904730081556,-0.011732868667691942,-0.009775734818726777,500
missing75,50,bh,chemdeprc_cap1,true_hits,0.586,0.47995,0.70605,500
missing75,50,bh,chemdeprc_cap1,fdp,-0.011720000000000003,-0.013800000000000002,-0.009600000000000001,500
missing75,50,bh,chemdeprc_cap1,fdp_exceeds_q,-0.006,-0.014,0.0,500
missing75,50,bh,chemdeprc_cap1,unique_blocks,1.694,1.564,1.82805,500
missing75,50,bh,chemdeprc_cap1,max_block_share,-0.029080000000000005,-0.03276,-0.025759,500
missing75,50,bh,chemdeprc_cap1,mean_pairwise_tanimoto,-0.010516578853130338,-0.011402283975481983,-0.009598309068381786,500
missing75,50,bh,chemdeprc_soft75,true_hits,-6.568,-6.9342500000000005,-6.21795,500
missing75,50,bh,chemdeprc_soft75,fdp,0.0010053190256353445,-0.002131834482050545,0.004144500160167512,500
missing75,50,bh,chemdeprc_soft75,fdp_exceeds_q,-0.03,-0.046,-0.016,500
missing75,50,bh,chemdeprc_soft75,unique_blocks,-2.49,-2.65205,-2.32195,500
missing75,50,bh,chemdeprc_soft75,max_block_share,-0.0006189638658456147,-0.004803475799509725,0.0033896242884939053,500
missing75,50,bh,chemdeprc_soft75,mean_pairwise_tanimoto,0.008123265564441684,0.006658869884908206,0.009555567641556264,500
missing75,50,bh,chemdeprc_scoresoft50,true_hits,-14.738,-15.29605,-14.15785,500
missing75,50,bh,chemdeprc_scoresoft50,fdp,0.03000878323627922,0.024496632685939494,0.03567675472610653,500
missing75,50,bh,chemdeprc_scoresoft50,fdp_exceeds_q,-0.004,-0.024,0.014,500
missing75,50,bh,chemdeprc_scoresoft50,unique_blocks,-8.2,-8.472,-7.924,500
missing75,50,bh,chemdeprc_scoresoft50,max_block_share,0.08589074015546855,0.07977296616603882,0.09210698438412039,500
missing75,50,bh,chemdeprc_scoresoft50,mean_pairwise_tanimoto,0.04506501305103302,0.041729117053747176,0.048498434856534,500
missing75,100,bh,weighted_bh,true_hits,0.338,0.144,0.52805,500
missing75,100,bh,weighted_bh,fdp,-0.0033799999999999985,-0.005479999999999998,-0.0014994999999999995,500
missing75,100,bh,weighted_bh,fdp_exceeds_q,0.0,0.0,0.0,500
missing75,100,bh,weighted_bh,unique_blocks,3.414,3.20595,3.64405,500
missing75,100,bh,weighted_bh,max_block_share,-0.03658000000000001,-0.0398015,-0.033519499999999994,500
missing75,100,bh,weighted_bh,mean_pairwise_tanimoto,-0.011059241712093361,-0.01220775905102492,-0.010014688935130843,500
missing75,100,bh,chemdeprc_cap1,true_hits,0.71,0.50395,0.9280999999999999,500
missing75,100,bh,chemdeprc_cap1,fdp,-0.007099999999999998,-0.009499999999999996,-0.0048194999999999965,500
missing75,100,bh,chemdeprc_cap1,fdp_exceeds_q,0.0,0.0,0.0,500
missing75,100,bh,chemdeprc_cap1,unique_blocks,3.926,3.702,4.1480999999999995,500
missing75,100,bh,chemdeprc_cap1,max_block_share,-0.039,-0.0421005,-0.03581849999999999,500
missing75,100,bh,chemdeprc_cap1,mean_pairwise_tanimoto,-0.011881041675806052,-0.01285135258287192,-0.010855016932636507,500
missing75,100,bh,chemdeprc_soft75,true_hits,-13.384,-13.8962,-12.83775,500
missing75,100,bh,chemdeprc_soft75,fdp,0.005200703270334108,0.003207940777039334,0.007082165288784421,500
missing75,100,bh,chemdeprc_soft75,fdp_exceeds_q,0.0,0.0,0.0,500
missing75,100,bh,chemdeprc_soft75,unique_blocks,-5.552,-5.87005,-5.245950000000001,500
missing75,100,bh,chemdeprc_soft75,max_block_share,0.015681785195754697,0.012349159827771137,0.019191158450244876,500
missing75,100,bh,chemdeprc_soft75,mean_pairwise_tanimoto,0.006970323950052256,0.005708663199841968,0.008269150297343724,500
missing75,100,bh,chemdeprc_scoresoft50,true_hits,-30.328,-31.1787,-29.4059,500
missing75,100,bh,chemdeprc_scoresoft50,fdp,0.009159619682076419,0.005239209071926528,0.013282939261420988,500
missing75,100,bh,chemdeprc_scoresoft50,fdp_exceeds_q,0.0,0.0,0.0,500
missing75,100,bh,chemdeprc_scoresoft50,unique_blocks,-15.714,-16.2421,-15.192,500
missing75,100,bh,chemdeprc_scoresoft50,max_block_share,0.0573931952831316,0.05014163808002021,0.06512588689266488,500
missing75,100,bh,chemdeprc_scoresoft50,mean_pairwise_tanimoto,0.024087665110826488,0.02089929456859827,0.02719687019139528,500
false10,50,bh,weighted_bh,true_hits,1.564,1.1557499999999998,1.9620499999999998,500
false10,50,bh,weighted_bh,fdp,-0.03128,-0.03896100000000001,-0.023519000000000005,500
false10,50,bh,weighted_bh,fdp_exceeds_q,-0.046,-0.066,-0.03,500
false10,50,bh,weighted_bh,unique_blocks,18.62,17.8537,19.3824,500
false10,50,bh,weighted_bh,max_block_share,-0.20672000000000001,-0.227082,-0.187035,500
false10,50,bh,weighted_bh,mean_pairwise_tanimoto,-0.07392182689905166,-0.08119065872207283,-0.06684539298042655,500
false10,50,bh,chemdeprc_cap1,true_hits,2.128,1.7298499999999999,2.5460999999999996,500
false10,50,bh,chemdeprc_cap1,fdp,-0.042559999999999994,-0.051001,-0.035197000000000006,500
false10,50,bh,chemdeprc_cap1,fdp_exceeds_q,-0.1,-0.12605,-0.076,500
false10,50,bh,chemdeprc_cap1,unique_blocks,27.906,27.34595,28.496299999999998,500
false10,50,bh,chemdeprc_cap1,max_block_share,-0.27115999999999996,-0.29020300000000004,-0.25251700000000005,500
false10,50,bh,chemdeprc_cap1,mean_pairwise_tanimoto,-0.07964276906847954,-0.08601196095868945,-0.07345618741661311,500
false10,50,bh,chemdeprc_soft75,true_hits,2.116,1.7159499999999999,2.4781,500
false10,50,bh,chemdeprc_soft75,fdp,-0.042480000000000004,-0.050842000000000005,-0.03539700000000001,500
false10,50,bh,chemdeprc_soft75,fdp_exceeds_q,-0.088,-0.114,-0.064,500
false10,50,bh,chemdeprc_soft75,unique_blocks,16.224,15.66585,16.780050000000003,500
false10,50,bh,chemdeprc_soft75,max_block_share,-0.24582666666666667,-0.265101,-0.22648033333333337,500
false10,50,bh,chemdeprc_soft75,mean_pairwise_tanimoto,-0.0612872309088707,-0.06753888287991286,-0.055922111925482756,500
false10,50,bh,chemdeprc_scoresoft50,true_hits,0.872,0.4979,1.246,500
false10,50,bh,chemdeprc_scoresoft50,fdp,-0.017440000000000004,-0.024680000000000004,-0.010319000000000002,500
false10,50,bh,chemdeprc_scoresoft50,fdp_exceeds_q,-0.018,-0.03,-0.008,500
false10,50,bh,chemdeprc_scoresoft50,unique_blocks,5.342,4.7419,5.922249999999999,500
false10,50,bh,chemdeprc_scoresoft50,max_block_share,-0.20915999999999998,-0.22668600000000003,-0.18942600000000007,500
false10,50,bh,chemdeprc_scoresoft50,mean_pairwise_tanimoto,-0.05006639075279236,-0.055866342511028046,-0.044625634158402684,500
false10,100,bh,weighted_bh,true_hits,-3.176,-3.80205,-2.5498,500
false10,100,bh,weighted_bh,fdp,0.03176000000000001,0.025679000000000007,0.0381835,500
false10,100,bh,weighted_bh,fdp_exceeds_q,0.0,0.0,0.0,500
false10,100,bh,weighted_bh,unique_blocks,30.364,29.4038,31.2761,500
false10,100,bh,weighted_bh,max_block_share,-0.18112,-0.19304200000000002,-0.16879899999999998,500
false10,100,bh,weighted_bh,mean_pairwise_tanimoto,-0.06299771913886071,-0.06708584138974548,-0.05888889896720649,500
false10,100,bh,chemdeprc_cap1,true_hits,-13.13,-14.1222,-12.193850000000001,500
false10,100,bh,chemdeprc_cap1,fdp,0.10745394048773829,0.09595955957185892,0.11755769012091109,500
false10,100,bh,chemdeprc_cap1,fdp_exceeds_q,-0.008,-0.016,-0.002,500
false10,100,bh,chemdeprc_cap1,unique_blocks,55.934,54.839850000000006,56.974199999999996,500
false10,100,bh,chemdeprc_cap1,max_block_share,-0.24553888732204995,-0.25650120873246024,-0.23312064693632428,500
false10,100,bh,chemdeprc_cap1,mean_pairwise_tanimoto,-0.08635722622275352,-0.09176271052360535,-0.0808988028898835,500
false10,100,bh,chemdeprc_soft75,true_hits,-3.516,-4.20815,-2.8599,500
false10,100,bh,chemdeprc_soft75,fdp,0.03516000000000001,0.028199000000000002,0.04182100000000001,500
false10,100,bh,chemdeprc_soft75,fdp_exceeds_q,0.0,0.0,0.0,500
false10,100,bh,chemdeprc_soft75,unique_blocks,37.016,36.281749999999995,37.9181,500
false10,100,bh,chemdeprc_soft75,max_block_share,-0.23230000000000003,-0.24498100000000003,-0.220994,500
false10,100,bh,chemdeprc_soft75,mean_pairwise_tanimoto,-0.0693571614921093,-0.07345828379243612,-0.06482050444856285,500
false10,100,bh,chemdeprc_scoresoft50,true_hits,-1.742,-2.3341000000000003,-1.1778000000000002,500
false10,100,bh,chemdeprc_scoresoft50,fdp,0.017420000000000012,0.011678000000000006,0.02382050000000001,500
false10,100,bh,chemdeprc_scoresoft50,fdp_exceeds_q,0.0,0.0,0.0,500
false10,100,bh,chemdeprc_scoresoft50,unique_blocks,15.64,14.7772,16.50015,500
false10,100,bh,chemdeprc_scoresoft50,max_block_share,-0.20778,-0.22004,-0.195659,500
false10,100,bh,chemdeprc_scoresoft50,mean_pairwise_tanimoto,-0.049276099413633354,-0.052726454780250794,-0.04588576317951084,500
false25,50,bh,weighted_bh,true_hits,1.176,0.7258,1.59005,500
false25,50,bh,weighted_bh,fdp,-0.023520000000000003,-0.03184,-0.015757000000000007,500
false25,50,bh,weighted_bh,fdp_exceeds_q,-0.042,-0.06,-0.025950000000000046,500
false25,50,bh,weighted_bh,unique_blocks,17.018,16.2818,17.70015,500
false25,50,bh,weighted_bh,max_block_share,-0.201,-0.22004500000000002,-0.18184000000000003,500
false25,50,bh,weighted_bh,mean_pairwise_tanimoto,-0.07338684722781182,-0.08139709958583116,-0.06612564432993531,500
false25,50,bh,chemdeprc_cap1,true_hits,1.408,1.02,1.78005,500
false25,50,bh,chemdeprc_cap1,fdp,-0.028159999999999998,-0.036803999999999996,-0.020119,500
false25,50,bh,chemdeprc_cap1,fdp_exceeds_q,-0.098,-0.124,-0.072,500
false25,50,bh,chemdeprc_cap1,unique_blocks,27.906,27.339949999999998,28.432499999999997,500
false25,50,bh,chemdeprc_cap1,max_block_share,-0.27115999999999996,-0.29008100000000003,-0.251876,500
false25,50,bh,chemdeprc_cap1,mean_pairwise_tanimoto,-0.08681055572628975,-0.09410907004997134,-0.08009472364932299,500
false25,50,bh,chemdeprc_soft75,true_hits,2.032,1.6299499999999998,2.472,500
false25,50,bh,chemdeprc_soft75,fdp,-0.04064,-0.049125,-0.032599,500
false25,50,bh,chemdeprc_soft75,fdp_exceeds_q,-0.09,-0.116,-0.066,500
false25,50,bh,chemdeprc_soft75,unique_blocks,16.776,16.23385,17.314,500
false25,50,bh,chemdeprc_soft75,max_block_share,-0.24672,-0.266048,-0.22776000000000002,500
false25,50,bh,chemdeprc_soft75,mean_pairwise_tanimoto,-0.06873843482136727,-0.07478660121709109,-0.06262312130481004,500
false25,50,bh,chemdeprc_scoresoft50,true_hits,0.828,0.42365,1.2282499999999998,500
false25,50,bh,chemdeprc_scoresoft50,fdp,-0.016560000000000002,-0.023647000000000005,-0.009119000000000002,500
false25,50,bh,chemdeprc_scoresoft50,fdp_exceeds_q,-0.038,-0.056,-0.022,500
false25,50,bh,chemdeprc_scoresoft50,unique_blocks,8.152,7.58165,8.7403,500
false25,50,bh,chemdeprc_scoresoft50,max_block_share,-0.22124000000000002,-0.24044100000000002,-0.20239800000000002,500
false25,50,bh,chemdeprc_scoresoft50,mean_pairwise_tanimoto,-0.05564393463730812,-0.06150922639966011,-0.05031015319600701,500
false25,100,bh,weighted_bh,true_hits,-3.536,-4.146,-2.91,500
false25,100,bh,weighted_bh,fdp,0.035360000000000016,0.02901800000000001,0.041920000000000006,500
false25,100,bh,weighted_bh,fdp_exceeds_q,0.0,0.0,0.0,500
false25,100,bh,weighted_bh,unique_blocks,28.062,27.2715,28.82205,500
false25,100,bh,weighted_bh,max_block_share,-0.17468,-0.18703999999999998,-0.1635995,500
false25,100,bh,weighted_bh,mean_pairwise_tanimoto,-0.06416196528077125,-0.0690462259501219,-0.05961981291919947,500
false25,100,bh,chemdeprc_cap1,true_hits,-17.886,-18.984050000000003,-16.78195,500
false25,100,bh,chemdeprc_cap1,fdp,0.12938992084438,0.11788197492168923,0.14073056353146401,500
false25,100,bh,chemdeprc_cap1,fdp_exceeds_q,-0.032,-0.048,-0.016,500
false25,100,bh,chemdeprc_cap1,unique_blocks,51.73,50.46195,52.822100000000006,500
false25,100,bh,chemdeprc_cap1,max_block_share,-0.24492274275158393,-0.25606923829392675,-0.2339882221083291,500
false25,100,bh,chemdeprc_cap1,mean_pairwise_tanimoto,-0.08923405334353447,-0.09425194385796785,-0.08372508114650846,500
false25,100,bh,chemdeprc_soft75,true_hits,-5.296,-5.97045,-4.56595,500
false25,100,bh,chemdeprc_soft75,fdp,0.05296000000000001,0.045159000000000005,0.06014100000000001,500
false25,100,bh,chemdeprc_soft75,fdp_exceeds_q,0.0,0.0,0.0,500
false25,100,bh,chemdeprc_soft75,unique_blocks,38.218,37.4078,38.95425,500
false25,100,bh,chemdeprc_soft75,max_block_share,-0.23336,-0.24391149999999998,-0.2219365,500
false25,100,bh,chemdeprc_soft75,mean_pairwise_tanimoto,-0.07402678582072258,-0.07855995782017708,-0.06954261233881118,500
false25,100,bh,chemdeprc_scoresoft50,true_hits,-2.878,-3.5061,-2.22575,500
false25,100,bh,chemdeprc_scoresoft50,fdp,0.028780000000000007,0.023039000000000004,0.0352,500
false25,100,bh,chemdeprc_scoresoft50,fdp_exceeds_q,0.0,0.0,0.0,500
false25,100,bh,chemdeprc_scoresoft50,unique_blocks,21.19,20.373849999999997,22.0201,500
false25,100,bh,chemdeprc_scoresoft50,max_block_share,-0.21446,-0.22666150000000002,-0.203077,500
false25,100,bh,chemdeprc_scoresoft50,mean_pairwise_tanimoto,-0.05676206094026566,-0.060477130681276345,-0.05318461386859419,500
false50,50,bh,weighted_bh,true_hits,-0.01,-0.446,0.44604999999999995,500
false50,50,bh,weighted_bh,fdp,0.00019999999999999752,-0.008923,0.008719999999999999,500
false50,50,bh,weighted_bh,fdp_exceeds_q,-0.032,-0.048,-0.018,500
false50,50,bh,weighted_bh,unique_blocks,14.958,14.309750000000001,15.660449999999999,500
false50,50,bh,weighted_bh,max_block_share,-0.18980000000000002,-0.20884200000000003,-0.17027600000000004,500
false50,50,bh,weighted_bh,mean_pairwise_tanimoto,-0.07721510401368141,-0.08476315215826034,-0.06923926836624741,500
false50,50,bh,chemdeprc_cap1,true_hits,-0.074,-0.482,0.31204999999999994,500
false50,50,bh,chemdeprc_cap1,fdp,0.0003119749753195311,-0.00825059928016987,0.008081068440041939,500
false50,50,bh,chemdeprc_cap1,fdp_exceeds_q,-0.096,-0.122,-0.07195000000000004,500
false50,50,bh,chemdeprc_cap1,unique_blocks,27.816,27.29195,28.356050000000003,500
false50,50,bh,chemdeprc_cap1,max_block_share,-0.27112013541512237,-0.2902545890295494,-0.25184848551586264,500
false50,50,bh,chemdeprc_cap1,mean_pairwise_tanimoto,-0.09378431260585784,-0.1014081486351788,-0.08712670500278473,500
false50,50,bh,chemdeprc_soft75,true_hits,1.032,0.618,1.4382999999999997,500
false50,50,bh,chemdeprc_soft75,fdp,-0.02064,-0.027919999999999997,-0.013237,500
false50,50,bh,chemdeprc_soft75,fdp_exceeds_q,-0.084,-0.11,-0.06,500
false50,50,bh,chemdeprc_soft75,unique_blocks,18.134,17.617849999999997,18.68825,500
false50,50,bh,chemdeprc_soft75,max_block_share,-0.2504,-0.26903999999999995,-0.231879,500
false50,50,bh,chemdeprc_soft75,mean_pairwise_tanimoto,-0.0784099331498146,-0.0851808502189815,-0.07161487607881427,500
false50,50,bh,chemdeprc_scoresoft50,true_hits,0.668,0.2939,1.04405,500
false50,50,bh,chemdeprc_scoresoft50,fdp,-0.013359999999999999,-0.021126000000000002,-0.005999000000000001,500
false50,50,bh,chemdeprc_scoresoft50,fdp_exceeds_q,-0.042,-0.06,-0.026,500
false50,50,bh,chemdeprc_scoresoft50,unique_blocks,12.034,11.4699,12.61605,500
false50,50,bh,chemdeprc_scoresoft50,max_block_share,-0.23068,-0.24968300000000004,-0.210679,500
false50,50,bh,chemdeprc_scoresoft50,mean_pairwise_tanimoto,-0.06109755504131317,-0.06744919822961093,-0.05523348472267389,500
false50,100,bh,weighted_bh,true_hits,-4.31,-4.92815,-3.60995,500
false50,100,bh,weighted_bh,fdp,0.04310000000000001,0.037037,0.049142,500
false50,100,bh,weighted_bh,fdp_exceeds_q,0.0,0.0,0.0,500
false50,100,bh,weighted_bh,unique_blocks,24.24,23.57595,24.9681,500
false50,100,bh,weighted_bh,max_block_share,-0.16416000000000003,-0.17628149999999998,-0.1533195,500
false50,100,bh,weighted_bh,mean_pairwise_tanimoto,-0.06256588661670685,-0.06737834309339524,-0.05816793962344529,500
false50,100,bh,chemdeprc_cap1,true_hits,-28.41,-29.8242,-27.06185,500
false50,100,bh,chemdeprc_cap1,fdp,0.13950250472478287,0.12791311213645581,0.15089292694200446,500
false50,100,bh,chemdeprc_cap1,fdp_exceeds_q,-0.06,-0.082,-0.04,500
false50,100,bh,chemdeprc_cap1,unique_blocks,37.502,36.1616,38.836149999999996,500
false50,100,bh,chemdeprc_cap1,max_block_share,-0.242592522465191,-0.2544431109408623,-0.2313228547982489,500
false50,100,bh,chemdeprc_cap1,mean_pairwise_tanimoto,-0.08823164010047913,-0.0935148797750473,-0.08280775459557772,500
false50,100,bh,chemdeprc_soft75,true_hits,-10.032,-10.90605,-9.149650000000001,500
false50,100,bh,chemdeprc_soft75,fdp,0.10032,0.09112,0.1092405,500
false50,100,bh,chemdeprc_soft75,fdp_exceeds_q,0.0,0.0,0.0,500
false50,100,bh,chemdeprc_soft75,unique_blocks,39.322,38.4959,40.15615,500
false50,100,bh,chemdeprc_soft75,max_block_share,-0.23226,-0.24354599999999998,-0.22083650000000002,500
false50,100,bh,chemdeprc_soft75,mean_pairwise_tanimoto,-0.0807843865454197,-0.08573548490330576,-0.07600143017321825,500
false50,100,bh,chemdeprc_scoresoft50,true_hits,-5.076,-5.7542,-4.4217,500
false50,100,bh,chemdeprc_scoresoft50,fdp,0.05076000000000001,0.04376000000000001,0.05680050000000001,500
false50,100,bh,chemdeprc_scoresoft50,fdp_exceeds_q,0.0,0.0,0.0,500
false50,100,bh,chemdeprc_scoresoft50,unique_blocks,28.372,27.62595,29.17425,500
false50,100,bh,chemdeprc_scoresoft50,max_block_share,-0.2221,-0.23404049999999998,-0.210299,500
false50,100,bh,chemdeprc_scoresoft50,mean_pairwise_tanimoto,-0.06699375501275062,-0.07147673238664864,-0.06284401499554515,500
singleton,50,bh,weighted_bh,true_hits,0.0,0.0,0.0,500
singleton,50,bh,weighted_bh,fdp,0.0,0.0,0.0,500
singleton,50,bh,weighted_bh,fdp_exceeds_q,0.0,0.0,0.0,500
singleton,50,bh,weighted_bh,unique_blocks,0.0,0.0,0.0,500
singleton,50,bh,weighted_bh,max_block_share,0.0,0.0,0.0,500
singleton,50,bh,weighted_bh,mean_pairwise_tanimoto,0.0,0.0,0.0,500
singleton,50,bh,chemdeprc_cap1,true_hits,0.0,0.0,0.0,500
singleton,50,bh,chemdeprc_cap1,fdp,0.0,0.0,0.0,500
singleton,50,bh,chemdeprc_cap1,fdp_exceeds_q,0.0,0.0,0.0,500
singleton,50,bh,chemdeprc_cap1,unique_blocks,0.0,0.0,0.0,500
singleton,50,bh,chemdeprc_cap1,max_block_share,0.0,0.0,0.0,500
singleton,50,bh,chemdeprc_cap1,mean_pairwise_tanimoto,0.0,0.0,0.0,500
singleton,50,bh,chemdeprc_soft75,true_hits,-9.914,-10.19005,-9.636,500
singleton,50,bh,chemdeprc_soft75,fdp,0.009589473684210498,0.006532105263157869,0.012808684210526288,500
singleton,50,bh,chemdeprc_soft75,fdp_exceeds_q,-0.026,-0.042,-0.012,500
singleton,50,bh,chemdeprc_soft75,unique_blocks,-3.708,-3.8521,-3.5599000000000003,500
singleton,50,bh,chemdeprc_soft75,max_block_share,0.01947157894736839,0.014831315789473649,0.02366752631578944,500
singleton,50,bh,chemdeprc_soft75,mean_pairwise_tanimoto,0.01914326971769333,0.01722884164452553,0.02088589253425598,500
singleton,50,bh,chemdeprc_scoresoft50,true_hits,-20.654,-21.182,-20.09995,500
singleton,50,bh,chemdeprc_scoresoft50,fdp,0.030359999999999998,0.0234,0.03696000000000001,500
singleton,50,bh,chemdeprc_scoresoft50,fdp_exceeds_q,-0.022,-0.044,-0.002,500
singleton,50,bh,chemdeprc_scoresoft50,unique_blocks,-8.936,-9.18005,-8.67395,500
singleton,50,bh,chemdeprc_scoresoft50,max_block_share,0.058120000000000005,0.050277999999999996,0.06531999999999999,500
singleton,50,bh,chemdeprc_scoresoft50,mean_pairwise_tanimoto,0.05339199161529541,0.04947998854070902,0.05745150300636887,500
singleton,100,bh,weighted_bh,true_hits,0.0,0.0,0.0,500
singleton,100,bh,weighted_bh,fdp,0.0,0.0,0.0,500
singleton,100,bh,weighted_bh,fdp_exceeds_q,0.0,0.0,0.0,500
singleton,100,bh,weighted_bh,unique_blocks,0.0,0.0,0.0,500
singleton,100,bh,weighted_bh,max_block_share,0.0,0.0,0.0,500
singleton,100,bh,weighted_bh,mean_pairwise_tanimoto,0.0,0.0,0.0,500
singleton,100,bh,chemdeprc_cap1,true_hits,0.0,0.0,0.0,500
singleton,100,bh,chemdeprc_cap1,fdp,0.0,0.0,0.0,500
singleton,100,bh,chemdeprc_cap1,fdp_exceeds_q,0.0,0.0,0.0,500
singleton,100,bh,chemdeprc_cap1,unique_blocks,0.0,0.0,0.0,500
singleton,100,bh,chemdeprc_cap1,max_block_share,0.0,0.0,0.0,500
singleton,100,bh,chemdeprc_cap1,mean_pairwise_tanimoto,0.0,0.0,0.0,500
singleton,100,bh,chemdeprc_soft75,true_hits,-20.384,-20.91815,-19.86395,500
singleton,100,bh,chemdeprc_soft75,fdp,0.002273333333333313,0.0001994999999999776,0.004426833333333313,500
singleton,100,bh,chemdeprc_soft75,fdp_exceeds_q,0.0,0.0,0.0,500
singleton,100,bh,chemdeprc_soft75,unique_blocks,-9.006,-9.31015,-8.6719,500
singleton,100,bh,chemdeprc_soft75,max_block_share,0.033339999999999974,0.027599499999999975,0.03852749999999998,500
singleton,100,bh,chemdeprc_soft75,mean_pairwise_tanimoto,0.018220350235700598,0.015708788987249128,0.02073423616662621,500
singleton,100,bh,chemdeprc_scoresoft50,true_hits,-41.064,-42.16405,-39.84795,500
singleton,100,bh,chemdeprc_scoresoft50,fdp,0.012740000000000001,0.007597000000000004,0.018162,500
singleton,100,bh,chemdeprc_scoresoft50,fdp_exceeds_q,0.0,0.0,0.0,500
singleton,100,bh,chemdeprc_scoresoft50,unique_blocks,-17.038,-17.5562,-16.539949999999997,500
singleton,100,bh,chemdeprc_scoresoft50,max_block_share,0.03498,0.025780000000000004,0.04462150000000001,500
singleton,100,bh,chemdeprc_scoresoft50,mean_pairwise_tanimoto,0.030853594005107877,0.027431411597132683,0.03464023422673344,500
all_merged,50,bh,weighted_bh,true_hits,0.0,0.0,0.0,500
all_merged,50,bh,weighted_bh,fdp,0.0,0.0,0.0,500
all_merged,50,bh,weighted_bh,fdp_exceeds_q,0.0,0.0,0.0,500
all_merged,50,bh,weighted_bh,unique_blocks,0.0,0.0,0.0,500
all_merged,50,bh,weighted_bh,max_block_share,0.0,0.0,0.0,500
all_merged,50,bh,weighted_bh,mean_pairwise_tanimoto,0.0,0.0,0.0,500
all_merged,50,bh,chemdeprc_cap1,true_hits,-39.234,-40.24,-38.22755,500
all_merged,50,bh,chemdeprc_cap1,fdp,0.2398,0.206106,0.27324,500
all_merged,50,bh,chemdeprc_cap1,fdp_exceeds_q,0.344,0.298,0.394,500
all_merged,50,bh,chemdeprc_cap1,unique_blocks,-21.094,-21.66025,-20.4679,500
all_merged,50,bh,chemdeprc_cap1,max_block_share,0.7088399999999999,0.690639,0.7271210000000001,500
all_merged,50,bh,chemdeprc_cap1,mean_pairwise_tanimoto,-0.2910393822193146,-0.3006571193933487,-0.2814804215118289,500
all_merged,50,bh,chemdeprc_soft75,true_hits,0.0,0.0,0.0,500
all_merged,50,bh,chemdeprc_soft75,fdp,0.0,0.0,0.0,500
all_merged,50,bh,chemdeprc_soft75,fdp_exceeds_q,0.0,0.0,0.0,500
all_merged,50,bh,chemdeprc_soft75,unique_blocks,0.0,0.0,0.0,500
all_merged,50,bh,chemdeprc_soft75,max_block_share,0.0,0.0,0.0,500
all_merged,50,bh,chemdeprc_soft75,mean_pairwise_tanimoto,0.0,0.0,0.0,500
all_merged,50,bh,chemdeprc_scoresoft50,true_hits,0.0,0.0,0.0,500
all_merged,50,bh,chemdeprc_scoresoft50,fdp,0.0,0.0,0.0,500
all_merged,50,bh,chemdeprc_scoresoft50,fdp_exceeds_q,0.0,0.0,0.0,500
all_merged,50,bh,chemdeprc_scoresoft50,unique_blocks,0.0,0.0,0.0,500
all_merged,50,bh,chemdeprc_scoresoft50,max_block_share,0.0,0.0,0.0,500
all_merged,50,bh,chemdeprc_scoresoft50,mean_pairwise_tanimoto,0.0,0.0,0.0,500
all_merged,100,bh,weighted_bh,true_hits,0.0,0.0,0.0,500
all_merged,100,bh,weighted_bh,fdp,0.0,0.0,0.0,500
all_merged,100,bh,weighted_bh,fdp_exceeds_q,0.0,0.0,0.0,500
all_merged,100,bh,weighted_bh,unique_blocks,0.0,0.0,0.0,500
all_merged,100,bh,weighted_bh,max_block_share,0.0,0.0,0.0,500
all_merged,100,bh,weighted_bh,mean_pairwise_tanimoto,0.0,0.0,0.0,500
all_merged,100,bh,chemdeprc_cap1,true_hits,-80.298,-82.27445,-78.0557,500
all_merged,100,bh,chemdeprc_cap1,fdp,0.25254,0.214695,0.2919675,500
all_merged,100,bh,chemdeprc_cap1,fdp_exceeds_q,0.344,0.30195,0.392,500
all_merged,100,bh,chemdeprc_cap1,unique_blocks,-38.132,-38.9824,-37.2859,500
all_merged,100,bh,chemdeprc_cap1,max_block_share,0.7438199999999999,0.731757,0.75478,500
all_merged,100,bh,chemdeprc_cap1,mean_pairwise_tanimoto,-0.2601857882142067,-0.26660763608887794,-0.25383433122634885,500
all_merged,100,bh,chemdeprc_soft75,true_hits,0.0,0.0,0.0,500
all_merged,100,bh,chemdeprc_soft75,fdp,0.0,0.0,0.0,500
all_merged,100,bh,chemdeprc_soft75,fdp_exceeds_q,0.0,0.0,0.0,500
all_merged,100,bh,chemdeprc_soft75,unique_blocks,0.0,0.0,0.0,500
all_merged,100,bh,chemdeprc_soft75,max_block_share,0.0,0.0,0.0,500
all_merged,100,bh,chemdeprc_soft75,mean_pairwise_tanimoto,0.0,0.0,0.0,500
all_merged,100,bh,chemdeprc_scoresoft50,true_hits,0.0,0.0,0.0,500
all_merged,100,bh,chemdeprc_scoresoft50,fdp,0.0,0.0,0.0,500
all_merged,100,bh,chemdeprc_scoresoft50,fdp_exceeds_q,0.0,0.0,0.0,500
all_merged,100,bh,chemdeprc_scoresoft50,unique_blocks,0.0,0.0,0.0,500
all_merged,100,bh,chemdeprc_scoresoft50,max_block_share,0.0,0.0,0.0,500
all_merged,100,bh,chemdeprc_scoresoft50,mean_pairwise_tanimoto,0.0,0.0,0.0,500
