dataset,scenario,q,budget_label,method,selected_count,true_hits,fdp,precision,unique_blocks,max_block_share,mean_pairwise_similarity,fdp_exceeds_q,pareto_member,confounder_blocks,confounder_negative_images,selected_count_std,true_hits_std,fdp_std,precision_std,unique_blocks_std,max_block_share_std,mean_pairwise_similarity_std,fdp_exceeds_q_std,pareto_member_std,confounder_blocks_std,confounder_negative_images_std,n_tasks
olivetti_faces_group10,natural,0.7,100,bh,33.08,9.52,0.6297128659775552,0.37028713402244484,6.4,0.33845498309914956,0.11484668239485472,0.5,0.86,0.0,0.0,15.926924962952206,0.8861749953869035,0.19632176863547937,0.1963217686354794,1.385051387833237,0.13317004411820044,0.09533468248337129,0.5050762722761054,0.3505098327538656,0.0,0.0,50
olivetti_faces_group10,natural,0.7,100,chemdeprc_cap1,4.74,3.62,0.20402380952380952,0.7959761904761905,4.74,0.24133333333333332,0.08970873020589351,0.0,0.98,0.0,0.0,1.651344535676975,1.0476406924170918,0.15793540934776376,0.1579354093477638,1.651344535676975,0.09601663080759693,0.12803227693539576,0.0,0.1414213562373095,0.0,0.0,50
olivetti_faces_group10,natural,0.7,100,chemdeprc_soft75,62.84,9.44,0.8340740903575292,0.16592590964247084,4.74,0.3638239118293343,0.07749342182571127,1.0,0.76,0.0,0.0,21.244312564225996,0.951046684405328,0.05149324938627902,0.051493249386279,1.651344535676975,0.12310551464403964,0.07545360210623912,0.0,0.4314191105869001,0.0,0.0,50
olivetti_faces_group10,natural,0.7,100,raw_top_b,100.0,10.0,0.9,0.1,8.0,0.23800000000000002,0.0026706078354618514,1.0,0.62,0.0,0.0,0.0,0.0,0.0,0.0,0.0,0.04010191099319487,0.007627016419230539,0.0,0.4903143514780147,0.0,0.0,50
olivetti_faces_group10,natural,0.7,100,score_cap1,8.0,3.94,0.5075,0.4925,8.0,0.125,-0.0174179351166822,0.04,1.0,0.0,0.0,0.0,0.9563962973323454,0.11954953716654318,0.11954953716654318,0.0,0.0,0.033569762046062296,0.19794866372215741,0.0,0.0,0.0,50
olivetti_faces_group10,natural,0.7,100,score_dpp,100.0,10.0,0.9,0.1,8.0,0.23800000000000002,0.0026706076838308944,1.0,0.66,0.0,0.0,0.0,0.0,0.0,0.0,0.0,0.04010191099319487,0.00762701665727133,0.0,0.4785181206984063,0.0,0.0,50
olivetti_faces_group10,natural,0.7,100,score_mmr25,100.0,10.0,0.9,0.1,8.0,0.23800000000000002,0.0026706076838308944,1.0,0.66,0.0,0.0,0.0,0.0,0.0,0.0,0.0,0.04010191099319487,0.00762701665727133,0.0,0.4785181206984063,0.0,0.0,50
olivetti_faces_group10,natural,0.7,100,weighted_bh,28.98,9.42,0.6030864484254258,0.39691355157457425,6.4,0.319151555014365,0.1288554616496549,0.34,0.94,0.0,0.0,12.869026254332292,0.78480466827545,0.1867284691951189,0.18672846919511893,1.4708043058552858,0.1291783449393199,0.10064004290254254,0.4785181206984065,0.23989793748209526,0.0,0.0,50
olivetti_faces_group10,natural,0.7,25,bh,21.94,9.28,0.5475470433038343,0.45245295669616575,6.0,0.36460077089569615,0.1445886817201972,0.0,0.36,0.0,0.0,5.076596963980287,0.9697464427701223,0.13969526610171612,0.13969526610171612,1.142857142857143,0.1294159553577161,0.08910832074552433,0.0,0.48487322138506117,0.0,0.0,50
olivetti_faces_group10,natural,0.7,25,chemdeprc_cap1,4.74,3.62,0.20402380952380952,0.7959761904761905,4.74,0.24133333333333332,0.08970873020589351,0.0,0.98,0.0,0.0,1.651344535676975,1.0476406924170918,0.15793540934776376,0.1579354093477638,1.651344535676975,0.09601663080759693,0.12803227693539576,0.0,0.1414213562373095,0.0,0.0,50
olivetti_faces_group10,natural,0.7,25,chemdeprc_soft75,25.0,8.96,0.6416,0.35840000000000005,4.74,0.27440000000000003,0.12200090015307069,0.08,0.64,0.0,0.0,0.0,1.1945454263066784,0.04778181705226715,0.04778181705226713,1.651344535676975,0.11655181907894978,0.08989422715869053,0.27404751561786966,0.48487322138506117,0.0,0.0,50
olivetti_faces_group10,natural,0.7,25,raw_top_b,25.0,9.52,0.6192,0.38079999999999997,6.32,0.34240000000000004,0.12391398571431637,0.0,0.08,0.0,0.0,0.0,0.677329690921697,0.027093187636867907,0.027093187636867893,0.8907689867497084,0.10066229661190765,0.07339703832562605,0.0,0.2740475156178697,0.0,0.0,50
olivetti_faces_group10,natural,0.7,25,score_cap1,8.0,3.94,0.5075,0.4925,8.0,0.125,-0.0174179351166822,0.04,1.0,0.0,0.0,0.0,0.9563962973323454,0.11954953716654318,0.11954953716654318,0.0,0.0,0.033569762046062296,0.19794866372215741,0.0,0.0,0.0,50
olivetti_faces_group10,natural,0.7,25,score_dpp,25.0,9.46,0.6215999999999999,0.3784,6.92,0.33039999999999997,0.08904645971953869,0.02,0.32,0.0,0.0,0.0,0.7615773105863909,0.030463092423455646,0.03046309242345565,0.7515969393123374,0.09207273078986004,0.06298752987265817,0.14142135623730948,0.47121207149916117,0.0,0.0,50
olivetti_faces_group10,natural,0.7,25,score_mmr25,25.0,9.2,0.632,0.368,7.22,0.3104,0.04616692995710764,0.02,0.78,0.0,0.0,0.0,0.808122035641769,0.03232488142567077,0.03232488142567075,0.7365113574085851,0.07690333184576328,0.03725191228963192,0.14142135623730948,0.4184519575964803,0.0,0.0,50
olivetti_faces_group10,natural,0.7,25,weighted_bh,21.78,9.28,0.5435151962483905,0.4564848037516095,6.12,0.3478333269428706,0.14645910620689392,0.04,0.58,0.0,0.0,5.023577065260594,0.9267014137272488,0.1441886918196775,0.14418869181967747,1.3192453006417368,0.12135299559550898,0.09558689730570424,0.19794866372215741,0.4985693819032898,0.0,0.0,50
olivetti_faces_group10,natural,0.7,50,bh,31.68,9.52,0.6251512520806558,0.37484874791934414,6.4,0.3396422831269553,0.11586743667954578,0.5,0.8,0.0,0.0,13.647815105094924,0.8861749953869035,0.19175397540168723,0.1917539754016872,1.385051387833237,0.13336245331823926,0.0946240260158214,0.5050762722761054,0.40406101782088427,0.0,0.0,50
olivetti_faces_group10,natural,0.7,50,chemdeprc_cap1,4.74,3.62,0.20402380952380952,0.7959761904761905,4.74,0.24133333333333332,0.08970873020589351,0.0,0.98,0.0,0.0,1.651344535676975,1.0476406924170918,0.15793540934776376,0.1579354093477638,1.651344535676975,0.09601663080759693,0.12803227693539576,0.0,0.1414213562373095,0.0,0.0,50
olivetti_faces_group10,natural,0.7,50,chemdeprc_soft75,46.58,9.44,0.7950229419121869,0.20497705808781308,4.74,0.30483075840388013,0.08806606391444802,1.0,0.44,0.0,0.0,6.124857349442548,0.951046684405328,0.025853033873453137,0.025853033873453127,1.651344535676975,0.15035289550336367,0.07127204520471443,0.0,0.501426536422407,0.0,0.0,50
olivetti_faces_group10,natural,0.7,50,raw_top_b,50.0,9.9,0.802,0.198,7.38,0.2752,0.05338128448696807,1.0,0.32,0.0,0.0,0.0,0.3030457633656632,0.00606091526731322,0.006060915267313269,0.6966391622992346,0.06731709914081782,0.03791296914556726,0.0,0.47121207149916117,0.0,0.0,50
olivetti_faces_group10,natural,0.7,50,score_cap1,8.0,3.94,0.5075,0.4925,8.0,0.125,-0.0174179351166822,0.04,1.0,0.0,0.0,0.0,0.9563962973323454,0.11954953716654318,0.11954953716654318,0.0,0.0,0.033569762046062296,0.19794866372215741,0.0,0.0,0.0,50
olivetti_faces_group10,natural,0.7,50,score_dpp,50.0,9.58,0.8084,0.1916,7.9,0.2536,0.009953400708327535,1.0,0.6,0.0,0.0,0.0,0.5746338674605362,0.011492677349210688,0.011492677349210726,0.30304576336566325,0.04889639192064322,0.014983008945103996,0.0,0.49487165930539356,0.0,0.0,50
olivetti_faces_group10,natural,0.7,50,score_mmr25,50.0,9.48,0.8104,0.18960000000000002,7.9,0.24359999999999998,0.0053522506202170915,1.0,0.82,0.0,0.0,0.0,0.677329690921697,0.013546593818433903,0.013546593818433941,0.3030457633656633,0.04383456841073154,0.012274690626155481,0.0,0.3880879344916036,0.0,0.0,50
olivetti_faces_group10,natural,0.7,50,weighted_bh,28.58,9.42,0.6017687852670319,0.39823121473296813,6.4,0.32021049984190936,0.12952932752668858,0.34,0.9,0.0,0.0,12.0459833258109,0.78480466827545,0.18514468082482916,0.1851446808248291,1.4708043058552858,0.12864818497269337,0.10012438808067148,0.4785181206984065,0.30304576336566325,0.0,0.0,50
olivetti_faces_group10,visual_cluster_confounder,0.7,100,bh,43.66,9.66,0.7209824403922898,0.27901755960771035,6.76,0.3374045366938799,0.09470774446963333,0.66,0.86,1.0,13.46,18.754710972805455,0.8233827686279754,0.15486204018155683,0.15486204018155683,1.2381684960011687,0.11132277358755664,0.09070439854054671,0.4785181206984065,0.35050983275386566,0.0,5.5959533484073125,50
olivetti_faces_group10,visual_cluster_confounder,0.7,100,chemdeprc_cap1,4.84,3.52,0.24785714285714286,0.7521428571428571,4.84,0.2333333333333333,0.07201340533792973,0.0,0.98,1.0,13.46,1.5954015552358534,1.0736168130317676,0.1593008246743032,0.1593008246743032,1.5954015552358534,0.08882534374243703,0.10202644234659236,0.0,0.1414213562373095,0.0,5.5959533484073125,50
olivetti_faces_group10,visual_cluster_confounder,0.7,100,chemdeprc_soft75,64.38,9.44,0.8385088848158531,0.16149111518414697,4.84,0.35711010053905246,0.06997133752251102,1.0,0.7,1.0,13.46,20.625811053935625,0.951046684405328,0.05193736906107789,0.05193736906107788,1.5954015552358534,0.11893555138724693,0.0695983299220328,0.0,0.4629100498862757,0.0,5.5959533484073125,50
olivetti_faces_group10,visual_cluster_confounder,0.7,100,raw_top_b,100.0,10.0,0.9,0.1,8.0,0.23800000000000002,0.0026706076064147055,1.0,0.68,1.0,13.46,0.0,0.0,0.0,0.0,0.0,0.04010191099319487,0.007627016508312337,0.0,0.4712120714991611,0.0,5.5959533484073125,50
olivetti_faces_group10,visual_cluster_confounder,0.7,100,score_cap1,8.0,3.84,0.52,0.48,8.0,0.125,-0.016972112397197633,0.04,1.0,1.0,13.46,0.0,0.9553287712743137,0.11941609640928921,0.11941609640928921,0.0,0.0,0.033482079798230965,0.19794866372215741,0.0,0.0,5.5959533484073125,50
olivetti_faces_group10,visual_cluster_confounder,0.7,100,score_dpp,100.0,10.0,0.9,0.1,8.0,0.23800000000000002,0.0026706076838308944,1.0,0.68,1.0,13.46,0.0,0.0,0.0,0.0,0.0,0.04010191099319487,0.00762701665727133,0.0,0.4712120714991612,0.0,5.5959533484073125,50
olivetti_faces_group10,visual_cluster_confounder,0.7,100,score_mmr25,100.0,10.0,0.9,0.1,8.0,0.23800000000000002,0.0026706076838308944,1.0,0.68,1.0,13.46,0.0,0.0,0.0,0.0,0.0,0.04010191099319487,0.00762701665727133,0.0,0.4712120714991612,0.0,5.5959533484073125,50
olivetti_faces_group10,visual_cluster_confounder,0.7,100,weighted_bh,38.62,9.58,0.6858707965914428,0.31412920340855716,6.86,0.3008003516861918,0.10064080408890731,0.64,0.98,1.0,13.46,16.939134739244672,0.6727949622466644,0.17612020703524706,0.17612020703524708,1.3851987258888456,0.11576525062193116,0.09986368885915824,0.4848732213850612,0.1414213562373095,0.0,5.5959533484073125,50
olivetti_faces_group10,visual_cluster_confounder,0.7,25,bh,23.58,9.36,0.5902689942907334,0.4097310057092666,5.96,0.3715625823451911,0.14152698962017893,0.02,0.36,1.0,13.46,3.812385829672242,0.9847821679779476,0.09153360380003206,0.09153360380003203,1.0093440990088969,0.11612436051354191,0.08720571678613936,0.14142135623730948,0.48487322138506117,0.0,5.5959533484073125,50
olivetti_faces_group10,visual_cluster_confounder,0.7,25,chemdeprc_cap1,4.84,3.52,0.24785714285714286,0.7521428571428571,4.84,0.2333333333333333,0.07201340533792973,0.0,0.98,1.0,13.46,1.5954015552358534,1.0736168130317676,0.1593008246743032,0.1593008246743032,1.5954015552358534,0.08882534374243703,0.10202644234659236,0.0,0.1414213562373095,0.0,5.5959533484073125,50
olivetti_faces_group10,visual_cluster_confounder,0.7,25,chemdeprc_soft75,25.0,8.88,0.6448,0.3552,4.84,0.2648,0.11431424204260111,0.1,0.74,1.0,13.46,0.0,1.2229105462304397,0.048916421849217635,0.04891642184921759,1.5954015552358534,0.11223590316464546,0.08820644554580157,0.30304576336566325,0.4430874976934521,0.0,5.5959533484073125,50
olivetti_faces_group10,visual_cluster_confounder,0.7,25,raw_top_b,25.0,9.48,0.6208,0.37920000000000004,6.1,0.3608,0.13324565866962076,0.02,0.18,1.0,13.46,0.0,0.7351245903010633,0.029404983612042544,0.029404983612042537,0.8630747123996122,0.10856842101097505,0.0793900065940884,0.14142135623730948,0.3880879344916036,0.0,5.5959533484073125,50
olivetti_faces_group10,visual_cluster_confounder,0.7,25,score_cap1,8.0,3.84,0.52,0.48,8.0,0.125,-0.016972112397197633,0.04,1.0,1.0,13.46,0.0,0.9553287712743137,0.11941609640928921,0.11941609640928921,0.0,0.0,0.033482079798230965,0.19794866372215741,0.0,0.0,5.5959533484073125,50
olivetti_faces_group10,visual_cluster_confounder,0.7,25,score_dpp,25.0,9.44,0.6224000000000001,0.3776,6.56,0.3552,0.10728249890729785,0.02,0.26,1.0,13.46,0.0,0.7866228513106405,0.03146491405242564,0.03146491405242561,0.7866228513106404,0.10178488721468486,0.07223064074770659,0.14142135623730948,0.4430874976934521,0.0,5.5959533484073125,50
olivetti_faces_group10,visual_cluster_confounder,0.7,25,score_mmr25,25.0,9.16,0.6335999999999999,0.3664,7.06,0.3344,0.06414298842195422,0.02,0.78,1.0,13.46,0.0,0.8889342392059454,0.035557369568237844,0.035557369568237816,0.7669180303696884,0.09889512069844086,0.047582506959657,0.14142135623730948,0.41845195759648035,0.0,5.5959533484073125,50
olivetti_faces_group10,visual_cluster_confounder,0.7,25,weighted_bh,22.88,9.26,0.5763405251095653,0.42365947489043465,6.08,0.346470094130156,0.14678494630381464,0.04,0.48,1.0,13.46,4.15338563642939,0.9435062700547638,0.11910307291080338,0.11910307291080342,1.1577599765345603,0.11213840571414745,0.09602044192059095,0.19794866372215741,0.5046720495044483,0.0,5.5959533484073125,50
olivetti_faces_group10,visual_cluster_confounder,0.7,50,bh,38.82,9.64,0.7070010698061315,0.29299893019386847,6.7,0.34252885784688913,0.1006070529203862,0.66,0.6,1.0,13.46,13.198160044924009,0.8270922757788647,0.1442692425219942,0.14426924252199422,1.216384740423314,0.11412891728035023,0.08831161726000519,0.4785181206984065,0.4948716593053936,0.0,5.5959533484073125,50
olivetti_faces_group10,visual_cluster_confounder,0.7,50,chemdeprc_cap1,4.84,3.52,0.24785714285714286,0.7521428571428571,4.84,0.2333333333333333,0.07201340533792973,0.0,0.98,1.0,13.46,1.5954015552358534,1.0736168130317676,0.1593008246743032,0.1593008246743032,1.5954015552358534,0.08882534374243703,0.10202644234659236,0.0,0.1414213562373095,0.0,5.5959533484073125,50
olivetti_faces_group10,visual_cluster_confounder,0.7,50,chemdeprc_soft75,47.16,9.44,0.7974673863566314,0.2025326136433686,4.84,0.293335520308642,0.08011917940340936,1.0,0.52,1.0,13.46,5.711999542674194,0.951046684405328,0.027984912213870703,0.027984912213870696,1.5954015552358534,0.146751205146943,0.06553009723897539,0.0,0.5046720495044484,0.0,5.5959533484073125,50
olivetti_faces_group10,visual_cluster_confounder,0.7,50,raw_top_b,50.0,9.88,0.8024000000000001,0.19760000000000003,7.28,0.29719999999999996,0.062164765861816705,1.0,0.28,1.0,13.46,0.0,0.3282607226593158,0.006565214453186286,0.006565214453186321,0.7570080742566726,0.0889861259536839,0.04380806838088514,0.0,0.4535573676110726,0.0,5.5959533484073125,50
olivetti_faces_group10,visual_cluster_confounder,0.7,50,score_cap1,8.0,3.84,0.52,0.48,8.0,0.125,-0.016972112397197633,0.04,1.0,1.0,13.46,0.0,0.9553287712743137,0.11941609640928921,0.11941609640928921,0.0,0.0,0.033482079798230965,0.19794866372215741,0.0,0.0,5.5959533484073125,50
olivetti_faces_group10,visual_cluster_confounder,0.7,50,score_dpp,50.0,9.54,0.8092,0.19080000000000003,7.9,0.26039999999999996,0.012841419299365952,1.0,0.54,1.0,13.46,0.0,0.676425177242955,0.013528503544859068,0.013528503544859105,0.30304576336566325,0.054434382891848127,0.017929797310730303,0.0,0.5034574339058886,0.0,5.5959533484073125,50
olivetti_faces_group10,visual_cluster_confounder,0.7,50,score_mmr25,50.0,9.48,0.8104,0.18960000000000002,7.92,0.25,0.007567793687358062,1.0,0.84,1.0,13.46,0.0,0.646497628513415,0.01292995257026826,0.0129299525702683,0.27404751561787,0.04802210375420462,0.014951507164056934,0.0,0.3703280399090206,0.0,5.5959533484073125,50
olivetti_faces_group10,visual_cluster_confounder,0.7,50,weighted_bh,36.0,9.58,0.6780736969088393,0.3219263030911606,6.82,0.30357987370685713,0.10462822908768431,0.64,0.8,1.0,13.46,13.22644228468881,0.6727949622466644,0.16946949486459723,0.16946949486459711,1.3656126680664888,0.11462762268645428,0.09736776570231793,0.4848732213850612,0.40406101782088427,0.0,5.5959533484073125,50
sklearn_digits,natural,0.7,100,bh,98.76,44.94,0.5440833834323654,0.45591661656763466,18.04,0.2559373887219232,0.15097492307424545,0.0,0.12,0.0,0.0,4.167708713234092,1.1677643038677608,0.02408137607777318,0.02408137607777317,2.0599187620201054,0.06483251877808627,0.03605807399174618,0.0,0.32826072265931594,0.0,0.0,50
sklearn_digits,natural,0.7,100,chemdeprc_cap1,8.84,5.62,0.3279746642246642,0.6720253357753357,8.84,0.1499401986901987,0.18829878628253938,0.06,1.0,0.0,0.0,3.599092856228512,2.2936469489724467,0.21514030627944739,0.21514030627944739,3.599092856228512,0.13850889923428855,0.11264358037632054,0.23989793748209523,0.0,0.0,0.0,50
sklearn_digits,natural,0.7,100,chemdeprc_soft75,91.92,36.7,0.5722169209253888,0.4277830790746112,8.84,0.2163853987464413,0.16471768364310266,0.22,0.98,0.0,0.0,15.427036960730828,7.946890034755093,0.1844415379277763,0.18444153792777626,3.599092856228512,0.1654951418636834,0.11390534098517753,0.41845195759648024,0.1414213562373095,0.0,0.0,50
sklearn_digits,natural,0.7,100,raw_top_b,100.0,44.94,0.5506,0.44939999999999997,18.22,0.2534,0.14840390890836716,0.0,0.02,0.0,0.0,0.0,1.1677643038677608,0.011677643038677594,0.011677643038677616,2.043306643853615,0.0657952916868925,0.03516036961414977,0.0,0.1414213562373095,0.0,0.0,50
sklearn_digits,natural,0.7,100,score_cap1,30.0,5.8,0.8066666666666668,0.19333333333333333,30.0,0.03333333333333333,0.015103121919091791,0.86,1.0,0.0,0.0,0.0,2.407471363764674,0.08024904545882248,0.08024904545882247,0.0,0.0,0.009135822334490437,0.3505098327538656,0.0,0.0,0.0,50
sklearn_digits,natural,0.7,100,score_dpp,100.0,44.86,0.5514,0.4486,23.18,0.25,0.10037411943078041,0.0,0.36,0.0,0.0,0.0,1.2937841980100109,0.01293784198010009,0.012937841980100123,2.2559671440652767,0.0666700679404459,0.028650517117693734,0.0,0.48487322138506117,0.0,0.0,50
sklearn_digits,natural,0.7,100,score_mmr25,100.0,44.66,0.5534,0.44660000000000005,23.86,0.24600000000000002,0.07388974793255329,0.0,1.0,0.0,0.0,0.0,1.394010511482051,0.01394010511482049,0.013940105114820519,1.7497521690402977,0.06746125116067198,0.023292007016975192,0.0,0.0,0.0,0.0,50
sklearn_digits,natural,0.7,100,weighted_bh,96.2,44.9,0.5292903531642507,0.47070964683574934,22.3,0.2594118074720442,0.14263289287686348,0.0,0.56,0.0,0.0,7.992343274685353,1.2657175104763816,0.05069926407889455,0.0506992640788945,2.3925906034920312,0.06597890732552988,0.036045202142504576,0.0,0.501426536422407,0.0,0.0,50
sklearn_digits,natural,0.7,25,bh,25.0,24.94,0.0024,0.9976,3.6,0.5968,0.47514494717121125,0.0,0.14,0.0,0.0,0.0,0.23989793748209493,0.00959591749928381,0.009595917499283834,1.34011878852098,0.18103376615923314,0.12099065881496622,0.0,0.35050983275386566,0.0,0.0,50
sklearn_digits,natural,0.7,25,chemdeprc_cap1,8.84,5.62,0.3279746642246642,0.6720253357753357,8.84,0.1499401986901987,0.18829878628253938,0.06,0.98,0.0,0.0,3.599092856228512,2.2936469489724467,0.21514030627944739,0.21514030627944739,3.599092856228512,0.13850889923428855,0.11264358037632054,0.23989793748209523,0.1414213562373095,0.0,0.0,50
sklearn_digits,natural,0.7,25,chemdeprc_soft75,25.0,14.9,0.40399999999999997,0.596,8.84,0.17600000000000002,0.21301092252135276,0.02,0.98,0.0,0.0,0.0,4.2342143815082665,0.16936857526033064,0.16936857526033067,3.599092856228512,0.14090089149643373,0.11708739429579969,0.14142135623730948,0.1414213562373095,0.0,0.0,50
sklearn_digits,natural,0.7,25,raw_top_b,25.0,24.94,0.0024,0.9976,3.6,0.5968,0.4751449501514435,0.0,0.16,0.0,0.0,0.0,0.23989793748209493,0.00959591749928381,0.009595917499283834,1.34011878852098,0.18103376615923314,0.12099065928063928,0.0,0.3703280399090206,0.0,0.0,50
sklearn_digits,natural,0.7,25,score_cap1,25.0,5.8,0.768,0.23199999999999998,25.0,0.04,0.027880829460918903,0.7,1.0,0.0,0.0,0.0,2.407471363764674,0.09629885455058695,0.09629885455058697,0.0,0.0,0.014758706084128543,0.4629100498862757,0.0,0.0,0.0,50
sklearn_digits,natural,0.7,25,score_dpp,25.0,24.62,0.0152,0.9848,4.48,0.5472,0.3972969388961792,0.0,0.9,0.0,0.0,0.0,0.8780776777502468,0.03512310711000985,0.03512310711000984,1.6318263212907014,0.17620766968875914,0.10823257957950796,0.0,0.30304576336566325,0.0,0.0,50
sklearn_digits,natural,0.7,25,score_mmr25,25.0,24.84,0.0064,0.9936,4.0,0.5744,0.4347662928700447,0.0,0.3,0.0,0.0,0.0,0.46773444410699727,0.018709377764279885,0.018709377764279878,1.4285714285714284,0.17252222571989656,0.10369019122294248,0.0,0.4629100498862757,0.0,0.0,50
sklearn_digits,natural,0.7,25,weighted_bh,25.0,23.74,0.0504,0.9495999999999999,5.06,0.5367999999999999,0.39376217126846313,0.0,0.7,0.0,0.0,0.0,1.3523977195472994,0.05409590878189196,0.054095908781891945,2.004179306818018,0.16184447056684148,0.12172999214575901,0.0,0.4629100498862757,0.0,0.0,50
sklearn_digits,natural,0.7,50,bh,50.0,44.24,0.1152,0.8848,8.06,0.4768,0.3391616538167,0.0,0.32,0.0,0.0,0.0,1.4922931265372108,0.029845862530744213,0.029845862530744224,1.9103370789214245,0.14034127500271526,0.09756929616957163,0.0,0.47121207149916117,0.0,0.0,50
sklearn_digits,natural,0.7,50,chemdeprc_cap1,8.84,5.62,0.3279746642246642,0.6720253357753357,8.84,0.1499401986901987,0.18829878628253938,0.06,0.98,0.0,0.0,3.599092856228512,2.2936469489724467,0.21514030627944739,0.21514030627944739,3.599092856228512,0.13850889923428855,0.11264358037632054,0.23989793748209523,0.1414213562373095,0.0,0.0,50
sklearn_digits,natural,0.7,50,chemdeprc_soft75,49.82,25.04,0.49567659574468087,0.5043234042553192,8.84,0.1852595744680851,0.18943853035569191,0.06,1.0,0.0,0.0,0.9409070742900082,8.422419062071349,0.177333414976063,0.17733341497606298,3.599092856228512,0.1515779052053428,0.11000474682512822,0.23989793748209523,0.0,0.0,0.0,50
sklearn_digits,natural,0.7,50,raw_top_b,50.0,44.24,0.1152,0.8848,8.06,0.4768,0.33916164994239806,0.0,0.38,0.0,0.0,0.0,1.4922931265372108,0.029845862530744213,0.029845862530744224,1.9103370789214245,0.14034127500271526,0.09756929522544093,0.0,0.49031435147801467,0.0,0.0,50
sklearn_digits,natural,0.7,50,score_cap1,30.0,5.8,0.8066666666666668,0.19333333333333333,30.0,0.03333333333333333,0.015103121919091791,0.86,1.0,0.0,0.0,0.0,2.407471363764674,0.08024904545882248,0.08024904545882247,0.0,0.0,0.009135822334490437,0.3505098327538656,0.0,0.0,0.0,50
sklearn_digits,natural,0.7,50,score_dpp,50.0,44.16,0.1168,0.8832000000000001,8.08,0.47600000000000003,0.3384160754084587,0.0,0.4,0.0,0.0,0.0,1.5301060387423868,0.03060212077484774,0.03060212077484774,1.8934904600892446,0.1404947526073628,0.09765256025116091,0.0,0.49487165930539345,0.0,0.0,50
sklearn_digits,natural,0.7,50,score_mmr25,50.0,44.12,0.1176,0.8824,8.3,0.47600000000000003,0.33409412890672685,0.0,0.54,0.0,0.0,0.0,1.5204725366457221,0.03040945073291445,0.030409450732914477,1.8871206876604154,0.14072697549742572,0.09361523338576654,0.0,0.5034574339058885,0.0,0.0,50
sklearn_digits,natural,0.7,50,weighted_bh,50.0,44.14,0.11720000000000001,0.8828,8.52,0.4704,0.33380580335855486,0.0,0.72,0.0,0.0,0.0,1.55195728954486,0.031039145790897203,0.031039145790897216,2.130823353369609,0.14015967570552365,0.0965311685533164,0.0,0.4535573676110726,0.0,0.0,50
sklearn_digits,visual_cluster_confounder,0.7,100,bh,100.0,44.86,0.5514,0.4486,15.14,0.254,0.1528443428874016,0.0,0.02,5.0,98.2,0.0,1.3094632020606838,0.013094632020606824,0.013094632020606858,2.6108877214230315,0.06385570468179146,0.03897244610545871,0.0,0.14142135623730948,0.0,17.569686324775994,50
sklearn_digits,visual_cluster_confounder,0.7,100,chemdeprc_cap1,11.28,5.36,0.5330423187923188,0.4669576812076812,11.28,0.09435239760239761,0.12545201055239885,0.18,1.0,5.0,98.2,2.792409536656141,2.1642739273606426,0.1487866394952682,0.14878663949526824,2.792409536656141,0.024710359186050527,0.04654290978068176,0.3880879344916036,0.0,0.0,17.569686324775994,50
sklearn_digits,visual_cluster_confounder,0.7,100,chemdeprc_soft75,100.0,30.5,0.695,0.305,11.28,0.11599999999999999,0.09186825424432754,0.46,1.0,5.0,98.2,0.0,6.171858450636556,0.06171858450636557,0.06171858450636555,2.792409536656141,0.03181579635902869,0.025976543062744856,0.5034574339058885,0.0,0.0,17.569686324775994,50
sklearn_digits,visual_cluster_confounder,0.7,100,raw_top_b,100.0,44.86,0.5514,0.4486,15.14,0.254,0.15284434258937835,0.0,0.02,5.0,98.2,0.0,1.3094632020606838,0.013094632020606824,0.013094632020606858,2.6108877214230315,0.06385570468179146,0.03897244858289645,0.0,0.14142135623730948,0.0,17.569686324775994,50
sklearn_digits,visual_cluster_confounder,0.7,100,score_cap1,30.0,5.48,0.8173333333333334,0.18266666666666664,30.0,0.03333333333333333,0.014900646314490586,0.94,1.0,5.0,98.2,0.0,2.233693746936236,0.07445645823120789,0.07445645823120786,0.0,0.0,0.009003653857075368,0.23989793748209523,0.0,0.0,17.569686324775994,50
sklearn_digits,visual_cluster_confounder,0.7,100,score_dpp,100.0,44.82,0.5518000000000001,0.4482,18.72,0.25,0.12767049744725228,0.0,0.16,5.0,98.2,0.0,1.3353895709202044,0.013353895709202031,0.013353895709202056,3.368764080278022,0.06614763944451557,0.038151547207634876,0.0,0.3703280399090206,0.0,17.569686324775994,50
sklearn_digits,visual_cluster_confounder,0.7,100,score_mmr25,100.0,44.62,0.5538000000000001,0.4462,21.98,0.2466,0.09293260134756565,0.0,0.98,5.0,98.2,0.0,1.3981036719610678,0.013981036719610655,0.013981036719610686,2.6146369787433694,0.06772121724619341,0.028496202617588628,0.0,0.1414213562373095,0.0,17.569686324775994,50
sklearn_digits,visual_cluster_confounder,0.7,100,weighted_bh,100.0,44.9,0.551,0.449,19.26,0.2486,0.14183656260371208,0.0,0.3,5.0,98.2,0.0,1.2817398889233107,0.0128173988892331,0.012817398889233127,2.371686732935798,0.0657145962725581,0.03676784231479472,0.0,0.46291004988627577,0.0,17.569686324775994,50
sklearn_digits,visual_cluster_confounder,0.7,25,bh,25.0,24.64,0.0144,0.9856,3.72,0.5943999999999999,0.4733071362972259,0.0,0.34,5.0,98.2,0.0,0.8514093957572195,0.03405637583028878,0.03405637583028876,1.3708332041023035,0.18106442646365473,0.12253629458141281,0.0,0.4785181206984065,0.0,17.569686324775994,50
sklearn_digits,visual_cluster_confounder,0.7,25,chemdeprc_cap1,11.28,5.36,0.5330423187923188,0.4669576812076812,11.28,0.09435239760239761,0.12545201055239885,0.18,1.0,5.0,98.2,2.792409536656141,2.1642739273606426,0.1487866394952682,0.14878663949526824,2.792409536656141,0.024710359186050527,0.04654290978068176,0.3880879344916036,0.0,0.0,17.569686324775994,50
sklearn_digits,visual_cluster_confounder,0.7,25,chemdeprc_soft75,25.0,11.2,0.552,0.44800000000000006,11.26,0.1168,0.13574402343481778,0.14,1.0,5.0,98.2,0.0,2.9554515522253144,0.1182180620890126,0.11821806208901257,2.7315989187765513,0.028957393049874124,0.04149016815068111,0.3505098327538656,0.0,0.0,17.569686324775994,50
sklearn_digits,visual_cluster_confounder,0.7,25,raw_top_b,25.0,24.64,0.0144,0.9856,3.72,0.5943999999999999,0.4733071380853653,0.0,0.36,5.0,98.2,0.0,0.8514093957572195,0.03405637583028878,0.03405637583028876,1.3708332041023035,0.18106442646365473,0.12253629587950557,0.0,0.48487322138506117,0.0,17.569686324775994,50
sklearn_digits,visual_cluster_confounder,0.7,25,score_cap1,25.0,5.48,0.7807999999999999,0.2192,25.0,0.04,0.027505439706146717,0.8,1.0,5.0,98.2,0.0,2.233693746936236,0.08934774987744941,0.08934774987744945,0.0,0.0,0.014452839752328313,0.40406101782088427,0.0,0.0,17.569686324775994,50
sklearn_digits,visual_cluster_confounder,0.7,25,score_dpp,25.0,23.22,0.0712,0.9288,5.34,0.5248,0.37633382350206374,0.0,0.92,5.0,98.2,0.0,1.8875532159007178,0.07550212863602872,0.0755021286360287,1.965103725776638,0.16963634573969805,0.11671618890487184,0.0,0.2740475156178697,0.0,17.569686324775994,50
sklearn_digits,visual_cluster_confounder,0.7,25,score_mmr25,25.0,24.28,0.0288,0.9712000000000001,4.4,0.564,0.4257989165186882,0.0,0.7,5.0,98.2,0.0,1.1435712054965428,0.045742848219861715,0.04574284821986172,1.5649215928719034,0.17013799921096462,0.10588216470682482,0.0,0.4629100498862757,0.0,17.569686324775994,50
sklearn_digits,visual_cluster_confounder,0.7,25,weighted_bh,25.0,20.84,0.1664,0.8336,6.18,0.48719999999999997,0.34315533220767974,0.0,0.8,5.0,98.2,0.0,3.241063065711367,0.1296425226284547,0.1296425226284547,2.1636137570730862,0.144491225635726,0.10243455311866463,0.0,0.40406101782088427,0.0,17.569686324775994,50
sklearn_digits,visual_cluster_confounder,0.7,50,bh,50.0,42.94,0.14120000000000002,0.8588,8.66,0.4668,0.333080532848835,0.0,0.58,5.0,98.2,0.0,2.0143363722100043,0.040286727444200095,0.04028672744420011,2.0264576512340193,0.14023944538116348,0.09857742037687214,0.0,0.49856938190328987,0.0,17.569686324775994,50
sklearn_digits,visual_cluster_confounder,0.7,50,chemdeprc_cap1,11.28,5.36,0.5330423187923188,0.4669576812076812,11.28,0.09435239760239761,0.12545201055239885,0.18,0.98,5.0,98.2,2.792409536656141,2.1642739273606426,0.1487866394952682,0.14878663949526824,2.792409536656141,0.024710359186050527,0.04654290978068176,0.3880879344916036,0.1414213562373095,0.0,17.569686324775994,50
sklearn_digits,visual_cluster_confounder,0.7,50,chemdeprc_soft75,50.0,18.38,0.6324000000000001,0.3676,11.28,0.1108,0.11585953831672668,0.14,1.0,5.0,98.2,0.0,4.304198235325551,0.08608396470651103,0.08608396470651103,2.792409536656141,0.02686625985073745,0.03392664976150831,0.3505098327538656,0.0,0.0,17.569686324775994,50
sklearn_digits,visual_cluster_confounder,0.7,50,raw_top_b,50.0,42.94,0.14120000000000002,0.8588,8.66,0.4668,0.333080535531044,0.0,0.58,5.0,98.2,0.0,2.0143363722100043,0.040286727444200095,0.04028672744420011,2.0264576512340193,0.14023944538116348,0.09857742570518709,0.0,0.4985693819032898,0.0,17.569686324775994,50
sklearn_digits,visual_cluster_confounder,0.7,50,score_cap1,30.0,5.48,0.8173333333333334,0.18266666666666664,30.0,0.03333333333333333,0.014900646314490586,0.94,1.0,5.0,98.2,0.0,2.233693746936236,0.07445645823120789,0.07445645823120786,0.0,0.0,0.009003653857075368,0.23989793748209523,0.0,0.0,17.569686324775994,50
sklearn_digits,visual_cluster_confounder,0.7,50,score_dpp,50.0,42.42,0.1516,0.8484,8.78,0.4644,0.3289157092571259,0.0,0.72,5.0,98.2,0.0,2.277574793234135,0.04555149586468269,0.045551495864682684,1.9824742322745725,0.13928622710528307,0.09732441257803547,0.0,0.4535573676110727,0.0,17.569686324775994,50
sklearn_digits,visual_cluster_confounder,0.7,50,score_mmr25,50.0,42.82,0.1436,0.8564,8.74,0.466,0.3325631600618362,0.0,0.66,5.0,98.2,0.0,2.0472978707136322,0.040945957414272635,0.04094595741427265,2.0584321356660897,0.14016025813041183,0.0992351077138167,0.0,0.4785181206984065,0.0,17.569686324775994,50
sklearn_digits,visual_cluster_confounder,0.7,50,weighted_bh,50.0,42.2,0.156,0.8440000000000001,9.02,0.4432,0.3234176155924797,0.0,0.78,5.0,98.2,0.0,2.390457218668787,0.047809144373375745,0.047809144373375745,2.0353007098686517,0.11803562243350652,0.09093065106536964,0.0,0.4184519575964803,0.0,17.569686324775994,50
