pressure_bin,budget_ratio_bin,oracle_family,oracle_method,n_cells,cell_share
low,small,FDR-ranking,weighted_bh,7993,0.3441846445334366
low,small,score-cap,score_cap1,6716,0.2891960556345003
low,small,raw-score,raw_top_b,2704,0.1164362916074581
low,small,adaptive-ChemDep-family,chemdeprc_cap1,2506,0.1079102613788055
low,small,adaptive-ChemDep-family,chemdeprc_soft75,1761,0.0758299961245317
low,small,adaptive-ChemDep-family,chemdeprc_scoresoft50,1542,0.0663996899625371
low,small,FDR-ranking,block_bh,1,4.306075873056884e-05
low,mid,raw-score,raw_top_b,7147,0.8245269958467928
low,mid,score-cap,score_cap1,737,0.0850253807106599
low,mid,adaptive-ChemDep-family,chemdeprc_soft75,310,0.0357637286571296
low,mid,FDR-ranking,weighted_bh,247,0.0284956160590678
low,mid,adaptive-ChemDep-family,chemdeprc_cap1,138,0.0159206275957545
low,mid,adaptive-ChemDep-family,chemdeprc_scoresoft50,88,0.0101522842639593
low,mid,FDR-ranking,block_bh,1,0.0001153668666359
mid,small,FDR-ranking,weighted_bh,4718,0.7262931034482759
mid,small,score-cap,score_cap1,1049,0.1614839901477832
mid,small,adaptive-ChemDep-family,chemdeprc_cap1,681,0.1048337438423645
mid,small,adaptive-ChemDep-family,chemdeprc_soft75,43,0.0066194581280788
mid,small,raw-score,raw_top_b,5,0.0007697044334975
mid,mid,raw-score,raw_top_b,11080,0.5887979594005739
mid,mid,score-cap,score_cap1,2762,0.1467743649697098
mid,mid,FDR-ranking,weighted_bh,1945,0.1033584865554256
mid,mid,adaptive-ChemDep-family,chemdeprc_scoresoft50,1030,0.0547348283558295
mid,mid,adaptive-ChemDep-family,chemdeprc_soft75,919,0.0488362206398129
mid,mid,adaptive-ChemDep-family,chemdeprc_cap1,913,0.0485173769794877
mid,mid,FDR-ranking,block_bh,169,0.0089807630991603
mid,large,raw-score,raw_top_b,2948,0.492482459071166
mid,large,FDR-ranking,weighted_bh,1129,0.1886067490811894
mid,large,score-cap,score_cap1,1027,0.1715669896424991
mid,large,FDR-ranking,block_bh,447,0.0746742398930838
mid,large,adaptive-ChemDep-family,chemdeprc_cap1,243,0.0405947210157033
mid,large,adaptive-ChemDep-family,chemdeprc_soft75,121,0.020213832275309
mid,large,adaptive-ChemDep-family,chemdeprc_scoresoft50,71,0.0118610090210491
high,small,FDR-ranking,weighted_bh,1909,0.756039603960396
high,small,score-cap,score_cap1,348,0.1378217821782178
high,small,adaptive-ChemDep-family,chemdeprc_cap1,162,0.0641584158415841
high,small,adaptive-ChemDep-family,chemdeprc_soft75,106,0.0419801980198019
high,mid,FDR-ranking,weighted_bh,2118,0.5666131621187801
high,mid,adaptive-ChemDep-family,chemdeprc_cap1,779,0.2084002140181915
high,mid,score-cap,score_cap1,404,0.1080791867308721
high,mid,adaptive-ChemDep-family,chemdeprc_scoresoft50,240,0.0642054574638844
high,mid,adaptive-ChemDep-family,chemdeprc_soft75,168,0.0449438202247191
high,mid,raw-score,raw_top_b,29,0.0077581594435527
high,large,FDR-ranking,weighted_bh,6277,0.2506188612952168
high,large,raw-score,raw_top_b,5772,0.2304559610317016
high,large,adaptive-ChemDep-family,chemdeprc_scoresoft50,5365,0.2142058612153637
high,large,score-cap,score_cap1,4116,0.1643376187814421
high,large,adaptive-ChemDep-family,chemdeprc_soft75,2419,0.0965822885889962
high,large,adaptive-ChemDep-family,chemdeprc_cap1,1063,0.0424419068913199
high,large,FDR-ranking,block_bh,34,0.0013575021959594
