dataset,scenario,q,budget_label,best_true_hits_method,best_true_hits,best_ours_method,best_ours_true_hits,hit_gap_best_minus_ours,lowest_fdp_method,lowest_fdp,max_unique_blocks_method,max_unique_blocks,chemdeprc_non_dominated
bace,cold_start20,0.7,25,bh,23.4,chemdeprc_soft50,22.8,0.5999999999999979,by,0.04952380952380952,bh_cap1,25.0,True
bace,cold_start20,0.7,50,score_mmr25,42.8,chemdeprc_soft50,41.0,1.7999999999999972,by,0.08569369369369369,score_cap1,50.0,True
bace,cold_start20,0.7,100,score_mmr25,78.0,chemdeprc_soft50,69.6,8.400000000000006,by,0.07933471933471932,score_cap1,100.0,True
bace,missing_fp25,0.7,25,bh,24.0,chemdeprc_scoresoft50,22.8,1.1999999999999993,bh,0.04,bh_cap1,25.0,True
bace,missing_fp25,0.7,50,bh,45.8,chemdeprc_scoresoft50,44.2,1.5999999999999943,bh,0.084,bh_cap1,50.0,True
bace,missing_fp25,0.7,100,bh,85.8,chemdeprc_soft50,81.0,4.799999999999997,by,0.12218815190689056,score_cap1,100.0,True
bace,scaffold_ood,0.7,25,bh,24.4,chemdeprc_scoresoft50,23.0,1.3999999999999986,bh,0.024,bh_cap1,25.0,True
bace,scaffold_ood,0.7,50,bh,46.0,chemdeprc_scoresoft50,44.0,2.0,by,0.07600600150037509,chemdeprc_scorecap1,50.0,True
bace,scaffold_ood,0.7,100,bh,84.6,chemdeprc_soft50,80.4,4.199999999999989,by,0.11622119287376054,score_cap1,100.0,True
bbbp,cold_start20,0.7,25,bh,25.0,chemdeprc_soft75,24.8,0.1999999999999993,bh,0.0,bh_cap1,25.0,True
bbbp,cold_start20,0.7,50,chemdeprc_scoresoft50,48.8,chemdeprc_scoresoft50,48.8,0.0,by,0.0,chemdeprc_cap1,50.0,True
bbbp,cold_start20,0.7,100,chemdeprc_soft75,94.8,chemdeprc_soft75,94.8,0.0,by,0.00612244897959182,chemdeprc_scorecap1,100.0,True
bbbp,missing_fp25,0.7,25,bh,25.0,chemdeprc_cap1,24.8,0.1999999999999993,bh,0.0,bh_cap1,25.0,True
bbbp,missing_fp25,0.7,50,bh,49.6,chemdeprc_soft75,49.2,0.3999999999999986,chemdeprc_soft50,0.005263157894736839,bh_cap1,50.0,True
bbbp,missing_fp25,0.7,100,bh,97.6,chemdeprc_scoresoft50,97.6,0.0,by,0.013675438596491219,chemdeprc_cap1,100.0,False
bbbp,scaffold_ood,0.7,25,bh,25.0,chemdeprc_cap1,25.0,0.0,bh,0.0,bh_cap1,25.0,False
bbbp,scaffold_ood,0.7,50,bh,50.0,chemdeprc_scoresoft50,50.0,0.0,bh,0.0,bh_cap1,50.0,False
bbbp,scaffold_ood,0.7,100,chemdeprc_scoresoft50,99.2,chemdeprc_scoresoft50,99.2,0.0,chemdeprc_scoresoft50,0.008,chemdeprc_cap1,100.0,True
clintox_ct_tox,cold_start20,0.7,25,block_bh,6.2,chemdeprc_soft75,6.0,0.20000000000000018,by,0.0,score_cap1,25.0,True
clintox_ct_tox,cold_start20,0.7,50,score_dpp,10.8,chemdeprc_soft75,6.8,4.000000000000001,by,0.0,score_cap1,50.0,False
clintox_ct_tox,cold_start20,0.7,100,score_dpp,15.2,chemdeprc_soft75,8.8,6.399999999999999,by,0.0,score_cap1,100.0,True
clintox_ct_tox,missing_fp25,0.7,25,raw_top_b,7.2,chemdeprc_soft75,6.4,0.7999999999999998,by,0.0,score_cap1,25.0,False
clintox_ct_tox,missing_fp25,0.7,50,score_dpp,10.8,chemdeprc_soft75,8.6,2.200000000000001,by,0.0,score_cap1,50.0,False
clintox_ct_tox,missing_fp25,0.7,100,raw_top_b,16.6,chemdeprc_soft50,10.0,6.600000000000001,by,0.0,score_cap1,100.0,True
clintox_ct_tox,scaffold_ood,0.7,25,raw_top_b,8.2,chemdeprc_soft75,7.0,1.1999999999999993,by,0.0,score_cap1,25.0,True
clintox_ct_tox,scaffold_ood,0.7,50,raw_top_b,12.2,chemdeprc_soft75,10.0,2.1999999999999993,by,0.0,score_cap1,50.0,True
clintox_ct_tox,scaffold_ood,0.7,100,raw_top_b,17.0,chemdeprc_scoresoft50,10.0,7.0,by,0.0,score_cap1,100.0,True
hiv,cold_start20,0.7,25,block_bh,18.8,chemdeprc_scoresoft50,17.4,1.4000000000000021,by,0.08800000000000001,chemdeprc_cap1,25.0,False
hiv,cold_start20,0.7,50,block_bh,34.0,chemdeprc_scoresoft50,29.8,4.199999999999999,by,0.07973484848484849,bh_cap1,50.0,True
hiv,cold_start20,0.7,100,bh,58.0,chemdeprc_scoresoft50,52.2,5.799999999999997,by,0.07973484848484849,score_cap1,100.0,True
hiv,missing_fp25,0.7,25,bh,18.8,chemdeprc_scoresoft50,14.6,4.200000000000001,by,0.064,bh_cap1,25.0,False
hiv,missing_fp25,0.7,50,bh,36.6,chemdeprc_scoresoft50,28.2,8.400000000000002,by,0.05217391304347826,bh_cap1,50.0,True
hiv,missing_fp25,0.7,100,bh,67.4,chemdeprc_scoresoft50,48.8,18.60000000000001,by,0.05217391304347826,bh_cap1,100.0,True
hiv,scaffold_ood,0.7,25,bh,17.2,chemdeprc_cap1,17.0,0.1999999999999993,by,0.06666666666666667,chemdeprc_cap1,25.0,True
hiv,scaffold_ood,0.7,50,bh,34.8,chemdeprc_soft75,32.6,2.1999999999999957,by,0.06666666666666667,bh_cap1,50.0,True
hiv,scaffold_ood,0.7,100,bh,70.0,chemdeprc_scoresoft50,52.8,17.200000000000003,by,0.06666666666666667,bh_cap1,100.0,True
