aid,split_seed,scenario,rep,fraction,boost,method,hits,selected,scaffolds,test_active,testpool_size
AID1798,5,natural,-1,0.0,0.0,chemdep_cal,2,50,50,37,12142
AID1798,5,natural,-1,0.0,0.0,score_only_ranker,1,50,50,37,12142
AID1798,5,natural,-1,0.0,0.0,xgb_pairwise_cap1,0,50,50,37,12142
AID1798,5,natural,-1,0.0,0.0,score_cap1,1,50,50,37,12142
AID1798,5,synthetic_high_artifact,0,0.2,4.0,chemdep_cal,2,50,50,37,12142
AID1798,5,synthetic_high_artifact,0,0.2,4.0,score_only_ranker,1,50,50,37,12142
AID1798,5,synthetic_high_artifact,0,0.2,4.0,xgb_pairwise_cap1,0,50,50,37,12142
AID1798,5,synthetic_high_artifact,0,0.2,4.0,score_cap1,0,50,50,37,12142
AID1798,5,synthetic_high_artifact,0,0.2,6.0,chemdep_cal,3,50,50,37,12142
AID1798,5,synthetic_high_artifact,0,0.2,6.0,score_only_ranker,1,50,50,37,12142
AID1798,5,synthetic_high_artifact,0,0.2,6.0,xgb_pairwise_cap1,0,50,50,37,12142
AID1798,5,synthetic_high_artifact,0,0.2,6.0,score_cap1,0,50,50,37,12142
AID1798,5,synthetic_high_artifact,0,0.3,4.0,chemdep_cal,3,50,50,37,12142
AID1798,5,synthetic_high_artifact,0,0.3,4.0,score_only_ranker,1,50,50,37,12142
AID1798,5,synthetic_high_artifact,0,0.3,4.0,xgb_pairwise_cap1,0,50,50,37,12142
AID1798,5,synthetic_high_artifact,0,0.3,4.0,score_cap1,0,50,50,37,12142
AID1798,5,synthetic_high_artifact,0,0.3,6.0,chemdep_cal,3,50,50,37,12142
AID1798,5,synthetic_high_artifact,0,0.3,6.0,score_only_ranker,1,50,50,37,12142
AID1798,5,synthetic_high_artifact,0,0.3,6.0,xgb_pairwise_cap1,0,50,50,37,12142
AID1798,5,synthetic_high_artifact,0,0.3,6.0,score_cap1,0,50,50,37,12142
AID1798,5,synthetic_high_artifact,1,0.2,4.0,chemdep_cal,2,50,50,37,12142
AID1798,5,synthetic_high_artifact,1,0.2,4.0,score_only_ranker,1,50,50,37,12142
AID1798,5,synthetic_high_artifact,1,0.2,4.0,xgb_pairwise_cap1,0,50,50,37,12142
AID1798,5,synthetic_high_artifact,1,0.2,4.0,score_cap1,0,50,50,37,12142
AID1798,5,synthetic_high_artifact,1,0.2,6.0,chemdep_cal,2,50,50,37,12142
AID1798,5,synthetic_high_artifact,1,0.2,6.0,score_only_ranker,1,50,50,37,12142
AID1798,5,synthetic_high_artifact,1,0.2,6.0,xgb_pairwise_cap1,0,50,50,37,12142
AID1798,5,synthetic_high_artifact,1,0.2,6.0,score_cap1,0,50,50,37,12142
AID1798,5,synthetic_high_artifact,1,0.3,4.0,chemdep_cal,2,50,50,37,12142
AID1798,5,synthetic_high_artifact,1,0.3,4.0,score_only_ranker,1,50,50,37,12142
AID1798,5,synthetic_high_artifact,1,0.3,4.0,xgb_pairwise_cap1,0,50,50,37,12142
AID1798,5,synthetic_high_artifact,1,0.3,4.0,score_cap1,0,50,50,37,12142
AID1798,5,synthetic_high_artifact,1,0.3,6.0,chemdep_cal,2,50,50,37,12142
AID1798,5,synthetic_high_artifact,1,0.3,6.0,score_only_ranker,1,50,50,37,12142
AID1798,5,synthetic_high_artifact,1,0.3,6.0,xgb_pairwise_cap1,0,50,50,37,12142
AID1798,5,synthetic_high_artifact,1,0.3,6.0,score_cap1,0,50,50,37,12142
AID1798,5,synthetic_high_artifact,2,0.2,4.0,chemdep_cal,2,50,50,37,12142
AID1798,5,synthetic_high_artifact,2,0.2,4.0,score_only_ranker,1,50,50,37,12142
AID1798,5,synthetic_high_artifact,2,0.2,4.0,xgb_pairwise_cap1,0,50,50,37,12142
AID1798,5,synthetic_high_artifact,2,0.2,4.0,score_cap1,0,50,50,37,12142
AID1798,5,synthetic_high_artifact,2,0.2,6.0,chemdep_cal,2,50,50,37,12142
AID1798,5,synthetic_high_artifact,2,0.2,6.0,score_only_ranker,1,50,50,37,12142
AID1798,5,synthetic_high_artifact,2,0.2,6.0,xgb_pairwise_cap1,0,50,50,37,12142
AID1798,5,synthetic_high_artifact,2,0.2,6.0,score_cap1,0,50,50,37,12142
AID1798,5,synthetic_high_artifact,2,0.3,4.0,chemdep_cal,2,50,50,37,12142
AID1798,5,synthetic_high_artifact,2,0.3,4.0,score_only_ranker,1,50,50,37,12142
AID1798,5,synthetic_high_artifact,2,0.3,4.0,xgb_pairwise_cap1,0,50,50,37,12142
AID1798,5,synthetic_high_artifact,2,0.3,4.0,score_cap1,0,50,50,37,12142
AID1798,5,synthetic_high_artifact,2,0.3,6.0,chemdep_cal,2,50,50,37,12142
AID1798,5,synthetic_high_artifact,2,0.3,6.0,score_only_ranker,1,50,50,37,12142
AID1798,5,synthetic_high_artifact,2,0.3,6.0,xgb_pairwise_cap1,0,50,50,37,12142
AID1798,5,synthetic_high_artifact,2,0.3,6.0,score_cap1,0,50,50,37,12142
AID1798,5,synthetic_high_artifact,3,0.2,4.0,chemdep_cal,2,50,50,37,12142
AID1798,5,synthetic_high_artifact,3,0.2,4.0,score_only_ranker,1,50,50,37,12142
AID1798,5,synthetic_high_artifact,3,0.2,4.0,xgb_pairwise_cap1,0,50,50,37,12142
AID1798,5,synthetic_high_artifact,3,0.2,4.0,score_cap1,0,50,50,37,12142
AID1798,5,synthetic_high_artifact,3,0.2,6.0,chemdep_cal,2,50,50,37,12142
AID1798,5,synthetic_high_artifact,3,0.2,6.0,score_only_ranker,1,50,50,37,12142
AID1798,5,synthetic_high_artifact,3,0.2,6.0,xgb_pairwise_cap1,0,50,50,37,12142
AID1798,5,synthetic_high_artifact,3,0.2,6.0,score_cap1,0,50,50,37,12142
AID1798,5,synthetic_high_artifact,3,0.3,4.0,chemdep_cal,2,50,50,37,12142
AID1798,5,synthetic_high_artifact,3,0.3,4.0,score_only_ranker,1,50,50,37,12142
AID1798,5,synthetic_high_artifact,3,0.3,4.0,xgb_pairwise_cap1,0,50,50,37,12142
AID1798,5,synthetic_high_artifact,3,0.3,4.0,score_cap1,0,50,50,37,12142
AID1798,5,synthetic_high_artifact,3,0.3,6.0,chemdep_cal,2,50,50,37,12142
AID1798,5,synthetic_high_artifact,3,0.3,6.0,score_only_ranker,1,50,50,37,12142
AID1798,5,synthetic_high_artifact,3,0.3,6.0,xgb_pairwise_cap1,0,50,50,37,12142
AID1798,5,synthetic_high_artifact,3,0.3,6.0,score_cap1,0,50,50,37,12142
AID1798,5,synthetic_high_artifact,4,0.2,4.0,chemdep_cal,2,50,50,37,12142
AID1798,5,synthetic_high_artifact,4,0.2,4.0,score_only_ranker,1,50,50,37,12142
AID1798,5,synthetic_high_artifact,4,0.2,4.0,xgb_pairwise_cap1,0,50,50,37,12142
AID1798,5,synthetic_high_artifact,4,0.2,4.0,score_cap1,0,50,50,37,12142
AID1798,5,synthetic_high_artifact,4,0.2,6.0,chemdep_cal,3,50,50,37,12142
AID1798,5,synthetic_high_artifact,4,0.2,6.0,score_only_ranker,1,50,50,37,12142
AID1798,5,synthetic_high_artifact,4,0.2,6.0,xgb_pairwise_cap1,0,50,50,37,12142
AID1798,5,synthetic_high_artifact,4,0.2,6.0,score_cap1,0,50,50,37,12142
AID1798,5,synthetic_high_artifact,4,0.3,4.0,chemdep_cal,2,50,50,37,12142
AID1798,5,synthetic_high_artifact,4,0.3,4.0,score_only_ranker,1,50,50,37,12142
AID1798,5,synthetic_high_artifact,4,0.3,4.0,xgb_pairwise_cap1,0,50,50,37,12142
AID1798,5,synthetic_high_artifact,4,0.3,4.0,score_cap1,0,50,50,37,12142
AID1798,5,synthetic_high_artifact,4,0.3,6.0,chemdep_cal,3,50,50,37,12142
AID1798,5,synthetic_high_artifact,4,0.3,6.0,score_only_ranker,1,50,50,37,12142
AID1798,5,synthetic_high_artifact,4,0.3,6.0,xgb_pairwise_cap1,0,50,50,37,12142
AID1798,5,synthetic_high_artifact,4,0.3,6.0,score_cap1,0,50,50,37,12142
AID1798,5,synthetic_high_artifact,5,0.2,4.0,chemdep_cal,2,50,50,37,12142
AID1798,5,synthetic_high_artifact,5,0.2,4.0,score_only_ranker,1,50,50,37,12142
AID1798,5,synthetic_high_artifact,5,0.2,4.0,xgb_pairwise_cap1,0,50,50,37,12142
AID1798,5,synthetic_high_artifact,5,0.2,4.0,score_cap1,0,50,50,37,12142
AID1798,5,synthetic_high_artifact,5,0.2,6.0,chemdep_cal,2,50,50,37,12142
AID1798,5,synthetic_high_artifact,5,0.2,6.0,score_only_ranker,1,50,50,37,12142
AID1798,5,synthetic_high_artifact,5,0.2,6.0,xgb_pairwise_cap1,0,50,50,37,12142
AID1798,5,synthetic_high_artifact,5,0.2,6.0,score_cap1,0,50,50,37,12142
AID1798,5,synthetic_high_artifact,5,0.3,4.0,chemdep_cal,2,50,50,37,12142
AID1798,5,synthetic_high_artifact,5,0.3,4.0,score_only_ranker,1,50,50,37,12142
AID1798,5,synthetic_high_artifact,5,0.3,4.0,xgb_pairwise_cap1,0,50,50,37,12142
AID1798,5,synthetic_high_artifact,5,0.3,4.0,score_cap1,0,50,50,37,12142
AID1798,5,synthetic_high_artifact,5,0.3,6.0,chemdep_cal,2,50,50,37,12142
AID1798,5,synthetic_high_artifact,5,0.3,6.0,score_only_ranker,1,50,50,37,12142
AID1798,5,synthetic_high_artifact,5,0.3,6.0,xgb_pairwise_cap1,0,50,50,37,12142
AID1798,5,synthetic_high_artifact,5,0.3,6.0,score_cap1,0,50,50,37,12142
AID1798,5,synthetic_high_artifact,6,0.2,4.0,chemdep_cal,2,50,50,37,12142
AID1798,5,synthetic_high_artifact,6,0.2,4.0,score_only_ranker,1,50,50,37,12142
AID1798,5,synthetic_high_artifact,6,0.2,4.0,xgb_pairwise_cap1,0,50,50,37,12142
AID1798,5,synthetic_high_artifact,6,0.2,4.0,score_cap1,0,50,50,37,12142
AID1798,5,synthetic_high_artifact,6,0.2,6.0,chemdep_cal,2,50,50,37,12142
AID1798,5,synthetic_high_artifact,6,0.2,6.0,score_only_ranker,1,50,50,37,12142
AID1798,5,synthetic_high_artifact,6,0.2,6.0,xgb_pairwise_cap1,0,50,50,37,12142
AID1798,5,synthetic_high_artifact,6,0.2,6.0,score_cap1,0,50,50,37,12142
AID1798,5,synthetic_high_artifact,6,0.3,4.0,chemdep_cal,2,50,50,37,12142
AID1798,5,synthetic_high_artifact,6,0.3,4.0,score_only_ranker,1,50,50,37,12142
AID1798,5,synthetic_high_artifact,6,0.3,4.0,xgb_pairwise_cap1,0,50,50,37,12142
AID1798,5,synthetic_high_artifact,6,0.3,4.0,score_cap1,0,50,50,37,12142
AID1798,5,synthetic_high_artifact,6,0.3,6.0,chemdep_cal,3,50,50,37,12142
AID1798,5,synthetic_high_artifact,6,0.3,6.0,score_only_ranker,1,50,50,37,12142
AID1798,5,synthetic_high_artifact,6,0.3,6.0,xgb_pairwise_cap1,0,50,50,37,12142
AID1798,5,synthetic_high_artifact,6,0.3,6.0,score_cap1,0,50,50,37,12142
AID1798,5,synthetic_high_artifact,7,0.2,4.0,chemdep_cal,2,50,50,37,12142
AID1798,5,synthetic_high_artifact,7,0.2,4.0,score_only_ranker,1,50,50,37,12142
AID1798,5,synthetic_high_artifact,7,0.2,4.0,xgb_pairwise_cap1,0,50,50,37,12142
AID1798,5,synthetic_high_artifact,7,0.2,4.0,score_cap1,0,50,50,37,12142
AID1798,5,synthetic_high_artifact,7,0.2,6.0,chemdep_cal,2,50,50,37,12142
AID1798,5,synthetic_high_artifact,7,0.2,6.0,score_only_ranker,1,50,50,37,12142
AID1798,5,synthetic_high_artifact,7,0.2,6.0,xgb_pairwise_cap1,0,50,50,37,12142
AID1798,5,synthetic_high_artifact,7,0.2,6.0,score_cap1,0,50,50,37,12142
AID1798,5,synthetic_high_artifact,7,0.3,4.0,chemdep_cal,3,50,50,37,12142
AID1798,5,synthetic_high_artifact,7,0.3,4.0,score_only_ranker,1,50,50,37,12142
AID1798,5,synthetic_high_artifact,7,0.3,4.0,xgb_pairwise_cap1,0,50,50,37,12142
AID1798,5,synthetic_high_artifact,7,0.3,4.0,score_cap1,0,50,50,37,12142
AID1798,5,synthetic_high_artifact,7,0.3,6.0,chemdep_cal,3,50,50,37,12142
AID1798,5,synthetic_high_artifact,7,0.3,6.0,score_only_ranker,1,50,50,37,12142
AID1798,5,synthetic_high_artifact,7,0.3,6.0,xgb_pairwise_cap1,0,50,50,37,12142
AID1798,5,synthetic_high_artifact,7,0.3,6.0,score_cap1,0,50,50,37,12142
AID1798,5,synthetic_high_artifact,8,0.2,4.0,chemdep_cal,2,50,50,37,12142
AID1798,5,synthetic_high_artifact,8,0.2,4.0,score_only_ranker,1,50,50,37,12142
AID1798,5,synthetic_high_artifact,8,0.2,4.0,xgb_pairwise_cap1,0,50,50,37,12142
AID1798,5,synthetic_high_artifact,8,0.2,4.0,score_cap1,0,50,50,37,12142
AID1798,5,synthetic_high_artifact,8,0.2,6.0,chemdep_cal,3,50,50,37,12142
AID1798,5,synthetic_high_artifact,8,0.2,6.0,score_only_ranker,1,50,50,37,12142
AID1798,5,synthetic_high_artifact,8,0.2,6.0,xgb_pairwise_cap1,0,50,50,37,12142
AID1798,5,synthetic_high_artifact,8,0.2,6.0,score_cap1,0,50,50,37,12142
AID1798,5,synthetic_high_artifact,8,0.3,4.0,chemdep_cal,2,50,50,37,12142
AID1798,5,synthetic_high_artifact,8,0.3,4.0,score_only_ranker,1,50,50,37,12142
AID1798,5,synthetic_high_artifact,8,0.3,4.0,xgb_pairwise_cap1,0,50,50,37,12142
AID1798,5,synthetic_high_artifact,8,0.3,4.0,score_cap1,0,50,50,37,12142
AID1798,5,synthetic_high_artifact,8,0.3,6.0,chemdep_cal,2,50,50,37,12142
AID1798,5,synthetic_high_artifact,8,0.3,6.0,score_only_ranker,1,50,50,37,12142
AID1798,5,synthetic_high_artifact,8,0.3,6.0,xgb_pairwise_cap1,0,50,50,37,12142
AID1798,5,synthetic_high_artifact,8,0.3,6.0,score_cap1,0,50,50,37,12142
AID1798,5,synthetic_high_artifact,9,0.2,4.0,chemdep_cal,2,50,50,37,12142
AID1798,5,synthetic_high_artifact,9,0.2,4.0,score_only_ranker,1,50,50,37,12142
AID1798,5,synthetic_high_artifact,9,0.2,4.0,xgb_pairwise_cap1,0,50,50,37,12142
AID1798,5,synthetic_high_artifact,9,0.2,4.0,score_cap1,0,50,50,37,12142
AID1798,5,synthetic_high_artifact,9,0.2,6.0,chemdep_cal,3,50,50,37,12142
AID1798,5,synthetic_high_artifact,9,0.2,6.0,score_only_ranker,1,50,50,37,12142
AID1798,5,synthetic_high_artifact,9,0.2,6.0,xgb_pairwise_cap1,0,50,50,37,12142
AID1798,5,synthetic_high_artifact,9,0.2,6.0,score_cap1,0,50,50,37,12142
AID1798,5,synthetic_high_artifact,9,0.3,4.0,chemdep_cal,2,50,50,37,12142
AID1798,5,synthetic_high_artifact,9,0.3,4.0,score_only_ranker,1,50,50,37,12142
AID1798,5,synthetic_high_artifact,9,0.3,4.0,xgb_pairwise_cap1,0,50,50,37,12142
AID1798,5,synthetic_high_artifact,9,0.3,4.0,score_cap1,0,50,50,37,12142
AID1798,5,synthetic_high_artifact,9,0.3,6.0,chemdep_cal,3,50,50,37,12142
AID1798,5,synthetic_high_artifact,9,0.3,6.0,score_only_ranker,1,50,50,37,12142
AID1798,5,synthetic_high_artifact,9,0.3,6.0,xgb_pairwise_cap1,0,50,50,37,12142
AID1798,5,synthetic_high_artifact,9,0.3,6.0,score_cap1,0,50,50,37,12142
AID435034,5,natural,-1,0.0,0.0,chemdep_cal,0,50,50,23,12073
AID435034,5,natural,-1,0.0,0.0,score_only_ranker,0,50,50,23,12073
AID435034,5,natural,-1,0.0,0.0,xgb_pairwise_cap1,0,50,50,23,12073
AID435034,5,natural,-1,0.0,0.0,score_cap1,3,50,50,23,12073
AID435034,5,synthetic_high_artifact,0,0.2,4.0,chemdep_cal,0,50,50,23,12073
AID435034,5,synthetic_high_artifact,0,0.2,4.0,score_only_ranker,0,50,50,23,12073
AID435034,5,synthetic_high_artifact,0,0.2,4.0,xgb_pairwise_cap1,0,50,50,23,12073
AID435034,5,synthetic_high_artifact,0,0.2,4.0,score_cap1,3,50,50,23,12073
AID435034,5,synthetic_high_artifact,0,0.2,6.0,chemdep_cal,0,50,50,23,12073
AID435034,5,synthetic_high_artifact,0,0.2,6.0,score_only_ranker,0,50,50,23,12073
AID435034,5,synthetic_high_artifact,0,0.2,6.0,xgb_pairwise_cap1,0,50,50,23,12073
AID435034,5,synthetic_high_artifact,0,0.2,6.0,score_cap1,3,50,50,23,12073
AID435034,5,synthetic_high_artifact,0,0.3,4.0,chemdep_cal,0,50,50,23,12073
AID435034,5,synthetic_high_artifact,0,0.3,4.0,score_only_ranker,0,50,50,23,12073
AID435034,5,synthetic_high_artifact,0,0.3,4.0,xgb_pairwise_cap1,0,50,50,23,12073
AID435034,5,synthetic_high_artifact,0,0.3,4.0,score_cap1,3,50,50,23,12073
AID435034,5,synthetic_high_artifact,0,0.3,6.0,chemdep_cal,0,50,50,23,12073
AID435034,5,synthetic_high_artifact,0,0.3,6.0,score_only_ranker,0,50,50,23,12073
AID435034,5,synthetic_high_artifact,0,0.3,6.0,xgb_pairwise_cap1,0,50,50,23,12073
AID435034,5,synthetic_high_artifact,0,0.3,6.0,score_cap1,3,50,50,23,12073
AID435034,5,synthetic_high_artifact,1,0.2,4.0,chemdep_cal,0,50,50,23,12073
AID435034,5,synthetic_high_artifact,1,0.2,4.0,score_only_ranker,0,50,50,23,12073
AID435034,5,synthetic_high_artifact,1,0.2,4.0,xgb_pairwise_cap1,0,50,50,23,12073
AID435034,5,synthetic_high_artifact,1,0.2,4.0,score_cap1,3,50,50,23,12073
AID435034,5,synthetic_high_artifact,1,0.2,6.0,chemdep_cal,0,50,50,23,12073
AID435034,5,synthetic_high_artifact,1,0.2,6.0,score_only_ranker,0,50,50,23,12073
AID435034,5,synthetic_high_artifact,1,0.2,6.0,xgb_pairwise_cap1,0,50,50,23,12073
AID435034,5,synthetic_high_artifact,1,0.2,6.0,score_cap1,3,50,50,23,12073
AID435034,5,synthetic_high_artifact,1,0.3,4.0,chemdep_cal,0,50,50,23,12073
AID435034,5,synthetic_high_artifact,1,0.3,4.0,score_only_ranker,0,50,50,23,12073
AID435034,5,synthetic_high_artifact,1,0.3,4.0,xgb_pairwise_cap1,0,50,50,23,12073
AID435034,5,synthetic_high_artifact,1,0.3,4.0,score_cap1,3,50,50,23,12073
AID435034,5,synthetic_high_artifact,1,0.3,6.0,chemdep_cal,0,50,50,23,12073
AID435034,5,synthetic_high_artifact,1,0.3,6.0,score_only_ranker,0,50,50,23,12073
AID435034,5,synthetic_high_artifact,1,0.3,6.0,xgb_pairwise_cap1,0,50,50,23,12073
AID435034,5,synthetic_high_artifact,1,0.3,6.0,score_cap1,3,50,50,23,12073
AID435034,5,synthetic_high_artifact,2,0.2,4.0,chemdep_cal,0,50,50,23,12073
AID435034,5,synthetic_high_artifact,2,0.2,4.0,score_only_ranker,0,50,50,23,12073
AID435034,5,synthetic_high_artifact,2,0.2,4.0,xgb_pairwise_cap1,0,50,50,23,12073
AID435034,5,synthetic_high_artifact,2,0.2,4.0,score_cap1,3,50,50,23,12073
AID435034,5,synthetic_high_artifact,2,0.2,6.0,chemdep_cal,0,50,50,23,12073
AID435034,5,synthetic_high_artifact,2,0.2,6.0,score_only_ranker,0,50,50,23,12073
AID435034,5,synthetic_high_artifact,2,0.2,6.0,xgb_pairwise_cap1,0,50,50,23,12073
AID435034,5,synthetic_high_artifact,2,0.2,6.0,score_cap1,3,50,50,23,12073
AID435034,5,synthetic_high_artifact,2,0.3,4.0,chemdep_cal,0,50,50,23,12073
AID435034,5,synthetic_high_artifact,2,0.3,4.0,score_only_ranker,0,50,50,23,12073
AID435034,5,synthetic_high_artifact,2,0.3,4.0,xgb_pairwise_cap1,0,50,50,23,12073
AID435034,5,synthetic_high_artifact,2,0.3,4.0,score_cap1,3,50,50,23,12073
AID435034,5,synthetic_high_artifact,2,0.3,6.0,chemdep_cal,0,50,50,23,12073
AID435034,5,synthetic_high_artifact,2,0.3,6.0,score_only_ranker,0,50,50,23,12073
AID435034,5,synthetic_high_artifact,2,0.3,6.0,xgb_pairwise_cap1,0,50,50,23,12073
AID435034,5,synthetic_high_artifact,2,0.3,6.0,score_cap1,3,50,50,23,12073
AID435034,5,synthetic_high_artifact,3,0.2,4.0,chemdep_cal,0,50,50,23,12073
AID435034,5,synthetic_high_artifact,3,0.2,4.0,score_only_ranker,0,50,50,23,12073
AID435034,5,synthetic_high_artifact,3,0.2,4.0,xgb_pairwise_cap1,0,50,50,23,12073
AID435034,5,synthetic_high_artifact,3,0.2,4.0,score_cap1,3,50,50,23,12073
AID435034,5,synthetic_high_artifact,3,0.2,6.0,chemdep_cal,0,50,50,23,12073
AID435034,5,synthetic_high_artifact,3,0.2,6.0,score_only_ranker,0,50,50,23,12073
AID435034,5,synthetic_high_artifact,3,0.2,6.0,xgb_pairwise_cap1,0,50,50,23,12073
AID435034,5,synthetic_high_artifact,3,0.2,6.0,score_cap1,3,50,50,23,12073
AID435034,5,synthetic_high_artifact,3,0.3,4.0,chemdep_cal,0,50,50,23,12073
AID435034,5,synthetic_high_artifact,3,0.3,4.0,score_only_ranker,0,50,50,23,12073
AID435034,5,synthetic_high_artifact,3,0.3,4.0,xgb_pairwise_cap1,0,50,50,23,12073
AID435034,5,synthetic_high_artifact,3,0.3,4.0,score_cap1,3,50,50,23,12073
AID435034,5,synthetic_high_artifact,3,0.3,6.0,chemdep_cal,0,50,50,23,12073
AID435034,5,synthetic_high_artifact,3,0.3,6.0,score_only_ranker,0,50,50,23,12073
AID435034,5,synthetic_high_artifact,3,0.3,6.0,xgb_pairwise_cap1,0,50,50,23,12073
AID435034,5,synthetic_high_artifact,3,0.3,6.0,score_cap1,3,50,50,23,12073
AID435034,5,synthetic_high_artifact,4,0.2,4.0,chemdep_cal,0,50,50,23,12073
AID435034,5,synthetic_high_artifact,4,0.2,4.0,score_only_ranker,0,50,50,23,12073
AID435034,5,synthetic_high_artifact,4,0.2,4.0,xgb_pairwise_cap1,0,50,50,23,12073
AID435034,5,synthetic_high_artifact,4,0.2,4.0,score_cap1,3,50,50,23,12073
AID435034,5,synthetic_high_artifact,4,0.2,6.0,chemdep_cal,0,50,50,23,12073
AID435034,5,synthetic_high_artifact,4,0.2,6.0,score_only_ranker,0,50,50,23,12073
AID435034,5,synthetic_high_artifact,4,0.2,6.0,xgb_pairwise_cap1,0,50,50,23,12073
AID435034,5,synthetic_high_artifact,4,0.2,6.0,score_cap1,3,50,50,23,12073
AID435034,5,synthetic_high_artifact,4,0.3,4.0,chemdep_cal,0,50,50,23,12073
AID435034,5,synthetic_high_artifact,4,0.3,4.0,score_only_ranker,0,50,50,23,12073
AID435034,5,synthetic_high_artifact,4,0.3,4.0,xgb_pairwise_cap1,0,50,50,23,12073
AID435034,5,synthetic_high_artifact,4,0.3,4.0,score_cap1,3,50,50,23,12073
AID435034,5,synthetic_high_artifact,4,0.3,6.0,chemdep_cal,0,50,50,23,12073
AID435034,5,synthetic_high_artifact,4,0.3,6.0,score_only_ranker,0,50,50,23,12073
AID435034,5,synthetic_high_artifact,4,0.3,6.0,xgb_pairwise_cap1,0,50,50,23,12073
AID435034,5,synthetic_high_artifact,4,0.3,6.0,score_cap1,3,50,50,23,12073
AID435034,5,synthetic_high_artifact,5,0.2,4.0,chemdep_cal,0,50,50,23,12073
AID435034,5,synthetic_high_artifact,5,0.2,4.0,score_only_ranker,0,50,50,23,12073
AID435034,5,synthetic_high_artifact,5,0.2,4.0,xgb_pairwise_cap1,0,50,50,23,12073
AID435034,5,synthetic_high_artifact,5,0.2,4.0,score_cap1,3,50,50,23,12073
AID435034,5,synthetic_high_artifact,5,0.2,6.0,chemdep_cal,0,50,50,23,12073
AID435034,5,synthetic_high_artifact,5,0.2,6.0,score_only_ranker,0,50,50,23,12073
AID435034,5,synthetic_high_artifact,5,0.2,6.0,xgb_pairwise_cap1,0,50,50,23,12073
AID435034,5,synthetic_high_artifact,5,0.2,6.0,score_cap1,3,50,50,23,12073
AID435034,5,synthetic_high_artifact,5,0.3,4.0,chemdep_cal,0,50,50,23,12073
AID435034,5,synthetic_high_artifact,5,0.3,4.0,score_only_ranker,0,50,50,23,12073
AID435034,5,synthetic_high_artifact,5,0.3,4.0,xgb_pairwise_cap1,0,50,50,23,12073
AID435034,5,synthetic_high_artifact,5,0.3,4.0,score_cap1,3,50,50,23,12073
AID435034,5,synthetic_high_artifact,5,0.3,6.0,chemdep_cal,0,50,50,23,12073
AID435034,5,synthetic_high_artifact,5,0.3,6.0,score_only_ranker,0,50,50,23,12073
AID435034,5,synthetic_high_artifact,5,0.3,6.0,xgb_pairwise_cap1,0,50,50,23,12073
AID435034,5,synthetic_high_artifact,5,0.3,6.0,score_cap1,3,50,50,23,12073
AID435034,5,synthetic_high_artifact,6,0.2,4.0,chemdep_cal,0,50,50,23,12073
AID435034,5,synthetic_high_artifact,6,0.2,4.0,score_only_ranker,0,50,50,23,12073
AID435034,5,synthetic_high_artifact,6,0.2,4.0,xgb_pairwise_cap1,0,50,50,23,12073
AID435034,5,synthetic_high_artifact,6,0.2,4.0,score_cap1,3,50,50,23,12073
AID435034,5,synthetic_high_artifact,6,0.2,6.0,chemdep_cal,0,50,50,23,12073
AID435034,5,synthetic_high_artifact,6,0.2,6.0,score_only_ranker,0,50,50,23,12073
AID435034,5,synthetic_high_artifact,6,0.2,6.0,xgb_pairwise_cap1,0,50,50,23,12073
AID435034,5,synthetic_high_artifact,6,0.2,6.0,score_cap1,3,50,50,23,12073
AID435034,5,synthetic_high_artifact,6,0.3,4.0,chemdep_cal,0,50,50,23,12073
AID435034,5,synthetic_high_artifact,6,0.3,4.0,score_only_ranker,0,50,50,23,12073
AID435034,5,synthetic_high_artifact,6,0.3,4.0,xgb_pairwise_cap1,0,50,50,23,12073
AID435034,5,synthetic_high_artifact,6,0.3,4.0,score_cap1,3,50,50,23,12073
AID435034,5,synthetic_high_artifact,6,0.3,6.0,chemdep_cal,0,50,50,23,12073
AID435034,5,synthetic_high_artifact,6,0.3,6.0,score_only_ranker,0,50,50,23,12073
AID435034,5,synthetic_high_artifact,6,0.3,6.0,xgb_pairwise_cap1,0,50,50,23,12073
AID435034,5,synthetic_high_artifact,6,0.3,6.0,score_cap1,3,50,50,23,12073
AID435034,5,synthetic_high_artifact,7,0.2,4.0,chemdep_cal,0,50,50,23,12073
AID435034,5,synthetic_high_artifact,7,0.2,4.0,score_only_ranker,0,50,50,23,12073
AID435034,5,synthetic_high_artifact,7,0.2,4.0,xgb_pairwise_cap1,0,50,50,23,12073
AID435034,5,synthetic_high_artifact,7,0.2,4.0,score_cap1,3,50,50,23,12073
AID435034,5,synthetic_high_artifact,7,0.2,6.0,chemdep_cal,0,50,50,23,12073
AID435034,5,synthetic_high_artifact,7,0.2,6.0,score_only_ranker,0,50,50,23,12073
AID435034,5,synthetic_high_artifact,7,0.2,6.0,xgb_pairwise_cap1,0,50,50,23,12073
AID435034,5,synthetic_high_artifact,7,0.2,6.0,score_cap1,3,50,50,23,12073
AID435034,5,synthetic_high_artifact,7,0.3,4.0,chemdep_cal,0,50,50,23,12073
AID435034,5,synthetic_high_artifact,7,0.3,4.0,score_only_ranker,0,50,50,23,12073
AID435034,5,synthetic_high_artifact,7,0.3,4.0,xgb_pairwise_cap1,0,50,50,23,12073
AID435034,5,synthetic_high_artifact,7,0.3,4.0,score_cap1,3,50,50,23,12073
AID435034,5,synthetic_high_artifact,7,0.3,6.0,chemdep_cal,0,50,50,23,12073
AID435034,5,synthetic_high_artifact,7,0.3,6.0,score_only_ranker,0,50,50,23,12073
AID435034,5,synthetic_high_artifact,7,0.3,6.0,xgb_pairwise_cap1,0,50,50,23,12073
AID435034,5,synthetic_high_artifact,7,0.3,6.0,score_cap1,3,50,50,23,12073
AID435034,5,synthetic_high_artifact,8,0.2,4.0,chemdep_cal,0,50,50,23,12073
AID435034,5,synthetic_high_artifact,8,0.2,4.0,score_only_ranker,0,50,50,23,12073
AID435034,5,synthetic_high_artifact,8,0.2,4.0,xgb_pairwise_cap1,0,50,50,23,12073
AID435034,5,synthetic_high_artifact,8,0.2,4.0,score_cap1,3,50,50,23,12073
AID435034,5,synthetic_high_artifact,8,0.2,6.0,chemdep_cal,0,50,50,23,12073
AID435034,5,synthetic_high_artifact,8,0.2,6.0,score_only_ranker,0,50,50,23,12073
AID435034,5,synthetic_high_artifact,8,0.2,6.0,xgb_pairwise_cap1,0,50,50,23,12073
AID435034,5,synthetic_high_artifact,8,0.2,6.0,score_cap1,3,50,50,23,12073
AID435034,5,synthetic_high_artifact,8,0.3,4.0,chemdep_cal,0,50,50,23,12073
AID435034,5,synthetic_high_artifact,8,0.3,4.0,score_only_ranker,0,50,50,23,12073
AID435034,5,synthetic_high_artifact,8,0.3,4.0,xgb_pairwise_cap1,0,50,50,23,12073
AID435034,5,synthetic_high_artifact,8,0.3,4.0,score_cap1,3,50,50,23,12073
AID435034,5,synthetic_high_artifact,8,0.3,6.0,chemdep_cal,0,50,50,23,12073
AID435034,5,synthetic_high_artifact,8,0.3,6.0,score_only_ranker,0,50,50,23,12073
AID435034,5,synthetic_high_artifact,8,0.3,6.0,xgb_pairwise_cap1,0,50,50,23,12073
AID435034,5,synthetic_high_artifact,8,0.3,6.0,score_cap1,3,50,50,23,12073
AID435034,5,synthetic_high_artifact,9,0.2,4.0,chemdep_cal,0,50,50,23,12073
AID435034,5,synthetic_high_artifact,9,0.2,4.0,score_only_ranker,0,50,50,23,12073
AID435034,5,synthetic_high_artifact,9,0.2,4.0,xgb_pairwise_cap1,0,50,50,23,12073
AID435034,5,synthetic_high_artifact,9,0.2,4.0,score_cap1,3,50,50,23,12073
AID435034,5,synthetic_high_artifact,9,0.2,6.0,chemdep_cal,0,50,50,23,12073
AID435034,5,synthetic_high_artifact,9,0.2,6.0,score_only_ranker,0,50,50,23,12073
AID435034,5,synthetic_high_artifact,9,0.2,6.0,xgb_pairwise_cap1,0,50,50,23,12073
AID435034,5,synthetic_high_artifact,9,0.2,6.0,score_cap1,3,50,50,23,12073
AID435034,5,synthetic_high_artifact,9,0.3,4.0,chemdep_cal,0,50,50,23,12073
AID435034,5,synthetic_high_artifact,9,0.3,4.0,score_only_ranker,0,50,50,23,12073
AID435034,5,synthetic_high_artifact,9,0.3,4.0,xgb_pairwise_cap1,0,50,50,23,12073
AID435034,5,synthetic_high_artifact,9,0.3,4.0,score_cap1,3,50,50,23,12073
AID435034,5,synthetic_high_artifact,9,0.3,6.0,chemdep_cal,0,50,50,23,12073
AID435034,5,synthetic_high_artifact,9,0.3,6.0,score_only_ranker,0,50,50,23,12073
AID435034,5,synthetic_high_artifact,9,0.3,6.0,xgb_pairwise_cap1,0,50,50,23,12073
AID435034,5,synthetic_high_artifact,9,0.3,6.0,score_cap1,3,50,50,23,12073
AID463087,5,natural,-1,0.0,0.0,chemdep_cal,1,50,50,130,19130
AID463087,5,natural,-1,0.0,0.0,score_only_ranker,5,50,50,130,19130
AID463087,5,natural,-1,0.0,0.0,xgb_pairwise_cap1,0,50,50,130,19130
AID463087,5,natural,-1,0.0,0.0,score_cap1,6,50,50,130,19130
AID463087,5,synthetic_high_artifact,0,0.2,4.0,chemdep_cal,1,50,50,130,19130
AID463087,5,synthetic_high_artifact,0,0.2,4.0,score_only_ranker,4,50,50,130,19130
AID463087,5,synthetic_high_artifact,0,0.2,4.0,xgb_pairwise_cap1,0,50,50,130,19130
AID463087,5,synthetic_high_artifact,0,0.2,4.0,score_cap1,4,50,50,130,19130
AID463087,5,synthetic_high_artifact,0,0.2,6.0,chemdep_cal,1,50,50,130,19130
AID463087,5,synthetic_high_artifact,0,0.2,6.0,score_only_ranker,4,50,50,130,19130
AID463087,5,synthetic_high_artifact,0,0.2,6.0,xgb_pairwise_cap1,1,50,50,130,19130
AID463087,5,synthetic_high_artifact,0,0.2,6.0,score_cap1,4,50,50,130,19130
AID463087,5,synthetic_high_artifact,0,0.3,4.0,chemdep_cal,1,50,50,130,19130
AID463087,5,synthetic_high_artifact,0,0.3,4.0,score_only_ranker,4,50,50,130,19130
AID463087,5,synthetic_high_artifact,0,0.3,4.0,xgb_pairwise_cap1,0,50,50,130,19130
AID463087,5,synthetic_high_artifact,0,0.3,4.0,score_cap1,4,50,50,130,19130
AID463087,5,synthetic_high_artifact,0,0.3,6.0,chemdep_cal,1,50,50,130,19130
AID463087,5,synthetic_high_artifact,0,0.3,6.0,score_only_ranker,4,50,50,130,19130
AID463087,5,synthetic_high_artifact,0,0.3,6.0,xgb_pairwise_cap1,0,50,50,130,19130
AID463087,5,synthetic_high_artifact,0,0.3,6.0,score_cap1,4,50,50,130,19130
AID463087,5,synthetic_high_artifact,1,0.2,4.0,chemdep_cal,1,50,50,130,19130
AID463087,5,synthetic_high_artifact,1,0.2,4.0,score_only_ranker,4,50,50,130,19130
AID463087,5,synthetic_high_artifact,1,0.2,4.0,xgb_pairwise_cap1,0,50,50,130,19130
AID463087,5,synthetic_high_artifact,1,0.2,4.0,score_cap1,4,50,50,130,19130
AID463087,5,synthetic_high_artifact,1,0.2,6.0,chemdep_cal,1,50,50,130,19130
AID463087,5,synthetic_high_artifact,1,0.2,6.0,score_only_ranker,4,50,50,130,19130
AID463087,5,synthetic_high_artifact,1,0.2,6.0,xgb_pairwise_cap1,0,50,50,130,19130
AID463087,5,synthetic_high_artifact,1,0.2,6.0,score_cap1,4,50,50,130,19130
AID463087,5,synthetic_high_artifact,1,0.3,4.0,chemdep_cal,1,50,50,130,19130
AID463087,5,synthetic_high_artifact,1,0.3,4.0,score_only_ranker,4,50,50,130,19130
AID463087,5,synthetic_high_artifact,1,0.3,4.0,xgb_pairwise_cap1,0,50,50,130,19130
AID463087,5,synthetic_high_artifact,1,0.3,4.0,score_cap1,5,50,50,130,19130
AID463087,5,synthetic_high_artifact,1,0.3,6.0,chemdep_cal,1,50,50,130,19130
AID463087,5,synthetic_high_artifact,1,0.3,6.0,score_only_ranker,4,50,50,130,19130
AID463087,5,synthetic_high_artifact,1,0.3,6.0,xgb_pairwise_cap1,0,50,50,130,19130
AID463087,5,synthetic_high_artifact,1,0.3,6.0,score_cap1,4,50,50,130,19130
AID463087,5,synthetic_high_artifact,2,0.2,4.0,chemdep_cal,1,50,50,130,19130
AID463087,5,synthetic_high_artifact,2,0.2,4.0,score_only_ranker,4,50,50,130,19130
AID463087,5,synthetic_high_artifact,2,0.2,4.0,xgb_pairwise_cap1,0,50,50,130,19130
AID463087,5,synthetic_high_artifact,2,0.2,4.0,score_cap1,4,50,50,130,19130
AID463087,5,synthetic_high_artifact,2,0.2,6.0,chemdep_cal,3,50,50,130,19130
AID463087,5,synthetic_high_artifact,2,0.2,6.0,score_only_ranker,4,50,50,130,19130
AID463087,5,synthetic_high_artifact,2,0.2,6.0,xgb_pairwise_cap1,2,50,50,130,19130
AID463087,5,synthetic_high_artifact,2,0.2,6.0,score_cap1,4,50,50,130,19130
AID463087,5,synthetic_high_artifact,2,0.3,4.0,chemdep_cal,1,50,50,130,19130
AID463087,5,synthetic_high_artifact,2,0.3,4.0,score_only_ranker,4,50,50,130,19130
AID463087,5,synthetic_high_artifact,2,0.3,4.0,xgb_pairwise_cap1,0,50,50,130,19130
AID463087,5,synthetic_high_artifact,2,0.3,4.0,score_cap1,4,50,50,130,19130
AID463087,5,synthetic_high_artifact,2,0.3,6.0,chemdep_cal,1,50,50,130,19130
AID463087,5,synthetic_high_artifact,2,0.3,6.0,score_only_ranker,4,50,50,130,19130
AID463087,5,synthetic_high_artifact,2,0.3,6.0,xgb_pairwise_cap1,0,50,50,130,19130
AID463087,5,synthetic_high_artifact,2,0.3,6.0,score_cap1,4,50,50,130,19130
AID463087,5,synthetic_high_artifact,3,0.2,4.0,chemdep_cal,1,50,50,130,19130
AID463087,5,synthetic_high_artifact,3,0.2,4.0,score_only_ranker,4,50,50,130,19130
AID463087,5,synthetic_high_artifact,3,0.2,4.0,xgb_pairwise_cap1,0,50,50,130,19130
AID463087,5,synthetic_high_artifact,3,0.2,4.0,score_cap1,4,50,50,130,19130
AID463087,5,synthetic_high_artifact,3,0.2,6.0,chemdep_cal,1,50,50,130,19130
AID463087,5,synthetic_high_artifact,3,0.2,6.0,score_only_ranker,4,50,50,130,19130
AID463087,5,synthetic_high_artifact,3,0.2,6.0,xgb_pairwise_cap1,1,50,50,130,19130
AID463087,5,synthetic_high_artifact,3,0.2,6.0,score_cap1,4,50,50,130,19130
AID463087,5,synthetic_high_artifact,3,0.3,4.0,chemdep_cal,1,50,50,130,19130
AID463087,5,synthetic_high_artifact,3,0.3,4.0,score_only_ranker,4,50,50,130,19130
AID463087,5,synthetic_high_artifact,3,0.3,4.0,xgb_pairwise_cap1,0,50,50,130,19130
AID463087,5,synthetic_high_artifact,3,0.3,4.0,score_cap1,4,50,50,130,19130
AID463087,5,synthetic_high_artifact,3,0.3,6.0,chemdep_cal,1,50,50,130,19130
AID463087,5,synthetic_high_artifact,3,0.3,6.0,score_only_ranker,4,50,50,130,19130
AID463087,5,synthetic_high_artifact,3,0.3,6.0,xgb_pairwise_cap1,0,50,50,130,19130
AID463087,5,synthetic_high_artifact,3,0.3,6.0,score_cap1,4,50,50,130,19130
AID463087,5,synthetic_high_artifact,4,0.2,4.0,chemdep_cal,1,50,50,130,19130
AID463087,5,synthetic_high_artifact,4,0.2,4.0,score_only_ranker,4,50,50,130,19130
AID463087,5,synthetic_high_artifact,4,0.2,4.0,xgb_pairwise_cap1,0,50,50,130,19130
AID463087,5,synthetic_high_artifact,4,0.2,4.0,score_cap1,4,50,50,130,19130
AID463087,5,synthetic_high_artifact,4,0.2,6.0,chemdep_cal,2,50,50,130,19130
AID463087,5,synthetic_high_artifact,4,0.2,6.0,score_only_ranker,4,50,50,130,19130
AID463087,5,synthetic_high_artifact,4,0.2,6.0,xgb_pairwise_cap1,1,50,50,130,19130
AID463087,5,synthetic_high_artifact,4,0.2,6.0,score_cap1,4,50,50,130,19130
AID463087,5,synthetic_high_artifact,4,0.3,4.0,chemdep_cal,1,50,50,130,19130
AID463087,5,synthetic_high_artifact,4,0.3,4.0,score_only_ranker,4,50,50,130,19130
AID463087,5,synthetic_high_artifact,4,0.3,4.0,xgb_pairwise_cap1,0,50,50,130,19130
AID463087,5,synthetic_high_artifact,4,0.3,4.0,score_cap1,4,50,50,130,19130
AID463087,5,synthetic_high_artifact,4,0.3,6.0,chemdep_cal,1,50,50,130,19130
AID463087,5,synthetic_high_artifact,4,0.3,6.0,score_only_ranker,4,50,50,130,19130
AID463087,5,synthetic_high_artifact,4,0.3,6.0,xgb_pairwise_cap1,0,50,50,130,19130
AID463087,5,synthetic_high_artifact,4,0.3,6.0,score_cap1,4,50,50,130,19130
AID463087,5,synthetic_high_artifact,5,0.2,4.0,chemdep_cal,1,50,50,130,19130
AID463087,5,synthetic_high_artifact,5,0.2,4.0,score_only_ranker,4,50,50,130,19130
AID463087,5,synthetic_high_artifact,5,0.2,4.0,xgb_pairwise_cap1,0,50,50,130,19130
AID463087,5,synthetic_high_artifact,5,0.2,4.0,score_cap1,4,50,50,130,19130
AID463087,5,synthetic_high_artifact,5,0.2,6.0,chemdep_cal,1,50,50,130,19130
AID463087,5,synthetic_high_artifact,5,0.2,6.0,score_only_ranker,4,50,50,130,19130
AID463087,5,synthetic_high_artifact,5,0.2,6.0,xgb_pairwise_cap1,0,50,50,130,19130
AID463087,5,synthetic_high_artifact,5,0.2,6.0,score_cap1,4,50,50,130,19130
AID463087,5,synthetic_high_artifact,5,0.3,4.0,chemdep_cal,1,50,50,130,19130
AID463087,5,synthetic_high_artifact,5,0.3,4.0,score_only_ranker,4,50,50,130,19130
AID463087,5,synthetic_high_artifact,5,0.3,4.0,xgb_pairwise_cap1,0,50,50,130,19130
AID463087,5,synthetic_high_artifact,5,0.3,4.0,score_cap1,4,50,50,130,19130
AID463087,5,synthetic_high_artifact,5,0.3,6.0,chemdep_cal,1,50,50,130,19130
AID463087,5,synthetic_high_artifact,5,0.3,6.0,score_only_ranker,4,50,50,130,19130
AID463087,5,synthetic_high_artifact,5,0.3,6.0,xgb_pairwise_cap1,0,50,50,130,19130
AID463087,5,synthetic_high_artifact,5,0.3,6.0,score_cap1,4,50,50,130,19130
AID463087,5,synthetic_high_artifact,6,0.2,4.0,chemdep_cal,1,50,50,130,19130
AID463087,5,synthetic_high_artifact,6,0.2,4.0,score_only_ranker,4,50,50,130,19130
AID463087,5,synthetic_high_artifact,6,0.2,4.0,xgb_pairwise_cap1,0,50,50,130,19130
AID463087,5,synthetic_high_artifact,6,0.2,4.0,score_cap1,4,50,50,130,19130
AID463087,5,synthetic_high_artifact,6,0.2,6.0,chemdep_cal,1,50,50,130,19130
AID463087,5,synthetic_high_artifact,6,0.2,6.0,score_only_ranker,4,50,50,130,19130
AID463087,5,synthetic_high_artifact,6,0.2,6.0,xgb_pairwise_cap1,0,50,50,130,19130
AID463087,5,synthetic_high_artifact,6,0.2,6.0,score_cap1,4,50,50,130,19130
AID463087,5,synthetic_high_artifact,6,0.3,4.0,chemdep_cal,1,50,50,130,19130
AID463087,5,synthetic_high_artifact,6,0.3,4.0,score_only_ranker,4,50,50,130,19130
AID463087,5,synthetic_high_artifact,6,0.3,4.0,xgb_pairwise_cap1,0,50,50,130,19130
AID463087,5,synthetic_high_artifact,6,0.3,4.0,score_cap1,4,50,50,130,19130
AID463087,5,synthetic_high_artifact,6,0.3,6.0,chemdep_cal,1,50,50,130,19130
AID463087,5,synthetic_high_artifact,6,0.3,6.0,score_only_ranker,4,50,50,130,19130
AID463087,5,synthetic_high_artifact,6,0.3,6.0,xgb_pairwise_cap1,0,50,50,130,19130
AID463087,5,synthetic_high_artifact,6,0.3,6.0,score_cap1,4,50,50,130,19130
AID463087,5,synthetic_high_artifact,7,0.2,4.0,chemdep_cal,1,50,50,130,19130
AID463087,5,synthetic_high_artifact,7,0.2,4.0,score_only_ranker,4,50,50,130,19130
AID463087,5,synthetic_high_artifact,7,0.2,4.0,xgb_pairwise_cap1,0,50,50,130,19130
AID463087,5,synthetic_high_artifact,7,0.2,4.0,score_cap1,4,50,50,130,19130
AID463087,5,synthetic_high_artifact,7,0.2,6.0,chemdep_cal,1,50,50,130,19130
AID463087,5,synthetic_high_artifact,7,0.2,6.0,score_only_ranker,4,50,50,130,19130
AID463087,5,synthetic_high_artifact,7,0.2,6.0,xgb_pairwise_cap1,0,50,50,130,19130
AID463087,5,synthetic_high_artifact,7,0.2,6.0,score_cap1,4,50,50,130,19130
AID463087,5,synthetic_high_artifact,7,0.3,4.0,chemdep_cal,1,50,50,130,19130
AID463087,5,synthetic_high_artifact,7,0.3,4.0,score_only_ranker,4,50,50,130,19130
AID463087,5,synthetic_high_artifact,7,0.3,4.0,xgb_pairwise_cap1,0,50,50,130,19130
AID463087,5,synthetic_high_artifact,7,0.3,4.0,score_cap1,4,50,50,130,19130
AID463087,5,synthetic_high_artifact,7,0.3,6.0,chemdep_cal,1,50,50,130,19130
AID463087,5,synthetic_high_artifact,7,0.3,6.0,score_only_ranker,4,50,50,130,19130
AID463087,5,synthetic_high_artifact,7,0.3,6.0,xgb_pairwise_cap1,0,50,50,130,19130
AID463087,5,synthetic_high_artifact,7,0.3,6.0,score_cap1,4,50,50,130,19130
AID463087,5,synthetic_high_artifact,8,0.2,4.0,chemdep_cal,1,50,50,130,19130
AID463087,5,synthetic_high_artifact,8,0.2,4.0,score_only_ranker,4,50,50,130,19130
AID463087,5,synthetic_high_artifact,8,0.2,4.0,xgb_pairwise_cap1,1,50,50,130,19130
AID463087,5,synthetic_high_artifact,8,0.2,4.0,score_cap1,4,50,50,130,19130
AID463087,5,synthetic_high_artifact,8,0.2,6.0,chemdep_cal,2,50,50,130,19130
AID463087,5,synthetic_high_artifact,8,0.2,6.0,score_only_ranker,4,50,50,130,19130
AID463087,5,synthetic_high_artifact,8,0.2,6.0,xgb_pairwise_cap1,1,50,50,130,19130
AID463087,5,synthetic_high_artifact,8,0.2,6.0,score_cap1,4,50,50,130,19130
AID463087,5,synthetic_high_artifact,8,0.3,4.0,chemdep_cal,1,50,50,130,19130
AID463087,5,synthetic_high_artifact,8,0.3,4.0,score_only_ranker,4,50,50,130,19130
AID463087,5,synthetic_high_artifact,8,0.3,4.0,xgb_pairwise_cap1,0,50,50,130,19130
AID463087,5,synthetic_high_artifact,8,0.3,4.0,score_cap1,4,50,50,130,19130
AID463087,5,synthetic_high_artifact,8,0.3,6.0,chemdep_cal,1,50,50,130,19130
AID463087,5,synthetic_high_artifact,8,0.3,6.0,score_only_ranker,4,50,50,130,19130
AID463087,5,synthetic_high_artifact,8,0.3,6.0,xgb_pairwise_cap1,0,50,50,130,19130
AID463087,5,synthetic_high_artifact,8,0.3,6.0,score_cap1,4,50,50,130,19130
AID463087,5,synthetic_high_artifact,9,0.2,4.0,chemdep_cal,1,50,50,130,19130
AID463087,5,synthetic_high_artifact,9,0.2,4.0,score_only_ranker,4,50,50,130,19130
AID463087,5,synthetic_high_artifact,9,0.2,4.0,xgb_pairwise_cap1,0,50,50,130,19130
AID463087,5,synthetic_high_artifact,9,0.2,4.0,score_cap1,4,50,50,130,19130
AID463087,5,synthetic_high_artifact,9,0.2,6.0,chemdep_cal,1,50,50,130,19130
AID463087,5,synthetic_high_artifact,9,0.2,6.0,score_only_ranker,4,50,50,130,19130
AID463087,5,synthetic_high_artifact,9,0.2,6.0,xgb_pairwise_cap1,0,50,50,130,19130
AID463087,5,synthetic_high_artifact,9,0.2,6.0,score_cap1,4,50,50,130,19130
AID463087,5,synthetic_high_artifact,9,0.3,4.0,chemdep_cal,1,50,50,130,19130
AID463087,5,synthetic_high_artifact,9,0.3,4.0,score_only_ranker,4,50,50,130,19130
AID463087,5,synthetic_high_artifact,9,0.3,4.0,xgb_pairwise_cap1,0,50,50,130,19130
AID463087,5,synthetic_high_artifact,9,0.3,4.0,score_cap1,4,50,50,130,19130
AID463087,5,synthetic_high_artifact,9,0.3,6.0,chemdep_cal,1,50,50,130,19130
AID463087,5,synthetic_high_artifact,9,0.3,6.0,score_only_ranker,4,50,50,130,19130
AID463087,5,synthetic_high_artifact,9,0.3,6.0,xgb_pairwise_cap1,0,50,50,130,19130
AID463087,5,synthetic_high_artifact,9,0.3,6.0,score_cap1,4,50,50,130,19130
