aid,split_seed,scenario,rep,fraction,boost,method,hits
AID1798,5,natural,-1,0.0,0.0,natural_only,0
AID1798,5,natural,-1,0.0,0.0,balanced_50_50,2
AID1798,5,synthetic_high_artifact,0,0.2,4.0,natural_only,0
AID1798,5,synthetic_high_artifact,0,0.2,4.0,balanced_50_50,0
AID1798,5,synthetic_high_artifact,0,0.2,6.0,natural_only,1
AID1798,5,synthetic_high_artifact,0,0.2,6.0,balanced_50_50,2
AID1798,5,synthetic_high_artifact,0,0.3,4.0,natural_only,0
AID1798,5,synthetic_high_artifact,0,0.3,4.0,balanced_50_50,1
AID1798,5,synthetic_high_artifact,0,0.3,6.0,natural_only,0
AID1798,5,synthetic_high_artifact,0,0.3,6.0,balanced_50_50,2
AID1798,5,synthetic_high_artifact,1,0.2,4.0,natural_only,0
AID1798,5,synthetic_high_artifact,1,0.2,4.0,balanced_50_50,1
AID1798,5,synthetic_high_artifact,1,0.2,6.0,natural_only,0
AID1798,5,synthetic_high_artifact,1,0.2,6.0,balanced_50_50,2
AID1798,5,synthetic_high_artifact,1,0.3,4.0,natural_only,0
AID1798,5,synthetic_high_artifact,1,0.3,4.0,balanced_50_50,1
AID1798,5,synthetic_high_artifact,1,0.3,6.0,natural_only,0
AID1798,5,synthetic_high_artifact,1,0.3,6.0,balanced_50_50,2
AID1798,5,synthetic_high_artifact,2,0.2,4.0,natural_only,0
AID1798,5,synthetic_high_artifact,2,0.2,4.0,balanced_50_50,1
AID1798,5,synthetic_high_artifact,2,0.2,6.0,natural_only,0
AID1798,5,synthetic_high_artifact,2,0.2,6.0,balanced_50_50,2
AID1798,5,synthetic_high_artifact,2,0.3,4.0,natural_only,0
AID1798,5,synthetic_high_artifact,2,0.3,4.0,balanced_50_50,1
AID1798,5,synthetic_high_artifact,2,0.3,6.0,natural_only,0
AID1798,5,synthetic_high_artifact,2,0.3,6.0,balanced_50_50,2
AID1798,5,synthetic_high_artifact,3,0.2,4.0,natural_only,0
AID1798,5,synthetic_high_artifact,3,0.2,4.0,balanced_50_50,1
AID1798,5,synthetic_high_artifact,3,0.2,6.0,natural_only,0
AID1798,5,synthetic_high_artifact,3,0.2,6.0,balanced_50_50,2
AID1798,5,synthetic_high_artifact,3,0.3,4.0,natural_only,0
AID1798,5,synthetic_high_artifact,3,0.3,4.0,balanced_50_50,1
AID1798,5,synthetic_high_artifact,3,0.3,6.0,natural_only,0
AID1798,5,synthetic_high_artifact,3,0.3,6.0,balanced_50_50,2
AID1798,5,synthetic_high_artifact,4,0.2,4.0,natural_only,0
AID1798,5,synthetic_high_artifact,4,0.2,4.0,balanced_50_50,1
AID1798,5,synthetic_high_artifact,4,0.2,6.0,natural_only,0
AID1798,5,synthetic_high_artifact,4,0.2,6.0,balanced_50_50,2
AID1798,5,synthetic_high_artifact,4,0.3,4.0,natural_only,0
AID1798,5,synthetic_high_artifact,4,0.3,4.0,balanced_50_50,0
AID1798,5,synthetic_high_artifact,4,0.3,6.0,natural_only,1
AID1798,5,synthetic_high_artifact,4,0.3,6.0,balanced_50_50,2
AID1798,5,synthetic_high_artifact,5,0.2,4.0,natural_only,0
AID1798,5,synthetic_high_artifact,5,0.2,4.0,balanced_50_50,1
AID1798,5,synthetic_high_artifact,5,0.2,6.0,natural_only,0
AID1798,5,synthetic_high_artifact,5,0.2,6.0,balanced_50_50,2
AID1798,5,synthetic_high_artifact,5,0.3,4.0,natural_only,0
AID1798,5,synthetic_high_artifact,5,0.3,4.0,balanced_50_50,1
AID1798,5,synthetic_high_artifact,5,0.3,6.0,natural_only,0
AID1798,5,synthetic_high_artifact,5,0.3,6.0,balanced_50_50,2
AID1798,5,synthetic_high_artifact,6,0.2,4.0,natural_only,0
AID1798,5,synthetic_high_artifact,6,0.2,4.0,balanced_50_50,1
AID1798,5,synthetic_high_artifact,6,0.2,6.0,natural_only,0
AID1798,5,synthetic_high_artifact,6,0.2,6.0,balanced_50_50,2
AID1798,5,synthetic_high_artifact,6,0.3,4.0,natural_only,0
AID1798,5,synthetic_high_artifact,6,0.3,4.0,balanced_50_50,0
AID1798,5,synthetic_high_artifact,6,0.3,6.0,natural_only,1
AID1798,5,synthetic_high_artifact,6,0.3,6.0,balanced_50_50,2
AID1798,5,synthetic_high_artifact,7,0.2,4.0,natural_only,0
AID1798,5,synthetic_high_artifact,7,0.2,4.0,balanced_50_50,1
AID1798,5,synthetic_high_artifact,7,0.2,6.0,natural_only,0
AID1798,5,synthetic_high_artifact,7,0.2,6.0,balanced_50_50,2
AID1798,5,synthetic_high_artifact,7,0.3,4.0,natural_only,0
AID1798,5,synthetic_high_artifact,7,0.3,4.0,balanced_50_50,2
AID1798,5,synthetic_high_artifact,7,0.3,6.0,natural_only,0
AID1798,5,synthetic_high_artifact,7,0.3,6.0,balanced_50_50,2
AID1798,5,synthetic_high_artifact,8,0.2,4.0,natural_only,0
AID1798,5,synthetic_high_artifact,8,0.2,4.0,balanced_50_50,1
AID1798,5,synthetic_high_artifact,8,0.2,6.0,natural_only,0
AID1798,5,synthetic_high_artifact,8,0.2,6.0,balanced_50_50,2
AID1798,5,synthetic_high_artifact,8,0.3,4.0,natural_only,0
AID1798,5,synthetic_high_artifact,8,0.3,4.0,balanced_50_50,1
AID1798,5,synthetic_high_artifact,8,0.3,6.0,natural_only,0
AID1798,5,synthetic_high_artifact,8,0.3,6.0,balanced_50_50,2
AID1798,5,synthetic_high_artifact,9,0.2,4.0,natural_only,0
AID1798,5,synthetic_high_artifact,9,0.2,4.0,balanced_50_50,1
AID1798,5,synthetic_high_artifact,9,0.2,6.0,natural_only,0
AID1798,5,synthetic_high_artifact,9,0.2,6.0,balanced_50_50,2
AID1798,5,synthetic_high_artifact,9,0.3,4.0,natural_only,0
AID1798,5,synthetic_high_artifact,9,0.3,4.0,balanced_50_50,0
AID1798,5,synthetic_high_artifact,9,0.3,6.0,natural_only,1
AID1798,5,synthetic_high_artifact,9,0.3,6.0,balanced_50_50,2
AID435034,5,natural,-1,0.0,0.0,natural_only,2
AID435034,5,natural,-1,0.0,0.0,balanced_50_50,0
AID435034,5,synthetic_high_artifact,0,0.2,4.0,natural_only,2
AID435034,5,synthetic_high_artifact,0,0.2,4.0,balanced_50_50,0
AID435034,5,synthetic_high_artifact,0,0.2,6.0,natural_only,2
AID435034,5,synthetic_high_artifact,0,0.2,6.0,balanced_50_50,0
AID435034,5,synthetic_high_artifact,0,0.3,4.0,natural_only,2
AID435034,5,synthetic_high_artifact,0,0.3,4.0,balanced_50_50,0
AID435034,5,synthetic_high_artifact,0,0.3,6.0,natural_only,2
AID435034,5,synthetic_high_artifact,0,0.3,6.0,balanced_50_50,0
AID435034,5,synthetic_high_artifact,1,0.2,4.0,natural_only,2
AID435034,5,synthetic_high_artifact,1,0.2,4.0,balanced_50_50,0
AID435034,5,synthetic_high_artifact,1,0.2,6.0,natural_only,2
AID435034,5,synthetic_high_artifact,1,0.2,6.0,balanced_50_50,0
AID435034,5,synthetic_high_artifact,1,0.3,4.0,natural_only,2
AID435034,5,synthetic_high_artifact,1,0.3,4.0,balanced_50_50,0
AID435034,5,synthetic_high_artifact,1,0.3,6.0,natural_only,2
AID435034,5,synthetic_high_artifact,1,0.3,6.0,balanced_50_50,0
AID435034,5,synthetic_high_artifact,2,0.2,4.0,natural_only,2
AID435034,5,synthetic_high_artifact,2,0.2,4.0,balanced_50_50,0
AID435034,5,synthetic_high_artifact,2,0.2,6.0,natural_only,2
AID435034,5,synthetic_high_artifact,2,0.2,6.0,balanced_50_50,0
AID435034,5,synthetic_high_artifact,2,0.3,4.0,natural_only,2
AID435034,5,synthetic_high_artifact,2,0.3,4.0,balanced_50_50,0
AID435034,5,synthetic_high_artifact,2,0.3,6.0,natural_only,2
AID435034,5,synthetic_high_artifact,2,0.3,6.0,balanced_50_50,0
AID435034,5,synthetic_high_artifact,3,0.2,4.0,natural_only,2
AID435034,5,synthetic_high_artifact,3,0.2,4.0,balanced_50_50,0
AID435034,5,synthetic_high_artifact,3,0.2,6.0,natural_only,2
AID435034,5,synthetic_high_artifact,3,0.2,6.0,balanced_50_50,0
AID435034,5,synthetic_high_artifact,3,0.3,4.0,natural_only,2
AID435034,5,synthetic_high_artifact,3,0.3,4.0,balanced_50_50,0
AID435034,5,synthetic_high_artifact,3,0.3,6.0,natural_only,2
AID435034,5,synthetic_high_artifact,3,0.3,6.0,balanced_50_50,0
AID435034,5,synthetic_high_artifact,4,0.2,4.0,natural_only,2
AID435034,5,synthetic_high_artifact,4,0.2,4.0,balanced_50_50,0
AID435034,5,synthetic_high_artifact,4,0.2,6.0,natural_only,2
AID435034,5,synthetic_high_artifact,4,0.2,6.0,balanced_50_50,0
AID435034,5,synthetic_high_artifact,4,0.3,4.0,natural_only,2
AID435034,5,synthetic_high_artifact,4,0.3,4.0,balanced_50_50,0
AID435034,5,synthetic_high_artifact,4,0.3,6.0,natural_only,2
AID435034,5,synthetic_high_artifact,4,0.3,6.0,balanced_50_50,0
AID435034,5,synthetic_high_artifact,5,0.2,4.0,natural_only,2
AID435034,5,synthetic_high_artifact,5,0.2,4.0,balanced_50_50,0
AID435034,5,synthetic_high_artifact,5,0.2,6.0,natural_only,2
AID435034,5,synthetic_high_artifact,5,0.2,6.0,balanced_50_50,0
AID435034,5,synthetic_high_artifact,5,0.3,4.0,natural_only,2
AID435034,5,synthetic_high_artifact,5,0.3,4.0,balanced_50_50,0
AID435034,5,synthetic_high_artifact,5,0.3,6.0,natural_only,2
AID435034,5,synthetic_high_artifact,5,0.3,6.0,balanced_50_50,0
AID435034,5,synthetic_high_artifact,6,0.2,4.0,natural_only,2
AID435034,5,synthetic_high_artifact,6,0.2,4.0,balanced_50_50,0
AID435034,5,synthetic_high_artifact,6,0.2,6.0,natural_only,2
AID435034,5,synthetic_high_artifact,6,0.2,6.0,balanced_50_50,0
AID435034,5,synthetic_high_artifact,6,0.3,4.0,natural_only,2
AID435034,5,synthetic_high_artifact,6,0.3,4.0,balanced_50_50,0
AID435034,5,synthetic_high_artifact,6,0.3,6.0,natural_only,2
AID435034,5,synthetic_high_artifact,6,0.3,6.0,balanced_50_50,0
AID435034,5,synthetic_high_artifact,7,0.2,4.0,natural_only,2
AID435034,5,synthetic_high_artifact,7,0.2,4.0,balanced_50_50,0
AID435034,5,synthetic_high_artifact,7,0.2,6.0,natural_only,2
AID435034,5,synthetic_high_artifact,7,0.2,6.0,balanced_50_50,0
AID435034,5,synthetic_high_artifact,7,0.3,4.0,natural_only,2
AID435034,5,synthetic_high_artifact,7,0.3,4.0,balanced_50_50,0
AID435034,5,synthetic_high_artifact,7,0.3,6.0,natural_only,2
AID435034,5,synthetic_high_artifact,7,0.3,6.0,balanced_50_50,0
AID435034,5,synthetic_high_artifact,8,0.2,4.0,natural_only,2
AID435034,5,synthetic_high_artifact,8,0.2,4.0,balanced_50_50,0
AID435034,5,synthetic_high_artifact,8,0.2,6.0,natural_only,2
AID435034,5,synthetic_high_artifact,8,0.2,6.0,balanced_50_50,0
AID435034,5,synthetic_high_artifact,8,0.3,4.0,natural_only,2
AID435034,5,synthetic_high_artifact,8,0.3,4.0,balanced_50_50,0
AID435034,5,synthetic_high_artifact,8,0.3,6.0,natural_only,2
AID435034,5,synthetic_high_artifact,8,0.3,6.0,balanced_50_50,0
AID435034,5,synthetic_high_artifact,9,0.2,4.0,natural_only,2
AID435034,5,synthetic_high_artifact,9,0.2,4.0,balanced_50_50,0
AID435034,5,synthetic_high_artifact,9,0.2,6.0,natural_only,2
AID435034,5,synthetic_high_artifact,9,0.2,6.0,balanced_50_50,0
AID435034,5,synthetic_high_artifact,9,0.3,4.0,natural_only,2
AID435034,5,synthetic_high_artifact,9,0.3,4.0,balanced_50_50,0
AID435034,5,synthetic_high_artifact,9,0.3,6.0,natural_only,2
AID435034,5,synthetic_high_artifact,9,0.3,6.0,balanced_50_50,0
AID463087,5,natural,-1,0.0,0.0,natural_only,5
AID463087,5,natural,-1,0.0,0.0,balanced_50_50,3
AID463087,5,synthetic_high_artifact,0,0.2,4.0,natural_only,5
AID463087,5,synthetic_high_artifact,0,0.2,4.0,balanced_50_50,4
AID463087,5,synthetic_high_artifact,0,0.2,6.0,natural_only,4
AID463087,5,synthetic_high_artifact,0,0.2,6.0,balanced_50_50,4
AID463087,5,synthetic_high_artifact,0,0.3,4.0,natural_only,5
AID463087,5,synthetic_high_artifact,0,0.3,4.0,balanced_50_50,3
AID463087,5,synthetic_high_artifact,0,0.3,6.0,natural_only,4
AID463087,5,synthetic_high_artifact,0,0.3,6.0,balanced_50_50,3
AID463087,5,synthetic_high_artifact,1,0.2,4.0,natural_only,5
AID463087,5,synthetic_high_artifact,1,0.2,4.0,balanced_50_50,3
AID463087,5,synthetic_high_artifact,1,0.2,6.0,natural_only,4
AID463087,5,synthetic_high_artifact,1,0.2,6.0,balanced_50_50,3
AID463087,5,synthetic_high_artifact,1,0.3,4.0,natural_only,5
AID463087,5,synthetic_high_artifact,1,0.3,4.0,balanced_50_50,3
AID463087,5,synthetic_high_artifact,1,0.3,6.0,natural_only,4
AID463087,5,synthetic_high_artifact,1,0.3,6.0,balanced_50_50,3
AID463087,5,synthetic_high_artifact,2,0.2,4.0,natural_only,4
AID463087,5,synthetic_high_artifact,2,0.2,4.0,balanced_50_50,3
AID463087,5,synthetic_high_artifact,2,0.2,6.0,natural_only,4
AID463087,5,synthetic_high_artifact,2,0.2,6.0,balanced_50_50,4
AID463087,5,synthetic_high_artifact,2,0.3,4.0,natural_only,5
AID463087,5,synthetic_high_artifact,2,0.3,4.0,balanced_50_50,3
AID463087,5,synthetic_high_artifact,2,0.3,6.0,natural_only,4
AID463087,5,synthetic_high_artifact,2,0.3,6.0,balanced_50_50,3
AID463087,5,synthetic_high_artifact,3,0.2,4.0,natural_only,5
AID463087,5,synthetic_high_artifact,3,0.2,4.0,balanced_50_50,3
AID463087,5,synthetic_high_artifact,3,0.2,6.0,natural_only,4
AID463087,5,synthetic_high_artifact,3,0.2,6.0,balanced_50_50,4
AID463087,5,synthetic_high_artifact,3,0.3,4.0,natural_only,5
AID463087,5,synthetic_high_artifact,3,0.3,4.0,balanced_50_50,3
AID463087,5,synthetic_high_artifact,3,0.3,6.0,natural_only,4
AID463087,5,synthetic_high_artifact,3,0.3,6.0,balanced_50_50,3
AID463087,5,synthetic_high_artifact,4,0.2,4.0,natural_only,4
AID463087,5,synthetic_high_artifact,4,0.2,4.0,balanced_50_50,2
AID463087,5,synthetic_high_artifact,4,0.2,6.0,natural_only,4
AID463087,5,synthetic_high_artifact,4,0.2,6.0,balanced_50_50,3
AID463087,5,synthetic_high_artifact,4,0.3,4.0,natural_only,4
AID463087,5,synthetic_high_artifact,4,0.3,4.0,balanced_50_50,3
AID463087,5,synthetic_high_artifact,4,0.3,6.0,natural_only,4
AID463087,5,synthetic_high_artifact,4,0.3,6.0,balanced_50_50,3
AID463087,5,synthetic_high_artifact,5,0.2,4.0,natural_only,4
AID463087,5,synthetic_high_artifact,5,0.2,4.0,balanced_50_50,2
AID463087,5,synthetic_high_artifact,5,0.2,6.0,natural_only,4
AID463087,5,synthetic_high_artifact,5,0.2,6.0,balanced_50_50,3
AID463087,5,synthetic_high_artifact,5,0.3,4.0,natural_only,5
AID463087,5,synthetic_high_artifact,5,0.3,4.0,balanced_50_50,3
AID463087,5,synthetic_high_artifact,5,0.3,6.0,natural_only,4
AID463087,5,synthetic_high_artifact,5,0.3,6.0,balanced_50_50,3
AID463087,5,synthetic_high_artifact,6,0.2,4.0,natural_only,4
AID463087,5,synthetic_high_artifact,6,0.2,4.0,balanced_50_50,2
AID463087,5,synthetic_high_artifact,6,0.2,6.0,natural_only,4
AID463087,5,synthetic_high_artifact,6,0.2,6.0,balanced_50_50,2
AID463087,5,synthetic_high_artifact,6,0.3,4.0,natural_only,5
AID463087,5,synthetic_high_artifact,6,0.3,4.0,balanced_50_50,3
AID463087,5,synthetic_high_artifact,6,0.3,6.0,natural_only,4
AID463087,5,synthetic_high_artifact,6,0.3,6.0,balanced_50_50,3
AID463087,5,synthetic_high_artifact,7,0.2,4.0,natural_only,4
AID463087,5,synthetic_high_artifact,7,0.2,4.0,balanced_50_50,3
AID463087,5,synthetic_high_artifact,7,0.2,6.0,natural_only,4
AID463087,5,synthetic_high_artifact,7,0.2,6.0,balanced_50_50,3
AID463087,5,synthetic_high_artifact,7,0.3,4.0,natural_only,4
AID463087,5,synthetic_high_artifact,7,0.3,4.0,balanced_50_50,3
AID463087,5,synthetic_high_artifact,7,0.3,6.0,natural_only,4
AID463087,5,synthetic_high_artifact,7,0.3,6.0,balanced_50_50,3
AID463087,5,synthetic_high_artifact,8,0.2,4.0,natural_only,4
AID463087,5,synthetic_high_artifact,8,0.2,4.0,balanced_50_50,3
AID463087,5,synthetic_high_artifact,8,0.2,6.0,natural_only,4
AID463087,5,synthetic_high_artifact,8,0.2,6.0,balanced_50_50,3
AID463087,5,synthetic_high_artifact,8,0.3,4.0,natural_only,5
AID463087,5,synthetic_high_artifact,8,0.3,4.0,balanced_50_50,3
AID463087,5,synthetic_high_artifact,8,0.3,6.0,natural_only,4
AID463087,5,synthetic_high_artifact,8,0.3,6.0,balanced_50_50,3
AID463087,5,synthetic_high_artifact,9,0.2,4.0,natural_only,4
AID463087,5,synthetic_high_artifact,9,0.2,4.0,balanced_50_50,3
AID463087,5,synthetic_high_artifact,9,0.2,6.0,natural_only,4
AID463087,5,synthetic_high_artifact,9,0.2,6.0,balanced_50_50,3
AID463087,5,synthetic_high_artifact,9,0.3,4.0,natural_only,4
AID463087,5,synthetic_high_artifact,9,0.3,4.0,balanced_50_50,2
AID463087,5,synthetic_high_artifact,9,0.3,6.0,natural_only,4
AID463087,5,synthetic_high_artifact,9,0.3,6.0,balanced_50_50,3
