aid,scenario,method,hits_mean,hits_split_sd
AID1798,natural,chemdep_cal,1.0,0.7071067811865476
AID1798,natural,score_cap1,1.4,0.8944271909999159
AID1798,natural,score_only_ranker,0.6,0.5477225575051661
AID1798,natural,xgb_pairwise_cap1,0.6,0.5477225575051662
AID1798,synthetic_high_artifact,chemdep_cal,1.125,0.7929375763576852
AID1798,synthetic_high_artifact,score_cap1,0.86,0.8648699324175861
AID1798,synthetic_high_artifact,score_only_ranker,0.6,0.5477225575051661
AID1798,synthetic_high_artifact,xgb_pairwise_cap1,0.605,0.5409482415166907
AID435034,natural,chemdep_cal,0.6,0.8944271909999159
AID435034,natural,score_cap1,1.0,1.224744871391589
AID435034,natural,score_only_ranker,0.0,0.0
AID435034,natural,xgb_pairwise_cap1,0.6,0.8944271909999159
AID435034,synthetic_high_artifact,chemdep_cal,0.605,0.8404611829228046
AID435034,synthetic_high_artifact,score_cap1,1.0,1.224744871391589
AID435034,synthetic_high_artifact,score_only_ranker,0.0,0.0
AID435034,synthetic_high_artifact,xgb_pairwise_cap1,0.6,0.8944271909999159
AID463087,natural,chemdep_cal,7.0,3.9370039370059056
AID463087,natural,score_cap1,10.0,2.9154759474226504
AID463087,natural,score_only_ranker,9.6,6.5038450166036395
AID463087,natural,xgb_pairwise_cap1,5.0,3.6742346141747673
AID463087,synthetic_high_artifact,chemdep_cal,6.464999999999999,3.4662028936575537
AID463087,synthetic_high_artifact,score_cap1,6.404999999999999,2.351355991763051
AID463087,synthetic_high_artifact,score_only_ranker,8.290000000000001,6.353753811724216
AID463087,synthetic_high_artifact,xgb_pairwise_cap1,4.58,3.323843783934498
