target,seed,rep,fraction,boost,chemdep_hits,scorecap_hits,rf_hits,fusion_hits
CHEMBL308,35601,0,0.2,4.0,25,25,25,26
CHEMBL308,35601,0,0.2,6.0,26,25,25,26
CHEMBL308,35601,0,0.3,4.0,25,25,24,26
CHEMBL308,35601,0,0.3,6.0,25,25,24,26
CHEMBL308,35601,1,0.2,4.0,25,25,25,26
CHEMBL308,35601,1,0.2,6.0,25,25,25,26
CHEMBL308,35601,1,0.3,4.0,25,25,24,26
CHEMBL308,35601,1,0.3,6.0,25,25,24,26
CHEMBL308,35601,2,0.2,4.0,24,24,23,25
CHEMBL308,35601,2,0.2,6.0,25,24,23,26
CHEMBL308,35601,2,0.3,4.0,25,26,24,26
CHEMBL308,35601,2,0.3,6.0,25,26,24,26
CHEMBL308,35601,3,0.2,4.0,24,25,24,26
CHEMBL308,35601,3,0.2,6.0,25,25,24,26
CHEMBL308,35601,3,0.3,4.0,25,25,24,26
CHEMBL308,35601,3,0.3,6.0,25,25,24,26
CHEMBL308,35601,4,0.2,4.0,25,25,24,26
CHEMBL308,35601,4,0.2,6.0,25,25,24,26
CHEMBL308,35601,4,0.3,4.0,25,25,24,26
CHEMBL308,35601,4,0.3,6.0,26,25,24,26
CHEMBL308,35601,5,0.2,4.0,25,25,24,26
CHEMBL308,35601,5,0.2,6.0,25,25,24,26
CHEMBL308,35601,5,0.3,4.0,25,25,24,26
CHEMBL308,35601,5,0.3,6.0,26,25,24,26
CHEMBL308,35601,6,0.2,4.0,25,25,24,26
CHEMBL308,35601,6,0.2,6.0,25,25,24,26
CHEMBL308,35601,6,0.3,4.0,25,24,24,26
CHEMBL308,35601,6,0.3,6.0,26,24,24,26
CHEMBL308,35601,7,0.2,4.0,25,26,25,26
CHEMBL308,35601,7,0.2,6.0,25,26,25,26
CHEMBL308,35601,7,0.3,4.0,25,25,24,26
CHEMBL308,35601,7,0.3,6.0,26,25,24,26
CHEMBL308,35601,8,0.2,4.0,25,26,24,26
CHEMBL308,35601,8,0.2,6.0,25,26,24,26
CHEMBL308,35601,8,0.3,4.0,25,25,24,26
CHEMBL308,35601,8,0.3,6.0,26,25,24,26
CHEMBL308,35601,9,0.2,4.0,25,25,24,26
CHEMBL308,35601,9,0.2,6.0,26,25,24,26
CHEMBL308,35601,9,0.3,4.0,25,25,23,26
CHEMBL308,35601,9,0.3,6.0,25,25,23,26
CHEMBL321,35601,0,0.2,4.0,49,48,48,49
CHEMBL321,35601,0,0.2,6.0,48,46,48,49
CHEMBL321,35601,0,0.3,4.0,49,47,47,49
CHEMBL321,35601,0,0.3,6.0,49,43,48,49
CHEMBL321,35601,1,0.2,4.0,49,48,48,49
CHEMBL321,35601,1,0.2,6.0,49,46,48,49
CHEMBL321,35601,1,0.3,4.0,49,47,48,49
CHEMBL321,35601,1,0.3,6.0,48,44,48,49
CHEMBL321,35601,2,0.2,4.0,49,47,47,49
CHEMBL321,35601,2,0.2,6.0,48,45,48,49
CHEMBL321,35601,2,0.3,4.0,49,46,48,49
CHEMBL321,35601,2,0.3,6.0,48,44,48,49
CHEMBL321,35601,3,0.2,4.0,49,47,48,49
CHEMBL321,35601,3,0.2,6.0,49,45,48,49
CHEMBL321,35601,3,0.3,4.0,49,47,47,49
CHEMBL321,35601,3,0.3,6.0,49,43,48,49
CHEMBL321,35601,4,0.2,4.0,49,49,48,49
CHEMBL321,35601,4,0.2,6.0,48,46,48,49
CHEMBL321,35601,4,0.3,4.0,48,45,47,49
CHEMBL321,35601,4,0.3,6.0,49,42,48,49
CHEMBL321,35601,5,0.2,4.0,49,47,48,49
CHEMBL321,35601,5,0.2,6.0,48,45,48,49
CHEMBL321,35601,5,0.3,4.0,48,46,48,49
CHEMBL321,35601,5,0.3,6.0,48,42,48,49
CHEMBL321,35601,6,0.2,4.0,49,47,48,49
CHEMBL321,35601,6,0.2,6.0,49,46,48,49
CHEMBL321,35601,6,0.3,4.0,48,47,48,49
CHEMBL321,35601,6,0.3,6.0,48,43,48,49
CHEMBL321,35601,7,0.2,4.0,49,48,48,49
CHEMBL321,35601,7,0.2,6.0,48,46,48,49
CHEMBL321,35601,7,0.3,4.0,48,46,48,49
CHEMBL321,35601,7,0.3,6.0,48,43,48,49
CHEMBL321,35601,8,0.2,4.0,49,49,48,49
CHEMBL321,35601,8,0.2,6.0,49,47,48,49
CHEMBL321,35601,8,0.3,4.0,49,47,48,49
CHEMBL321,35601,8,0.3,6.0,48,44,48,49
CHEMBL321,35601,9,0.2,4.0,49,48,48,49
CHEMBL321,35601,9,0.2,6.0,49,46,48,49
CHEMBL321,35601,9,0.3,4.0,49,44,48,50
CHEMBL321,35601,9,0.3,6.0,49,43,48,50
CHEMBL325,35601,0,0.2,4.0,48,46,49,49
CHEMBL325,35601,0,0.2,6.0,48,44,49,49
CHEMBL325,35601,0,0.3,4.0,48,43,50,50
CHEMBL325,35601,0,0.3,6.0,48,41,50,50
CHEMBL325,35601,1,0.2,4.0,48,45,50,50
CHEMBL325,35601,1,0.2,6.0,48,44,50,50
CHEMBL325,35601,1,0.3,4.0,48,45,49,49
CHEMBL325,35601,1,0.3,6.0,48,41,49,49
CHEMBL325,35601,2,0.2,4.0,48,46,49,49
CHEMBL325,35601,2,0.2,6.0,48,44,49,49
CHEMBL325,35601,2,0.3,4.0,48,43,48,49
CHEMBL325,35601,2,0.3,6.0,48,41,48,49
CHEMBL325,35601,3,0.2,4.0,48,45,49,50
CHEMBL325,35601,3,0.2,6.0,48,44,49,50
CHEMBL325,35601,3,0.3,4.0,47,43,48,48
CHEMBL325,35601,3,0.3,6.0,48,41,48,48
CHEMBL325,35601,4,0.2,4.0,48,44,50,50
CHEMBL325,35601,4,0.2,6.0,48,44,50,50
CHEMBL325,35601,4,0.3,4.0,48,42,50,50
CHEMBL325,35601,4,0.3,6.0,48,41,50,50
CHEMBL325,35601,5,0.2,4.0,49,45,50,50
CHEMBL325,35601,5,0.2,6.0,49,45,50,50
CHEMBL325,35601,5,0.3,4.0,48,43,48,49
CHEMBL325,35601,5,0.3,6.0,48,41,48,49
CHEMBL325,35601,6,0.2,4.0,48,45,49,49
CHEMBL325,35601,6,0.2,6.0,48,44,49,49
CHEMBL325,35601,6,0.3,4.0,48,42,49,49
CHEMBL325,35601,6,0.3,6.0,48,41,49,50
CHEMBL325,35601,7,0.2,4.0,48,44,50,50
CHEMBL325,35601,7,0.2,6.0,48,44,50,50
CHEMBL325,35601,7,0.3,4.0,49,46,50,50
CHEMBL325,35601,7,0.3,6.0,49,42,50,50
CHEMBL325,35601,8,0.2,4.0,48,46,48,49
CHEMBL325,35601,8,0.2,6.0,48,44,48,49
CHEMBL325,35601,8,0.3,4.0,48,42,49,50
CHEMBL325,35601,8,0.3,6.0,48,41,49,50
CHEMBL325,35601,9,0.2,4.0,48,44,50,50
CHEMBL325,35601,9,0.2,6.0,48,44,50,50
CHEMBL325,35601,9,0.3,4.0,48,42,49,50
CHEMBL325,35601,9,0.3,6.0,48,41,49,50
CHEMBL332,35601,0,0.2,4.0,40,40,38,41
CHEMBL332,35601,0,0.2,6.0,38,39,38,40
CHEMBL332,35601,0,0.3,4.0,39,39,37,40
CHEMBL332,35601,0,0.3,6.0,40,37,37,41
CHEMBL332,35601,1,0.2,4.0,39,39,39,41
CHEMBL332,35601,1,0.2,6.0,40,39,39,41
CHEMBL332,35601,1,0.3,4.0,38,38,37,40
CHEMBL332,35601,1,0.3,6.0,40,36,37,40
CHEMBL332,35601,2,0.2,4.0,38,39,37,40
CHEMBL332,35601,2,0.2,6.0,40,39,37,38
CHEMBL332,35601,2,0.3,4.0,37,37,39,41
CHEMBL332,35601,2,0.3,6.0,39,36,39,42
CHEMBL332,35601,3,0.2,4.0,38,39,37,40
CHEMBL332,35601,3,0.2,6.0,39,39,37,38
CHEMBL332,35601,3,0.3,4.0,37,37,37,40
CHEMBL332,35601,3,0.3,6.0,39,36,37,41
CHEMBL332,35601,4,0.2,4.0,40,38,37,40
CHEMBL332,35601,4,0.2,6.0,41,38,37,41
CHEMBL332,35601,4,0.3,4.0,37,38,39,41
CHEMBL332,35601,4,0.3,6.0,37,36,39,40
CHEMBL332,35601,5,0.2,4.0,38,39,38,39
CHEMBL332,35601,5,0.2,6.0,39,39,38,38
CHEMBL332,35601,5,0.3,4.0,37,38,37,39
CHEMBL332,35601,5,0.3,6.0,39,37,37,38
CHEMBL332,35601,6,0.2,4.0,38,39,39,41
CHEMBL332,35601,6,0.2,6.0,41,39,39,40
CHEMBL332,35601,6,0.3,4.0,38,38,37,40
CHEMBL332,35601,6,0.3,6.0,41,37,37,41
CHEMBL332,35601,7,0.2,4.0,39,40,38,40
CHEMBL332,35601,7,0.2,6.0,39,39,38,39
CHEMBL332,35601,7,0.3,4.0,38,39,38,41
CHEMBL332,35601,7,0.3,6.0,38,36,38,40
CHEMBL332,35601,8,0.2,4.0,39,39,39,41
CHEMBL332,35601,8,0.2,6.0,40,38,39,41
CHEMBL332,35601,8,0.3,4.0,38,36,36,40
CHEMBL332,35601,8,0.3,6.0,40,36,36,40
CHEMBL332,35601,9,0.2,4.0,40,39,38,40
CHEMBL332,35601,9,0.2,6.0,41,38,38,41
CHEMBL332,35601,9,0.3,4.0,38,38,37,41
CHEMBL332,35601,9,0.3,6.0,40,36,37,41
CHEMBL333,35601,0,0.2,4.0,50,47,48,48
CHEMBL333,35601,0,0.2,6.0,50,45,48,48
CHEMBL333,35601,0,0.3,4.0,50,45,48,48
CHEMBL333,35601,0,0.3,6.0,50,43,48,48
CHEMBL333,35601,1,0.2,4.0,50,46,48,49
CHEMBL333,35601,1,0.2,6.0,50,45,48,49
CHEMBL333,35601,1,0.3,4.0,50,43,48,48
CHEMBL333,35601,1,0.3,6.0,50,43,48,48
CHEMBL333,35601,2,0.2,4.0,50,47,48,48
CHEMBL333,35601,2,0.2,6.0,50,45,48,48
CHEMBL333,35601,2,0.3,4.0,50,45,48,48
CHEMBL333,35601,2,0.3,6.0,50,43,48,48
CHEMBL333,35601,3,0.2,4.0,50,46,48,49
CHEMBL333,35601,3,0.2,6.0,50,45,48,49
CHEMBL333,35601,3,0.3,4.0,50,43,48,49
CHEMBL333,35601,3,0.3,6.0,50,43,48,49
CHEMBL333,35601,4,0.2,4.0,50,45,48,48
CHEMBL333,35601,4,0.2,6.0,50,45,48,48
CHEMBL333,35601,4,0.3,4.0,50,46,48,49
CHEMBL333,35601,4,0.3,6.0,50,43,48,49
CHEMBL333,35601,5,0.2,4.0,50,46,48,48
CHEMBL333,35601,5,0.2,6.0,50,45,48,48
CHEMBL333,35601,5,0.3,4.0,50,44,48,49
CHEMBL333,35601,5,0.3,6.0,50,43,48,49
CHEMBL333,35601,6,0.2,4.0,50,46,48,48
CHEMBL333,35601,6,0.2,6.0,50,45,48,48
CHEMBL333,35601,6,0.3,4.0,50,45,48,49
CHEMBL333,35601,6,0.3,6.0,50,43,48,49
CHEMBL333,35601,7,0.2,4.0,50,46,48,48
CHEMBL333,35601,7,0.2,6.0,50,45,48,48
CHEMBL333,35601,7,0.3,4.0,50,44,47,49
CHEMBL333,35601,7,0.3,6.0,50,43,47,49
CHEMBL333,35601,8,0.2,4.0,50,46,48,48
CHEMBL333,35601,8,0.2,6.0,50,45,48,48
CHEMBL333,35601,8,0.3,4.0,50,45,48,48
CHEMBL333,35601,8,0.3,6.0,50,43,48,48
CHEMBL333,35601,9,0.2,4.0,50,47,48,48
CHEMBL333,35601,9,0.2,6.0,50,45,48,48
CHEMBL333,35601,9,0.3,4.0,50,44,47,48
CHEMBL333,35601,9,0.3,6.0,50,43,47,48
CHEMBL335,35601,0,0.2,4.0,10,14,17,15
CHEMBL335,35601,0,0.2,6.0,11,13,17,15
CHEMBL335,35601,0,0.3,4.0,10,13,17,15
CHEMBL335,35601,0,0.3,6.0,11,13,17,15
CHEMBL335,35601,1,0.2,4.0,10,13,17,15
CHEMBL335,35601,1,0.2,6.0,11,13,17,15
CHEMBL335,35601,1,0.3,4.0,10,13,17,15
CHEMBL335,35601,1,0.3,6.0,11,13,17,15
CHEMBL335,35601,2,0.2,4.0,10,14,17,15
CHEMBL335,35601,2,0.2,6.0,11,13,17,15
CHEMBL335,35601,2,0.3,4.0,10,13,17,15
CHEMBL335,35601,2,0.3,6.0,11,13,17,15
CHEMBL335,35601,3,0.2,4.0,10,14,17,15
CHEMBL335,35601,3,0.2,6.0,11,13,17,15
CHEMBL335,35601,3,0.3,4.0,10,14,17,15
CHEMBL335,35601,3,0.3,6.0,10,14,17,15
CHEMBL335,35601,4,0.2,4.0,10,15,17,15
CHEMBL335,35601,4,0.2,6.0,10,14,17,15
CHEMBL335,35601,4,0.3,4.0,10,14,17,15
CHEMBL335,35601,4,0.3,6.0,10,14,17,15
CHEMBL335,35601,5,0.2,4.0,10,14,18,16
CHEMBL335,35601,5,0.2,6.0,11,13,18,16
CHEMBL335,35601,5,0.3,4.0,11,12,17,16
CHEMBL335,35601,5,0.3,6.0,12,12,17,16
CHEMBL335,35601,6,0.2,4.0,10,15,17,15
CHEMBL335,35601,6,0.2,6.0,10,14,17,15
CHEMBL335,35601,6,0.3,4.0,10,14,17,15
CHEMBL335,35601,6,0.3,6.0,10,14,17,14
CHEMBL335,35601,7,0.2,4.0,10,14,18,16
CHEMBL335,35601,7,0.2,6.0,10,14,18,16
CHEMBL335,35601,7,0.3,4.0,10,14,17,15
CHEMBL335,35601,7,0.3,6.0,10,14,17,15
CHEMBL335,35601,8,0.2,4.0,10,14,17,15
CHEMBL335,35601,8,0.2,6.0,11,13,17,15
CHEMBL335,35601,8,0.3,4.0,10,14,18,16
CHEMBL335,35601,8,0.3,6.0,10,14,17,16
CHEMBL335,35601,9,0.2,4.0,10,14,17,15
CHEMBL335,35601,9,0.2,6.0,11,14,17,15
CHEMBL335,35601,9,0.3,4.0,10,13,17,15
CHEMBL335,35601,9,0.3,6.0,11,13,17,15
CHEMBL340,35601,0,0.2,4.0,9,11,12,12
CHEMBL340,35601,0,0.2,6.0,9,11,12,12
CHEMBL340,35601,0,0.3,4.0,9,11,12,12
CHEMBL340,35601,0,0.3,6.0,9,11,12,12
CHEMBL340,35601,1,0.2,4.0,9,11,12,12
CHEMBL340,35601,1,0.2,6.0,10,11,12,12
CHEMBL340,35601,1,0.3,4.0,9,11,12,12
CHEMBL340,35601,1,0.3,6.0,9,11,12,12
CHEMBL340,35601,2,0.2,4.0,9,11,12,12
CHEMBL340,35601,2,0.2,6.0,9,11,12,12
CHEMBL340,35601,2,0.3,4.0,9,11,12,12
CHEMBL340,35601,2,0.3,6.0,10,11,12,12
CHEMBL340,35601,3,0.2,4.0,9,11,12,12
CHEMBL340,35601,3,0.2,6.0,9,11,12,12
CHEMBL340,35601,3,0.3,4.0,9,11,12,12
CHEMBL340,35601,3,0.3,6.0,9,11,12,12
CHEMBL340,35601,4,0.2,4.0,9,11,12,12
CHEMBL340,35601,4,0.2,6.0,9,11,12,12
CHEMBL340,35601,4,0.3,4.0,9,11,12,12
CHEMBL340,35601,4,0.3,6.0,9,11,12,12
CHEMBL340,35601,5,0.2,4.0,9,11,12,12
CHEMBL340,35601,5,0.2,6.0,9,11,12,12
CHEMBL340,35601,5,0.3,4.0,9,11,12,12
CHEMBL340,35601,5,0.3,6.0,9,11,12,12
CHEMBL340,35601,6,0.2,4.0,9,11,12,12
CHEMBL340,35601,6,0.2,6.0,9,11,12,12
CHEMBL340,35601,6,0.3,4.0,9,11,12,12
CHEMBL340,35601,6,0.3,6.0,9,11,12,12
CHEMBL340,35601,7,0.2,4.0,9,11,12,12
CHEMBL340,35601,7,0.2,6.0,10,11,12,12
CHEMBL340,35601,7,0.3,4.0,9,11,12,12
CHEMBL340,35601,7,0.3,6.0,9,11,12,12
CHEMBL340,35601,8,0.2,4.0,9,11,12,12
CHEMBL340,35601,8,0.2,6.0,9,11,12,12
CHEMBL340,35601,8,0.3,4.0,9,11,12,12
CHEMBL340,35601,8,0.3,6.0,10,11,12,12
CHEMBL340,35601,9,0.2,4.0,9,11,12,12
CHEMBL340,35601,9,0.2,6.0,9,11,12,12
CHEMBL340,35601,9,0.3,4.0,9,11,12,12
CHEMBL340,35601,9,0.3,6.0,9,11,12,12
CHEMBL344,35601,0,0.2,4.0,49,49,46,46
CHEMBL344,35601,0,0.2,6.0,48,48,46,46
CHEMBL344,35601,0,0.3,4.0,49,48,46,46
CHEMBL344,35601,0,0.3,6.0,49,48,46,46
CHEMBL344,35601,1,0.2,4.0,49,49,46,46
CHEMBL344,35601,1,0.2,6.0,49,49,46,46
CHEMBL344,35601,1,0.3,4.0,49,48,46,46
CHEMBL344,35601,1,0.3,6.0,48,47,46,46
CHEMBL344,35601,2,0.2,4.0,49,49,46,46
CHEMBL344,35601,2,0.2,6.0,49,49,46,46
CHEMBL344,35601,2,0.3,4.0,49,48,46,46
CHEMBL344,35601,2,0.3,6.0,49,48,46,46
CHEMBL344,35601,3,0.2,4.0,49,49,46,46
CHEMBL344,35601,3,0.2,6.0,48,48,46,46
CHEMBL344,35601,3,0.3,4.0,49,47,46,46
CHEMBL344,35601,3,0.3,6.0,49,47,46,46
CHEMBL344,35601,4,0.2,4.0,49,48,46,46
CHEMBL344,35601,4,0.2,6.0,49,48,46,46
CHEMBL344,35601,4,0.3,4.0,49,48,46,46
CHEMBL344,35601,4,0.3,6.0,49,48,46,46
CHEMBL344,35601,5,0.2,4.0,49,49,46,46
CHEMBL344,35601,5,0.2,6.0,48,48,46,46
CHEMBL344,35601,5,0.3,4.0,49,48,46,46
CHEMBL344,35601,5,0.3,6.0,49,48,46,46
CHEMBL344,35601,6,0.2,4.0,49,48,46,46
CHEMBL344,35601,6,0.2,6.0,49,48,46,46
CHEMBL344,35601,6,0.3,4.0,49,48,46,46
CHEMBL344,35601,6,0.3,6.0,49,48,46,46
CHEMBL344,35601,7,0.2,4.0,49,48,46,46
CHEMBL344,35601,7,0.2,6.0,49,48,46,46
CHEMBL344,35601,7,0.3,4.0,49,47,46,46
CHEMBL344,35601,7,0.3,6.0,49,47,46,46
CHEMBL344,35601,8,0.2,4.0,49,48,46,46
CHEMBL344,35601,8,0.2,6.0,49,48,46,46
CHEMBL344,35601,8,0.3,4.0,49,48,46,46
CHEMBL344,35601,8,0.3,6.0,48,47,46,46
CHEMBL344,35601,9,0.2,4.0,49,49,46,46
CHEMBL344,35601,9,0.2,6.0,49,49,46,46
CHEMBL344,35601,9,0.3,4.0,49,47,46,46
CHEMBL344,35601,9,0.3,6.0,49,47,46,46
