target,seed,rep,fraction,boost,chemdep_hits,scorecap_hits,ecfp_score_hits,selected,scaffolds
CHEMBL222,35502,0,0.2,4.0,45,44,45,50,50
CHEMBL222,35502,0,0.2,6.0,46,44,45,50,50
CHEMBL222,35502,0,0.3,4.0,44,43,45,50,50
CHEMBL222,35502,0,0.3,6.0,44,42,45,50,50
CHEMBL222,35502,1,0.2,4.0,45,44,44,50,50
CHEMBL222,35502,1,0.2,6.0,45,44,44,50,50
CHEMBL222,35502,1,0.3,4.0,45,44,46,50,50
CHEMBL222,35502,1,0.3,6.0,44,42,45,50,50
CHEMBL222,35502,2,0.2,4.0,44,44,45,50,50
CHEMBL222,35502,2,0.2,6.0,44,44,45,50,50
CHEMBL222,35502,2,0.3,4.0,45,43,45,50,50
CHEMBL222,35502,2,0.3,6.0,46,42,44,50,50
CHEMBL222,35502,3,0.2,4.0,46,45,46,50,50
CHEMBL222,35502,3,0.2,6.0,47,44,46,50,50
CHEMBL222,35502,3,0.3,4.0,45,44,45,50,50
CHEMBL222,35502,3,0.3,6.0,43,42,45,50,50
CHEMBL222,35502,4,0.2,4.0,44,44,44,50,50
CHEMBL222,35502,4,0.2,6.0,45,44,44,50,50
CHEMBL222,35502,4,0.3,4.0,46,45,45,50,50
CHEMBL222,35502,4,0.3,6.0,44,43,45,50,50
CHEMBL222,35502,5,0.2,4.0,44,44,46,50,50
CHEMBL222,35502,5,0.2,6.0,45,44,46,50,50
CHEMBL222,35502,5,0.3,4.0,45,43,45,50,50
CHEMBL222,35502,5,0.3,6.0,46,42,45,50,50
CHEMBL222,35502,6,0.2,4.0,44,46,46,50,50
CHEMBL222,35502,6,0.2,6.0,44,44,46,50,50
CHEMBL222,35502,6,0.3,4.0,44,43,43,50,50
CHEMBL222,35502,6,0.3,6.0,46,43,43,50,50
CHEMBL222,35502,7,0.2,4.0,44,44,45,50,50
CHEMBL222,35502,7,0.2,6.0,46,44,45,50,50
CHEMBL222,35502,7,0.3,4.0,44,44,43,50,50
CHEMBL222,35502,7,0.3,6.0,45,43,43,50,50
CHEMBL222,35502,8,0.2,4.0,45,46,46,50,50
CHEMBL222,35502,8,0.2,6.0,46,45,46,50,50
CHEMBL222,35502,8,0.3,4.0,45,43,44,50,50
CHEMBL222,35502,8,0.3,6.0,46,42,44,50,50
CHEMBL222,35502,9,0.2,4.0,44,45,46,50,50
CHEMBL222,35502,9,0.2,6.0,45,44,46,50,50
CHEMBL222,35502,9,0.3,4.0,44,43,45,50,50
CHEMBL222,35502,9,0.3,6.0,46,42,45,50,50
CHEMBL225,35502,0,0.2,4.0,41,41,41,50,50
CHEMBL225,35502,0,0.2,6.0,42,41,41,50,50
CHEMBL225,35502,0,0.3,4.0,42,40,40,50,50
CHEMBL225,35502,0,0.3,6.0,43,40,40,50,50
CHEMBL225,35502,1,0.2,4.0,43,41,42,50,50
CHEMBL225,35502,1,0.2,6.0,43,41,42,50,50
CHEMBL225,35502,1,0.3,4.0,42,40,40,50,50
CHEMBL225,35502,1,0.3,6.0,43,40,40,50,50
CHEMBL225,35502,2,0.2,4.0,44,41,43,50,50
CHEMBL225,35502,2,0.2,6.0,44,41,43,50,50
CHEMBL225,35502,2,0.3,4.0,41,40,40,50,50
CHEMBL225,35502,2,0.3,6.0,43,40,40,50,50
CHEMBL225,35502,3,0.2,4.0,42,40,42,50,50
CHEMBL225,35502,3,0.2,6.0,42,40,42,50,50
CHEMBL225,35502,3,0.3,4.0,41,39,39,50,50
CHEMBL225,35502,3,0.3,6.0,43,39,39,50,50
CHEMBL225,35502,4,0.2,4.0,44,41,42,50,50
CHEMBL225,35502,4,0.2,6.0,44,41,42,50,50
CHEMBL225,35502,4,0.3,4.0,43,39,41,50,50
CHEMBL225,35502,4,0.3,6.0,44,39,41,50,50
CHEMBL225,35502,5,0.2,4.0,41,41,41,50,50
CHEMBL225,35502,5,0.2,6.0,42,41,41,50,50
CHEMBL225,35502,5,0.3,4.0,41,39,40,50,50
CHEMBL225,35502,5,0.3,6.0,41,39,40,50,50
CHEMBL225,35502,6,0.2,4.0,42,40,42,50,50
CHEMBL225,35502,6,0.2,6.0,44,40,42,50,50
CHEMBL225,35502,6,0.3,4.0,41,40,40,50,50
CHEMBL225,35502,6,0.3,6.0,42,40,40,50,50
CHEMBL225,35502,7,0.2,4.0,41,41,41,50,50
CHEMBL225,35502,7,0.2,6.0,42,41,41,50,50
CHEMBL225,35502,7,0.3,4.0,40,39,40,50,50
CHEMBL225,35502,7,0.3,6.0,41,39,40,50,50
CHEMBL225,35502,8,0.2,4.0,43,41,42,50,50
CHEMBL225,35502,8,0.2,6.0,44,41,42,50,50
CHEMBL225,35502,8,0.3,4.0,40,39,40,50,50
CHEMBL225,35502,8,0.3,6.0,41,39,40,50,50
CHEMBL225,35502,9,0.2,4.0,43,41,42,50,50
CHEMBL225,35502,9,0.2,6.0,43,41,42,50,50
CHEMBL225,35502,9,0.3,4.0,41,40,40,50,50
CHEMBL225,35502,9,0.3,6.0,43,40,40,50,50
CHEMBL226,35502,0,0.2,4.0,45,39,38,50,50
CHEMBL226,35502,0,0.2,6.0,46,38,38,50,50
CHEMBL226,35502,0,0.3,4.0,47,38,38,50,50
CHEMBL226,35502,0,0.3,6.0,47,38,38,50,50
CHEMBL226,35502,1,0.2,4.0,45,38,39,50,50
CHEMBL226,35502,1,0.2,6.0,46,38,39,50,50
CHEMBL226,35502,1,0.3,4.0,45,37,38,50,50
CHEMBL226,35502,1,0.3,6.0,46,37,38,50,50
CHEMBL226,35502,2,0.2,4.0,45,38,39,50,50
CHEMBL226,35502,2,0.2,6.0,45,38,39,50,50
CHEMBL226,35502,2,0.3,4.0,42,37,37,50,50
CHEMBL226,35502,2,0.3,6.0,46,36,37,50,50
CHEMBL226,35502,3,0.2,4.0,45,38,38,50,50
CHEMBL226,35502,3,0.2,6.0,45,38,38,50,50
CHEMBL226,35502,3,0.3,4.0,44,36,37,50,50
CHEMBL226,35502,3,0.3,6.0,46,36,37,50,50
CHEMBL226,35502,4,0.2,4.0,45,38,38,50,50
CHEMBL226,35502,4,0.2,6.0,46,38,38,50,50
CHEMBL226,35502,4,0.3,4.0,44,37,37,50,50
CHEMBL226,35502,4,0.3,6.0,47,37,37,50,50
CHEMBL226,35502,5,0.2,4.0,44,39,39,50,50
CHEMBL226,35502,5,0.2,6.0,46,38,39,50,50
CHEMBL226,35502,5,0.3,4.0,45,36,37,50,50
CHEMBL226,35502,5,0.3,6.0,46,36,37,50,50
CHEMBL226,35502,6,0.2,4.0,45,38,38,50,50
CHEMBL226,35502,6,0.2,6.0,46,38,38,50,50
CHEMBL226,35502,6,0.3,4.0,45,37,38,50,50
CHEMBL226,35502,6,0.3,6.0,47,37,38,50,50
CHEMBL226,35502,7,0.2,4.0,45,38,38,50,50
CHEMBL226,35502,7,0.2,6.0,46,38,38,50,50
CHEMBL226,35502,7,0.3,4.0,45,36,37,50,50
CHEMBL226,35502,7,0.3,6.0,46,36,37,50,50
CHEMBL226,35502,8,0.2,4.0,45,39,40,50,50
CHEMBL226,35502,8,0.2,6.0,46,39,40,50,50
CHEMBL226,35502,8,0.3,4.0,44,37,37,50,50
CHEMBL226,35502,8,0.3,6.0,45,36,37,50,50
CHEMBL226,35502,9,0.2,4.0,44,39,40,50,50
CHEMBL226,35502,9,0.2,6.0,45,38,40,50,50
CHEMBL226,35502,9,0.3,4.0,44,37,38,50,50
CHEMBL226,35502,9,0.3,6.0,46,37,38,50,50
CHEMBL227,35502,0,0.2,4.0,49,49,50,50,50
CHEMBL227,35502,0,0.2,6.0,49,49,50,50,50
CHEMBL227,35502,0,0.3,4.0,49,50,50,50,50
CHEMBL227,35502,0,0.3,6.0,49,50,50,50,50
CHEMBL227,35502,1,0.2,4.0,49,50,50,50,50
CHEMBL227,35502,1,0.2,6.0,49,50,50,50,50
CHEMBL227,35502,1,0.3,4.0,49,49,50,50,50
CHEMBL227,35502,1,0.3,6.0,49,49,50,50,50
CHEMBL227,35502,2,0.2,4.0,49,50,50,50,50
CHEMBL227,35502,2,0.2,6.0,49,50,50,50,50
CHEMBL227,35502,2,0.3,4.0,49,49,50,50,50
CHEMBL227,35502,2,0.3,6.0,49,49,50,50,50
CHEMBL227,35502,3,0.2,4.0,49,49,50,50,50
CHEMBL227,35502,3,0.2,6.0,49,49,50,50,50
CHEMBL227,35502,3,0.3,4.0,49,49,50,50,50
CHEMBL227,35502,3,0.3,6.0,49,49,50,50,50
CHEMBL227,35502,4,0.2,4.0,49,50,50,50,50
CHEMBL227,35502,4,0.2,6.0,49,50,50,50,50
CHEMBL227,35502,4,0.3,4.0,49,49,50,50,50
CHEMBL227,35502,4,0.3,6.0,49,49,50,50,50
CHEMBL227,35502,5,0.2,4.0,49,50,50,50,50
CHEMBL227,35502,5,0.2,6.0,49,50,50,50,50
CHEMBL227,35502,5,0.3,4.0,49,49,50,50,50
CHEMBL227,35502,5,0.3,6.0,49,49,50,50,50
CHEMBL227,35502,6,0.2,4.0,49,49,50,50,50
CHEMBL227,35502,6,0.2,6.0,49,49,50,50,50
CHEMBL227,35502,6,0.3,4.0,49,49,50,50,50
CHEMBL227,35502,6,0.3,6.0,49,49,50,50,50
CHEMBL227,35502,7,0.2,4.0,49,50,50,50,50
CHEMBL227,35502,7,0.2,6.0,49,50,50,50,50
CHEMBL227,35502,7,0.3,4.0,49,49,50,50,50
CHEMBL227,35502,7,0.3,6.0,49,49,50,50,50
CHEMBL227,35502,8,0.2,4.0,49,49,50,50,50
CHEMBL227,35502,8,0.2,6.0,49,49,50,50,50
CHEMBL227,35502,8,0.3,4.0,49,49,50,50,50
CHEMBL227,35502,8,0.3,6.0,49,49,50,50,50
CHEMBL227,35502,9,0.2,4.0,49,49,50,50,50
CHEMBL227,35502,9,0.2,6.0,49,49,50,50,50
CHEMBL227,35502,9,0.3,4.0,49,49,50,50,50
CHEMBL227,35502,9,0.3,6.0,49,49,50,50,50
CHEMBL231,35502,0,0.2,4.0,48,48,46,50,50
CHEMBL231,35502,0,0.2,6.0,48,47,46,50,50
CHEMBL231,35502,0,0.3,4.0,46,47,46,50,50
CHEMBL231,35502,0,0.3,6.0,45,45,45,50,50
CHEMBL231,35502,1,0.2,4.0,47,47,46,50,50
CHEMBL231,35502,1,0.2,6.0,47,46,46,50,50
CHEMBL231,35502,1,0.3,4.0,46,46,46,50,50
CHEMBL231,35502,1,0.3,6.0,45,45,45,50,50
CHEMBL231,35502,2,0.2,4.0,47,48,46,50,50
CHEMBL231,35502,2,0.2,6.0,46,46,46,50,50
CHEMBL231,35502,2,0.3,4.0,48,47,46,50,50
CHEMBL231,35502,2,0.3,6.0,48,46,46,50,50
CHEMBL231,35502,3,0.2,4.0,47,47,46,50,50
CHEMBL231,35502,3,0.2,6.0,47,46,46,50,50
CHEMBL231,35502,3,0.3,4.0,47,47,46,50,50
CHEMBL231,35502,3,0.3,6.0,48,46,46,50,50
CHEMBL231,35502,4,0.2,4.0,47,47,46,50,50
CHEMBL231,35502,4,0.2,6.0,46,46,46,50,50
CHEMBL231,35502,4,0.3,4.0,46,47,46,50,50
CHEMBL231,35502,4,0.3,6.0,45,45,45,50,50
CHEMBL231,35502,5,0.2,4.0,47,47,46,50,50
CHEMBL231,35502,5,0.2,6.0,46,46,46,50,50
CHEMBL231,35502,5,0.3,4.0,46,47,46,50,50
CHEMBL231,35502,5,0.3,6.0,45,45,45,50,50
CHEMBL231,35502,6,0.2,4.0,47,47,46,50,50
CHEMBL231,35502,6,0.2,6.0,46,46,46,50,50
CHEMBL231,35502,6,0.3,4.0,48,47,46,50,50
CHEMBL231,35502,6,0.3,6.0,48,46,46,50,50
CHEMBL231,35502,7,0.2,4.0,47,48,46,50,50
CHEMBL231,35502,7,0.2,6.0,46,46,46,50,50
CHEMBL231,35502,7,0.3,4.0,47,46,46,50,50
CHEMBL231,35502,7,0.3,6.0,46,45,46,50,50
CHEMBL231,35502,8,0.2,4.0,47,47,46,50,50
CHEMBL231,35502,8,0.2,6.0,47,46,46,50,50
CHEMBL231,35502,8,0.3,4.0,46,47,46,50,50
CHEMBL231,35502,8,0.3,6.0,45,45,45,50,50
CHEMBL231,35502,9,0.2,4.0,46,47,46,50,50
CHEMBL231,35502,9,0.2,6.0,46,46,46,50,50
CHEMBL231,35502,9,0.3,4.0,46,46,46,50,50
CHEMBL231,35502,9,0.3,6.0,46,45,45,50,50
CHEMBL232,35502,0,0.2,4.0,40,40,40,50,50
CHEMBL232,35502,0,0.2,6.0,40,40,40,50,50
CHEMBL232,35502,0,0.3,4.0,42,41,40,50,50
CHEMBL232,35502,0,0.3,6.0,43,41,40,50,50
CHEMBL232,35502,1,0.2,4.0,40,41,40,50,50
CHEMBL232,35502,1,0.2,6.0,42,40,40,50,50
CHEMBL232,35502,1,0.3,4.0,40,40,40,50,50
CHEMBL232,35502,1,0.3,6.0,40,40,40,50,50
CHEMBL232,35502,2,0.2,4.0,41,41,40,50,50
CHEMBL232,35502,2,0.2,6.0,41,40,40,50,50
CHEMBL232,35502,2,0.3,4.0,40,40,40,50,50
CHEMBL232,35502,2,0.3,6.0,41,39,40,50,50
CHEMBL232,35502,3,0.2,4.0,40,41,40,50,50
CHEMBL232,35502,3,0.2,6.0,41,40,40,50,50
CHEMBL232,35502,3,0.3,4.0,40,40,39,50,50
CHEMBL232,35502,3,0.3,6.0,41,40,39,50,50
CHEMBL232,35502,4,0.2,4.0,40,40,40,50,50
CHEMBL232,35502,4,0.2,6.0,42,40,40,50,50
CHEMBL232,35502,4,0.3,4.0,40,40,40,50,50
CHEMBL232,35502,4,0.3,6.0,42,40,40,50,50
CHEMBL232,35502,5,0.2,4.0,40,40,41,50,50
CHEMBL232,35502,5,0.2,6.0,41,40,41,50,50
CHEMBL232,35502,5,0.3,4.0,40,40,40,50,50
CHEMBL232,35502,5,0.3,6.0,41,40,40,50,50
CHEMBL232,35502,6,0.2,4.0,40,40,41,50,50
CHEMBL232,35502,6,0.2,6.0,42,40,41,50,50
CHEMBL232,35502,6,0.3,4.0,40,40,39,50,50
CHEMBL232,35502,6,0.3,6.0,40,39,39,50,50
CHEMBL232,35502,7,0.2,4.0,40,40,41,50,50
CHEMBL232,35502,7,0.2,6.0,41,40,41,50,50
CHEMBL232,35502,7,0.3,4.0,40,41,40,50,50
CHEMBL232,35502,7,0.3,6.0,40,40,40,50,50
CHEMBL232,35502,8,0.2,4.0,40,40,40,50,50
CHEMBL232,35502,8,0.2,6.0,40,40,40,50,50
CHEMBL232,35502,8,0.3,4.0,40,40,39,50,50
CHEMBL232,35502,8,0.3,6.0,42,40,39,50,50
CHEMBL232,35502,9,0.2,4.0,41,41,41,50,50
CHEMBL232,35502,9,0.2,6.0,42,41,41,50,50
CHEMBL232,35502,9,0.3,4.0,40,40,40,50,50
CHEMBL232,35502,9,0.3,6.0,42,40,40,50,50
CHEMBL234,35502,0,0.2,4.0,47,48,48,50,50
CHEMBL234,35502,0,0.2,6.0,47,47,48,50,50
CHEMBL234,35502,0,0.3,4.0,47,49,50,50,50
CHEMBL234,35502,0,0.3,6.0,47,46,50,50,50
CHEMBL234,35502,1,0.2,4.0,47,49,50,50,50
CHEMBL234,35502,1,0.2,6.0,47,47,50,50,50
CHEMBL234,35502,1,0.3,4.0,47,48,48,50,50
CHEMBL234,35502,1,0.3,6.0,47,46,48,50,50
CHEMBL234,35502,2,0.2,4.0,47,48,48,50,50
CHEMBL234,35502,2,0.2,6.0,47,47,48,50,50
CHEMBL234,35502,2,0.3,4.0,47,48,49,50,50
CHEMBL234,35502,2,0.3,6.0,47,46,49,50,50
CHEMBL234,35502,3,0.2,4.0,47,48,49,50,50
CHEMBL234,35502,3,0.2,6.0,47,47,49,50,50
CHEMBL234,35502,3,0.3,4.0,47,49,49,50,50
CHEMBL234,35502,3,0.3,6.0,47,46,49,50,50
CHEMBL234,35502,4,0.2,4.0,47,48,49,50,50
CHEMBL234,35502,4,0.2,6.0,47,47,49,50,50
CHEMBL234,35502,4,0.3,4.0,47,49,49,50,50
CHEMBL234,35502,4,0.3,6.0,47,46,49,50,50
CHEMBL234,35502,5,0.2,4.0,47,48,49,50,50
CHEMBL234,35502,5,0.2,6.0,47,47,49,50,50
CHEMBL234,35502,5,0.3,4.0,47,48,48,50,50
CHEMBL234,35502,5,0.3,6.0,47,46,48,50,50
CHEMBL234,35502,6,0.2,4.0,47,49,49,50,50
CHEMBL234,35502,6,0.2,6.0,47,47,49,50,50
CHEMBL234,35502,6,0.3,4.0,47,48,48,50,50
CHEMBL234,35502,6,0.3,6.0,47,46,48,50,50
CHEMBL234,35502,7,0.2,4.0,47,49,50,50,50
CHEMBL234,35502,7,0.2,6.0,47,47,50,50,50
CHEMBL234,35502,7,0.3,4.0,47,48,48,50,50
CHEMBL234,35502,7,0.3,6.0,47,46,48,50,50
CHEMBL234,35502,8,0.2,4.0,47,49,50,50,50
CHEMBL234,35502,8,0.2,6.0,47,47,50,50,50
CHEMBL234,35502,8,0.3,4.0,47,49,49,50,50
CHEMBL234,35502,8,0.3,6.0,47,46,49,50,50
CHEMBL234,35502,9,0.2,4.0,47,49,50,50,50
CHEMBL234,35502,9,0.2,6.0,47,47,50,50,50
CHEMBL234,35502,9,0.3,4.0,47,48,48,50,50
CHEMBL234,35502,9,0.3,6.0,47,46,48,50,50
CHEMBL236,35502,0,0.2,4.0,50,46,47,50,50
CHEMBL236,35502,0,0.2,6.0,50,46,47,50,50
CHEMBL236,35502,0,0.3,4.0,49,47,47,50,50
CHEMBL236,35502,0,0.3,6.0,49,45,47,50,50
CHEMBL236,35502,1,0.2,4.0,48,49,46,50,50
CHEMBL236,35502,1,0.2,6.0,49,46,46,50,50
CHEMBL236,35502,1,0.3,4.0,50,46,46,50,50
CHEMBL236,35502,1,0.3,6.0,49,45,46,50,50
CHEMBL236,35502,2,0.2,4.0,49,47,47,50,50
CHEMBL236,35502,2,0.2,6.0,49,47,47,50,50
CHEMBL236,35502,2,0.3,4.0,49,46,47,50,50
CHEMBL236,35502,2,0.3,6.0,48,45,47,50,50
CHEMBL236,35502,3,0.2,4.0,49,48,47,50,50
CHEMBL236,35502,3,0.2,6.0,49,46,47,50,50
CHEMBL236,35502,3,0.3,4.0,48,46,45,50,50
CHEMBL236,35502,3,0.3,6.0,50,44,45,50,50
CHEMBL236,35502,4,0.2,4.0,49,47,47,50,50
CHEMBL236,35502,4,0.2,6.0,50,46,47,50,50
CHEMBL236,35502,4,0.3,4.0,49,46,46,50,50
CHEMBL236,35502,4,0.3,6.0,49,44,46,50,50
CHEMBL236,35502,5,0.2,4.0,49,48,47,50,50
CHEMBL236,35502,5,0.2,6.0,49,46,47,50,50
CHEMBL236,35502,5,0.3,4.0,48,46,47,50,50
CHEMBL236,35502,5,0.3,6.0,49,45,47,50,50
CHEMBL236,35502,6,0.2,4.0,47,48,46,50,50
CHEMBL236,35502,6,0.2,6.0,50,46,46,50,50
CHEMBL236,35502,6,0.3,4.0,48,47,46,50,50
CHEMBL236,35502,6,0.3,6.0,49,46,46,50,50
CHEMBL236,35502,7,0.2,4.0,48,48,47,50,50
CHEMBL236,35502,7,0.2,6.0,49,46,47,50,50
CHEMBL236,35502,7,0.3,4.0,49,45,46,50,50
CHEMBL236,35502,7,0.3,6.0,50,44,46,50,50
CHEMBL236,35502,8,0.2,4.0,49,47,47,50,50
CHEMBL236,35502,8,0.2,6.0,49,46,47,50,50
CHEMBL236,35502,8,0.3,4.0,48,46,46,50,50
CHEMBL236,35502,8,0.3,6.0,50,44,46,50,50
CHEMBL236,35502,9,0.2,4.0,50,50,47,50,50
CHEMBL236,35502,9,0.2,6.0,47,47,47,50,50
CHEMBL236,35502,9,0.3,4.0,49,46,45,50,50
CHEMBL236,35502,9,0.3,6.0,49,45,45,50,50
CHEMBL238,35502,0,0.2,4.0,44,41,42,50,50
CHEMBL238,35502,0,0.2,6.0,45,41,42,50,50
CHEMBL238,35502,0,0.3,4.0,45,40,42,50,50
CHEMBL238,35502,0,0.3,6.0,45,38,40,50,50
CHEMBL238,35502,1,0.2,4.0,47,44,43,50,50
CHEMBL238,35502,1,0.2,6.0,48,42,43,50,50
CHEMBL238,35502,1,0.3,4.0,45,42,40,50,50
CHEMBL238,35502,1,0.3,6.0,46,40,39,50,50
CHEMBL238,35502,2,0.2,4.0,46,43,43,50,50
CHEMBL238,35502,2,0.2,6.0,44,41,42,50,50
CHEMBL238,35502,2,0.3,4.0,46,42,39,50,50
CHEMBL238,35502,2,0.3,6.0,46,39,39,50,50
CHEMBL238,35502,3,0.2,4.0,48,45,42,50,50
CHEMBL238,35502,3,0.2,6.0,48,42,40,50,50
CHEMBL238,35502,3,0.3,4.0,45,42,39,50,50
CHEMBL238,35502,3,0.3,6.0,46,39,37,50,50
CHEMBL238,35502,4,0.2,4.0,47,43,44,50,50
CHEMBL238,35502,4,0.2,6.0,49,42,44,50,50
CHEMBL238,35502,4,0.3,4.0,46,41,39,50,50
CHEMBL238,35502,4,0.3,6.0,48,40,39,50,50
CHEMBL238,35502,5,0.2,4.0,46,43,43,50,50
CHEMBL238,35502,5,0.2,6.0,47,42,42,50,50
CHEMBL238,35502,5,0.3,4.0,47,40,41,50,50
CHEMBL238,35502,5,0.3,6.0,47,39,41,50,50
CHEMBL238,35502,6,0.2,4.0,46,44,42,50,50
CHEMBL238,35502,6,0.2,6.0,48,42,41,50,50
CHEMBL238,35502,6,0.3,4.0,45,41,41,50,50
CHEMBL238,35502,6,0.3,6.0,44,38,39,50,50
CHEMBL238,35502,7,0.2,4.0,46,42,43,50,50
CHEMBL238,35502,7,0.2,6.0,46,41,43,50,50
CHEMBL238,35502,7,0.3,4.0,44,40,40,50,50
CHEMBL238,35502,7,0.3,6.0,45,39,39,50,50
CHEMBL238,35502,8,0.2,4.0,46,44,43,50,50
CHEMBL238,35502,8,0.2,6.0,47,43,43,50,50
CHEMBL238,35502,8,0.3,4.0,45,41,43,50,50
CHEMBL238,35502,8,0.3,6.0,45,39,41,50,50
CHEMBL238,35502,9,0.2,4.0,47,44,42,50,50
CHEMBL238,35502,9,0.2,6.0,47,42,41,50,50
CHEMBL238,35502,9,0.3,4.0,45,40,41,50,50
CHEMBL238,35502,9,0.3,6.0,45,38,40,50,50
CHEMBL239,35502,0,0.2,4.0,34,30,32,50,50
CHEMBL239,35502,0,0.2,6.0,35,30,32,50,50
CHEMBL239,35502,0,0.3,4.0,34,30,32,50,50
CHEMBL239,35502,0,0.3,6.0,37,30,32,50,50
CHEMBL239,35502,1,0.2,4.0,31,31,32,50,50
CHEMBL239,35502,1,0.2,6.0,36,31,32,50,50
CHEMBL239,35502,1,0.3,4.0,31,29,30,50,50
CHEMBL239,35502,1,0.3,6.0,35,29,30,50,50
CHEMBL239,35502,2,0.2,4.0,34,30,32,50,50
CHEMBL239,35502,2,0.2,6.0,37,30,32,50,50
CHEMBL239,35502,2,0.3,4.0,34,29,31,50,50
CHEMBL239,35502,2,0.3,6.0,37,29,31,50,50
CHEMBL239,35502,3,0.2,4.0,34,31,33,50,50
CHEMBL239,35502,3,0.2,6.0,36,31,33,50,50
CHEMBL239,35502,3,0.3,4.0,31,28,31,50,50
CHEMBL239,35502,3,0.3,6.0,34,28,30,50,50
CHEMBL239,35502,4,0.2,4.0,31,32,32,50,50
CHEMBL239,35502,4,0.2,6.0,33,32,32,50,50
CHEMBL239,35502,4,0.3,4.0,31,29,31,50,50
CHEMBL239,35502,4,0.3,6.0,36,29,31,50,50
CHEMBL239,35502,5,0.2,4.0,36,32,32,50,50
CHEMBL239,35502,5,0.2,6.0,36,32,32,50,50
CHEMBL239,35502,5,0.3,4.0,30,29,30,50,50
CHEMBL239,35502,5,0.3,6.0,34,29,30,50,50
CHEMBL239,35502,6,0.2,4.0,32,32,32,50,50
CHEMBL239,35502,6,0.2,6.0,35,32,32,50,50
CHEMBL239,35502,6,0.3,4.0,31,30,31,50,50
CHEMBL239,35502,6,0.3,6.0,36,30,31,50,50
CHEMBL239,35502,7,0.2,4.0,33,31,32,50,50
CHEMBL239,35502,7,0.2,6.0,36,31,32,50,50
CHEMBL239,35502,7,0.3,4.0,34,29,31,50,50
CHEMBL239,35502,7,0.3,6.0,37,29,31,50,50
CHEMBL239,35502,8,0.2,4.0,32,31,32,50,50
CHEMBL239,35502,8,0.2,6.0,35,31,32,50,50
CHEMBL239,35502,8,0.3,4.0,31,29,30,50,50
CHEMBL239,35502,8,0.3,6.0,34,29,30,50,50
CHEMBL239,35502,9,0.2,4.0,31,31,32,50,50
CHEMBL239,35502,9,0.2,6.0,34,31,32,50,50
CHEMBL239,35502,9,0.3,4.0,32,30,31,50,50
CHEMBL239,35502,9,0.3,6.0,37,30,31,50,50
