target,seed,train_auroc,train_auprc,calibration_auroc,calibration_auprc,testpool_auroc,testpool_auprc
CHEMBL222,35501,0.9809588254593178,0.9878986513662876,0.8841244362913705,0.9263169308040784,0.9269749290444655,0.9740559177254927
CHEMBL225,35501,0.9675815712085142,0.9831541309217426,0.8433769458504441,0.9323483701419542,0.8020486555697823,0.8933409558885624
CHEMBL226,35501,0.9681984820508416,0.9731154212304903,0.8538167025604211,0.8785577860958849,0.8073401110390077,0.8081921260109134
CHEMBL227,35501,0.9995143642852964,0.9997352126507151,0.99125,0.994616909422378,0.9847511219910241,0.9908904169785361
CHEMBL231,35501,0.9962458745874588,0.9976724521175466,0.9632393084622384,0.9757820453613183,0.9171335685135229,0.9628763480945607
CHEMBL232,35501,0.9951977758119551,0.9979842763420707,0.8067052980132451,0.9249204842959116,0.8090516145436054,0.8628468668898447
CHEMBL234,35501,0.9803250459197062,0.9947481751167666,0.9255162241887908,0.9745448927617049,0.8942183631481675,0.9640779807899007
CHEMBL236,35501,0.9889926905673512,0.9946181607944183,0.9735269930340558,0.9819570717699355,0.9486230883464034,0.9755439005730682
CHEMBL238,35501,0.9901907035775082,0.9904524155685545,0.9256260848003967,0.9331713422184335,0.8955571435611847,0.8928839753016498
CHEMBL239,35501,0.9800016891891892,0.96124718155585,0.7732495765104459,0.760160668817011,0.847690305790501,0.6928774592847042
CHEMBL222,35502,0.9812445319335085,0.9881375224210182,0.882340951361818,0.9258336725883627,0.9252749526963102,0.9731756896431031
CHEMBL225,35502,0.9676102150195414,0.9832308594989975,0.8427402667685353,0.9291406174643744,0.792813700384123,0.886980265934553
CHEMBL226,35502,0.9669102649433183,0.9716699244611144,0.8525963149078727,0.8796431605839845,0.8113178070997668,0.8180027729161939
CHEMBL227,35502,0.9994558539582236,0.9997070661931834,0.9901500000000001,0.993849500186997,0.9841391268869849,0.9903515464995787
CHEMBL231,35502,0.9964383938393839,0.9978208291031553,0.9629360024264484,0.9753980169950025,0.9222521961679464,0.9654791405328813
CHEMBL232,35502,0.994384241122204,0.9976595723893995,0.7990480132450332,0.9210449590228856,0.7987541317060768,0.852427864313287
CHEMBL234,35502,0.9798756887955917,0.9945817556988373,0.9231429337624029,0.9739698003757147,0.8951598842277784,0.9636399389417909
CHEMBL236,35502,0.9890720501218238,0.9946392568327067,0.9686895317337461,0.9770280410938506,0.9459396086809265,0.9744157132823656
CHEMBL238,35502,0.9901893329897727,0.990332333787919,0.9221795189685098,0.9287254783188921,0.8987482134936673,0.8975243175660035
CHEMBL239,35502,0.9793496621621622,0.9607622314173154,0.7781902879728966,0.770750413091698,0.8411353285621341,0.672502233480829
CHEMBL222,35503,0.9810299103237097,0.9879306531997329,0.8861117480700145,0.9267364117733246,0.9265018921475876,0.9737498924126986
CHEMBL225,35503,0.9676706852872656,0.9831519454336124,0.8370738229395474,0.92721683670587,0.797007042253521,0.8905762999886772
CHEMBL226,35503,0.9671880367571283,0.9718837026337039,0.8550729839674562,0.8821489004909557,0.8107650155021993,0.8160468787804234
CHEMBL227,35503,0.9993856415657363,0.9996681215301648,0.99135,0.994671114529986,0.986689106487148,0.9921181285829568
CHEMBL231,35503,0.9962596259625962,0.9977099587003762,0.9673036093418259,0.9781713813742328,0.9229439026077333,0.9660509324370421
CHEMBL232,35503,0.9953320485277392,0.9980563981831269,0.8038079470198676,0.9219165645554033,0.8084795321637427,0.8636814555029295
CHEMBL234,35503,0.9803414458147468,0.9947742689965738,0.928828104049343,0.9756470712309093,0.890644070160756,0.9633762514289625
CHEMBL236,35503,0.9888924469195963,0.9945673512746679,0.9736479295665634,0.9812062738808291,0.9507855039991663,0.9766359116452101
CHEMBL238,35503,0.9905333505113664,0.9907799707593572,0.9252293577981652,0.9308116132052302,0.8989823074269381,0.8987448384519646
CHEMBL239,35503,0.9791841216216216,0.9599725755659609,0.778613777526821,0.7759978857812193,0.8476252439817827,0.693717994522206
CHEMBL222,35504,0.9808672353455818,0.9877764821040342,0.8826976483477286,0.9249491637206401,0.9271079706717124,0.9739466703345017
CHEMBL225,35504,0.9686668533818793,0.983742006489068,0.8404482220736638,0.9293092492587587,0.7950224071702945,0.8883274721988506
CHEMBL226,35504,0.9668834270869118,0.9717648557884309,0.8521296960995453,0.877395987837829,0.8119427019491913,0.81119226477429
CHEMBL227,35504,0.9992686209115909,0.9996029430040755,0.99095,0.9943996777224482,0.9847511219910241,0.9908219492112744
CHEMBL231,35504,0.9960258525852584,0.9975452755536672,0.9643312101910828,0.9764373671014354,0.9205229300684791,0.9644319899114056
CHEMBL232,35504,0.9950635030961709,0.9979430788062054,0.7994619205298014,0.9223182317500493,0.8002796847190441,0.860873863848556
CHEMBL234,35504,0.98105648123852,0.9949365670394232,0.9301823545186378,0.9761194378467394,0.8952644976810685,0.9663271180246835
CHEMBL236,35504,0.9892057083188305,0.9947352701845652,0.9717855069659443,0.9795719898256783,0.9510199828048875,0.9775095388028823
CHEMBL238,35504,0.9900454212775522,0.9902163778552013,0.9274857426233574,0.9336582455992288,0.902321226159381,0.9007404329855768
CHEMBL239,35504,0.9803530405405404,0.9613531705749288,0.7799971767363071,0.7740766408809501,0.8504879635653871,0.6906347170100074
CHEMBL222,35505,0.9810681867891513,0.9880378437095467,0.8857805294402404,0.9272622230335623,0.9270931882686849,0.9737379406213295
CHEMBL225,35505,0.9688705427047397,0.983818864882283,0.8433132779422533,0.9310237901894064,0.7979673495518567,0.8913994299795932
CHEMBL226,35505,0.9681367549811063,0.9727606592605839,0.8584111031347212,0.8848961593426821,0.8075804552118634,0.8112048533402064
CHEMBL227,35505,0.9995143642852964,0.9997381625823953,0.99175,0.9949181566866329,0.9860771113831089,0.9918920006824665
CHEMBL231,35505,0.9960327282728274,0.9976037094635337,0.9628146800121322,0.9751196584136705,0.9232205851836481,0.965356737852038
CHEMBL232,35505,0.9949292303803867,0.997867944053732,0.8083609271523179,0.9271666540521074,0.809115179252479,0.8641038907624297
CHEMBL234,35505,0.9802397664654946,0.9946800110295461,0.9242826495038885,0.9743815679796068,0.8939045227882972,0.964935252243439
CHEMBL236,35505,0.9889537069265576,0.9945712105262308,0.9741074883900929,0.9822074470705447,0.9438553526300706,0.9735925466019086
CHEMBL238,35505,0.9902071506303333,0.990574101129405,0.9218323828415572,0.9267880662343935,0.8986742890936869,0.896931214193932
CHEMBL239,35505,0.9795320945945946,0.9602311714384837,0.7744353472614343,0.768266013220533,0.8342225113858166,0.6747131454061055
