target,scorer_seed,rep,fraction,boost,method,hits,selected,scaffolds
CHEMBL222,35504,0,0.2,4.0,chemdep_cal,47,50,50
CHEMBL222,35504,0,0.2,4.0,score_cap1,46,50,50
CHEMBL222,35504,0,0.2,6.0,chemdep_cal,48,50,50
CHEMBL222,35504,0,0.2,6.0,score_cap1,46,50,50
CHEMBL222,35504,0,0.3,4.0,chemdep_cal,45,50,50
CHEMBL222,35504,0,0.3,4.0,score_cap1,44,50,50
CHEMBL222,35504,0,0.3,6.0,chemdep_cal,47,50,50
CHEMBL222,35504,0,0.3,6.0,score_cap1,44,50,50
CHEMBL222,35504,1,0.2,4.0,chemdep_cal,47,50,50
CHEMBL222,35504,1,0.2,4.0,score_cap1,46,50,50
CHEMBL222,35504,1,0.2,6.0,chemdep_cal,48,50,50
CHEMBL222,35504,1,0.2,6.0,score_cap1,46,50,50
CHEMBL222,35504,1,0.3,4.0,chemdep_cal,45,50,50
CHEMBL222,35504,1,0.3,4.0,score_cap1,46,50,50
CHEMBL222,35504,1,0.3,6.0,chemdep_cal,46,50,50
CHEMBL222,35504,1,0.3,6.0,score_cap1,44,50,50
CHEMBL222,35504,2,0.2,4.0,chemdep_cal,46,50,50
CHEMBL222,35504,2,0.2,4.0,score_cap1,46,50,50
CHEMBL222,35504,2,0.2,6.0,chemdep_cal,48,50,50
CHEMBL222,35504,2,0.2,6.0,score_cap1,46,50,50
CHEMBL222,35504,2,0.3,4.0,chemdep_cal,46,50,50
CHEMBL222,35504,2,0.3,4.0,score_cap1,45,50,50
CHEMBL222,35504,2,0.3,6.0,chemdep_cal,49,50,50
CHEMBL222,35504,2,0.3,6.0,score_cap1,44,50,50
CHEMBL222,35504,3,0.2,4.0,chemdep_cal,48,50,50
CHEMBL222,35504,3,0.2,4.0,score_cap1,46,50,50
CHEMBL222,35504,3,0.2,6.0,chemdep_cal,49,50,50
CHEMBL222,35504,3,0.2,6.0,score_cap1,46,50,50
CHEMBL222,35504,3,0.3,4.0,chemdep_cal,45,50,50
CHEMBL222,35504,3,0.3,4.0,score_cap1,45,50,50
CHEMBL222,35504,3,0.3,6.0,chemdep_cal,46,50,50
CHEMBL222,35504,3,0.3,6.0,score_cap1,44,50,50
CHEMBL222,35504,4,0.2,4.0,chemdep_cal,46,50,50
CHEMBL222,35504,4,0.2,4.0,score_cap1,46,50,50
CHEMBL222,35504,4,0.2,6.0,chemdep_cal,49,50,50
CHEMBL222,35504,4,0.2,6.0,score_cap1,46,50,50
CHEMBL222,35504,4,0.3,4.0,chemdep_cal,46,50,50
CHEMBL222,35504,4,0.3,4.0,score_cap1,45,50,50
CHEMBL222,35504,4,0.3,6.0,chemdep_cal,46,50,50
CHEMBL222,35504,4,0.3,6.0,score_cap1,44,50,50
CHEMBL222,35504,5,0.2,4.0,chemdep_cal,46,50,50
CHEMBL222,35504,5,0.2,4.0,score_cap1,46,50,50
CHEMBL222,35504,5,0.2,6.0,chemdep_cal,48,50,50
CHEMBL222,35504,5,0.2,6.0,score_cap1,46,50,50
CHEMBL222,35504,5,0.3,4.0,chemdep_cal,47,50,50
CHEMBL222,35504,5,0.3,4.0,score_cap1,44,50,50
CHEMBL222,35504,5,0.3,6.0,chemdep_cal,48,50,50
CHEMBL222,35504,5,0.3,6.0,score_cap1,44,50,50
CHEMBL222,35504,6,0.2,4.0,chemdep_cal,45,50,50
CHEMBL222,35504,6,0.2,4.0,score_cap1,47,50,50
CHEMBL222,35504,6,0.2,6.0,chemdep_cal,47,50,50
CHEMBL222,35504,6,0.2,6.0,score_cap1,46,50,50
CHEMBL222,35504,6,0.3,4.0,chemdep_cal,45,50,50
CHEMBL222,35504,6,0.3,4.0,score_cap1,44,50,50
CHEMBL222,35504,6,0.3,6.0,chemdep_cal,49,50,50
CHEMBL222,35504,6,0.3,6.0,score_cap1,44,50,50
CHEMBL222,35504,7,0.2,4.0,chemdep_cal,46,50,50
CHEMBL222,35504,7,0.2,4.0,score_cap1,46,50,50
CHEMBL222,35504,7,0.2,6.0,chemdep_cal,49,50,50
CHEMBL222,35504,7,0.2,6.0,score_cap1,46,50,50
CHEMBL222,35504,7,0.3,4.0,chemdep_cal,45,50,50
CHEMBL222,35504,7,0.3,4.0,score_cap1,44,50,50
CHEMBL222,35504,7,0.3,6.0,chemdep_cal,48,50,50
CHEMBL222,35504,7,0.3,6.0,score_cap1,44,50,50
CHEMBL222,35504,8,0.2,4.0,chemdep_cal,47,50,50
CHEMBL222,35504,8,0.2,4.0,score_cap1,46,50,50
CHEMBL222,35504,8,0.2,6.0,chemdep_cal,48,50,50
CHEMBL222,35504,8,0.2,6.0,score_cap1,46,50,50
CHEMBL222,35504,8,0.3,4.0,chemdep_cal,47,50,50
CHEMBL222,35504,8,0.3,4.0,score_cap1,44,50,50
CHEMBL222,35504,8,0.3,6.0,chemdep_cal,49,50,50
CHEMBL222,35504,8,0.3,6.0,score_cap1,44,50,50
CHEMBL222,35504,9,0.2,4.0,chemdep_cal,46,50,50
CHEMBL222,35504,9,0.2,4.0,score_cap1,46,50,50
CHEMBL222,35504,9,0.2,6.0,chemdep_cal,48,50,50
CHEMBL222,35504,9,0.2,6.0,score_cap1,46,50,50
CHEMBL222,35504,9,0.3,4.0,chemdep_cal,45,50,50
CHEMBL222,35504,9,0.3,4.0,score_cap1,45,50,50
CHEMBL222,35504,9,0.3,6.0,chemdep_cal,48,50,50
CHEMBL222,35504,9,0.3,6.0,score_cap1,44,50,50
CHEMBL225,35504,0,0.2,4.0,chemdep_cal,38,50,50
CHEMBL225,35504,0,0.2,4.0,score_cap1,39,50,50
CHEMBL225,35504,0,0.2,6.0,chemdep_cal,39,50,50
CHEMBL225,35504,0,0.2,6.0,score_cap1,39,50,50
CHEMBL225,35504,0,0.3,4.0,chemdep_cal,39,50,50
CHEMBL225,35504,0,0.3,4.0,score_cap1,38,50,50
CHEMBL225,35504,0,0.3,6.0,chemdep_cal,39,50,50
CHEMBL225,35504,0,0.3,6.0,score_cap1,38,50,50
CHEMBL225,35504,1,0.2,4.0,chemdep_cal,40,50,50
CHEMBL225,35504,1,0.2,4.0,score_cap1,39,50,50
CHEMBL225,35504,1,0.2,6.0,chemdep_cal,41,50,50
CHEMBL225,35504,1,0.2,6.0,score_cap1,39,50,50
CHEMBL225,35504,1,0.3,4.0,chemdep_cal,39,50,50
CHEMBL225,35504,1,0.3,4.0,score_cap1,38,50,50
CHEMBL225,35504,1,0.3,6.0,chemdep_cal,39,50,50
CHEMBL225,35504,1,0.3,6.0,score_cap1,38,50,50
CHEMBL225,35504,2,0.2,4.0,chemdep_cal,41,50,50
CHEMBL225,35504,2,0.2,4.0,score_cap1,39,50,50
CHEMBL225,35504,2,0.2,6.0,chemdep_cal,41,50,50
CHEMBL225,35504,2,0.2,6.0,score_cap1,39,50,50
CHEMBL225,35504,2,0.3,4.0,chemdep_cal,38,50,50
CHEMBL225,35504,2,0.3,4.0,score_cap1,38,50,50
CHEMBL225,35504,2,0.3,6.0,chemdep_cal,40,50,50
CHEMBL225,35504,2,0.3,6.0,score_cap1,38,50,50
CHEMBL225,35504,3,0.2,4.0,chemdep_cal,39,50,50
CHEMBL225,35504,3,0.2,4.0,score_cap1,38,50,50
CHEMBL225,35504,3,0.2,6.0,chemdep_cal,39,50,50
CHEMBL225,35504,3,0.2,6.0,score_cap1,38,50,50
CHEMBL225,35504,3,0.3,4.0,chemdep_cal,38,50,50
CHEMBL225,35504,3,0.3,4.0,score_cap1,37,50,50
CHEMBL225,35504,3,0.3,6.0,chemdep_cal,38,50,50
CHEMBL225,35504,3,0.3,6.0,score_cap1,37,50,50
CHEMBL225,35504,4,0.2,4.0,chemdep_cal,41,50,50
CHEMBL225,35504,4,0.2,4.0,score_cap1,39,50,50
CHEMBL225,35504,4,0.2,6.0,chemdep_cal,41,50,50
CHEMBL225,35504,4,0.2,6.0,score_cap1,39,50,50
CHEMBL225,35504,4,0.3,4.0,chemdep_cal,40,50,50
CHEMBL225,35504,4,0.3,4.0,score_cap1,37,50,50
CHEMBL225,35504,4,0.3,6.0,chemdep_cal,41,50,50
CHEMBL225,35504,4,0.3,6.0,score_cap1,37,50,50
CHEMBL225,35504,5,0.2,4.0,chemdep_cal,38,50,50
CHEMBL225,35504,5,0.2,4.0,score_cap1,39,50,50
CHEMBL225,35504,5,0.2,6.0,chemdep_cal,39,50,50
CHEMBL225,35504,5,0.2,6.0,score_cap1,39,50,50
CHEMBL225,35504,5,0.3,4.0,chemdep_cal,38,50,50
CHEMBL225,35504,5,0.3,4.0,score_cap1,37,50,50
CHEMBL225,35504,5,0.3,6.0,chemdep_cal,38,50,50
CHEMBL225,35504,5,0.3,6.0,score_cap1,37,50,50
CHEMBL225,35504,6,0.2,4.0,chemdep_cal,39,50,50
CHEMBL225,35504,6,0.2,4.0,score_cap1,38,50,50
CHEMBL225,35504,6,0.2,6.0,chemdep_cal,40,50,50
CHEMBL225,35504,6,0.2,6.0,score_cap1,38,50,50
CHEMBL225,35504,6,0.3,4.0,chemdep_cal,38,50,50
CHEMBL225,35504,6,0.3,4.0,score_cap1,38,50,50
CHEMBL225,35504,6,0.3,6.0,chemdep_cal,38,50,50
CHEMBL225,35504,6,0.3,6.0,score_cap1,38,50,50
CHEMBL225,35504,7,0.2,4.0,chemdep_cal,38,50,50
CHEMBL225,35504,7,0.2,4.0,score_cap1,39,50,50
CHEMBL225,35504,7,0.2,6.0,chemdep_cal,38,50,50
CHEMBL225,35504,7,0.2,6.0,score_cap1,39,50,50
CHEMBL225,35504,7,0.3,4.0,chemdep_cal,37,50,50
CHEMBL225,35504,7,0.3,4.0,score_cap1,37,50,50
CHEMBL225,35504,7,0.3,6.0,chemdep_cal,37,50,50
CHEMBL225,35504,7,0.3,6.0,score_cap1,37,50,50
CHEMBL225,35504,8,0.2,4.0,chemdep_cal,40,50,50
CHEMBL225,35504,8,0.2,4.0,score_cap1,39,50,50
CHEMBL225,35504,8,0.2,6.0,chemdep_cal,41,50,50
CHEMBL225,35504,8,0.2,6.0,score_cap1,39,50,50
CHEMBL225,35504,8,0.3,4.0,chemdep_cal,37,50,50
CHEMBL225,35504,8,0.3,4.0,score_cap1,37,50,50
CHEMBL225,35504,8,0.3,6.0,chemdep_cal,37,50,50
CHEMBL225,35504,8,0.3,6.0,score_cap1,37,50,50
CHEMBL225,35504,9,0.2,4.0,chemdep_cal,40,50,50
CHEMBL225,35504,9,0.2,4.0,score_cap1,39,50,50
CHEMBL225,35504,9,0.2,6.0,chemdep_cal,40,50,50
CHEMBL225,35504,9,0.2,6.0,score_cap1,39,50,50
CHEMBL225,35504,9,0.3,4.0,chemdep_cal,38,50,50
CHEMBL225,35504,9,0.3,4.0,score_cap1,38,50,50
CHEMBL225,35504,9,0.3,6.0,chemdep_cal,39,50,50
CHEMBL225,35504,9,0.3,6.0,score_cap1,38,50,50
CHEMBL226,35504,0,0.2,4.0,chemdep_cal,40,50,50
CHEMBL226,35504,0,0.2,4.0,score_cap1,38,50,50
CHEMBL226,35504,0,0.2,6.0,chemdep_cal,43,50,50
CHEMBL226,35504,0,0.2,6.0,score_cap1,37,50,50
CHEMBL226,35504,0,0.3,4.0,chemdep_cal,42,50,50
CHEMBL226,35504,0,0.3,4.0,score_cap1,36,50,50
CHEMBL226,35504,0,0.3,6.0,chemdep_cal,44,50,50
CHEMBL226,35504,0,0.3,6.0,score_cap1,36,50,50
CHEMBL226,35504,1,0.2,4.0,chemdep_cal,43,50,50
CHEMBL226,35504,1,0.2,4.0,score_cap1,38,50,50
CHEMBL226,35504,1,0.2,6.0,chemdep_cal,43,50,50
CHEMBL226,35504,1,0.2,6.0,score_cap1,38,50,50
CHEMBL226,35504,1,0.3,4.0,chemdep_cal,40,50,50
CHEMBL226,35504,1,0.3,4.0,score_cap1,35,50,50
CHEMBL226,35504,1,0.3,6.0,chemdep_cal,44,50,50
CHEMBL226,35504,1,0.3,6.0,score_cap1,35,50,50
CHEMBL226,35504,2,0.2,4.0,chemdep_cal,41,50,50
CHEMBL226,35504,2,0.2,4.0,score_cap1,37,50,50
CHEMBL226,35504,2,0.2,6.0,chemdep_cal,43,50,50
CHEMBL226,35504,2,0.2,6.0,score_cap1,37,50,50
CHEMBL226,35504,2,0.3,4.0,chemdep_cal,39,50,50
CHEMBL226,35504,2,0.3,4.0,score_cap1,36,50,50
CHEMBL226,35504,2,0.3,6.0,chemdep_cal,43,50,50
CHEMBL226,35504,2,0.3,6.0,score_cap1,34,50,50
CHEMBL226,35504,3,0.2,4.0,chemdep_cal,41,50,50
CHEMBL226,35504,3,0.2,4.0,score_cap1,37,50,50
CHEMBL226,35504,3,0.2,6.0,chemdep_cal,43,50,50
CHEMBL226,35504,3,0.2,6.0,score_cap1,36,50,50
CHEMBL226,35504,3,0.3,4.0,chemdep_cal,42,50,50
CHEMBL226,35504,3,0.3,4.0,score_cap1,35,50,50
CHEMBL226,35504,3,0.3,6.0,chemdep_cal,44,50,50
CHEMBL226,35504,3,0.3,6.0,score_cap1,35,50,50
CHEMBL226,35504,4,0.2,4.0,chemdep_cal,41,50,50
CHEMBL226,35504,4,0.2,4.0,score_cap1,36,50,50
CHEMBL226,35504,4,0.2,6.0,chemdep_cal,43,50,50
CHEMBL226,35504,4,0.2,6.0,score_cap1,36,50,50
CHEMBL226,35504,4,0.3,4.0,chemdep_cal,41,50,50
CHEMBL226,35504,4,0.3,4.0,score_cap1,36,50,50
CHEMBL226,35504,4,0.3,6.0,chemdep_cal,44,50,50
CHEMBL226,35504,4,0.3,6.0,score_cap1,35,50,50
CHEMBL226,35504,5,0.2,4.0,chemdep_cal,39,50,50
CHEMBL226,35504,5,0.2,4.0,score_cap1,38,50,50
CHEMBL226,35504,5,0.2,6.0,chemdep_cal,42,50,50
CHEMBL226,35504,5,0.2,6.0,score_cap1,37,50,50
CHEMBL226,35504,5,0.3,4.0,chemdep_cal,42,50,50
CHEMBL226,35504,5,0.3,4.0,score_cap1,35,50,50
CHEMBL226,35504,5,0.3,6.0,chemdep_cal,44,50,50
CHEMBL226,35504,5,0.3,6.0,score_cap1,35,50,50
CHEMBL226,35504,6,0.2,4.0,chemdep_cal,40,50,50
CHEMBL226,35504,6,0.2,4.0,score_cap1,37,50,50
CHEMBL226,35504,6,0.2,6.0,chemdep_cal,43,50,50
CHEMBL226,35504,6,0.2,6.0,score_cap1,37,50,50
CHEMBL226,35504,6,0.3,4.0,chemdep_cal,41,50,50
CHEMBL226,35504,6,0.3,4.0,score_cap1,36,50,50
CHEMBL226,35504,6,0.3,6.0,chemdep_cal,43,50,50
CHEMBL226,35504,6,0.3,6.0,score_cap1,35,50,50
CHEMBL226,35504,7,0.2,4.0,chemdep_cal,42,50,50
CHEMBL226,35504,7,0.2,4.0,score_cap1,37,50,50
CHEMBL226,35504,7,0.2,6.0,chemdep_cal,43,50,50
CHEMBL226,35504,7,0.2,6.0,score_cap1,37,50,50
CHEMBL226,35504,7,0.3,4.0,chemdep_cal,42,50,50
CHEMBL226,35504,7,0.3,4.0,score_cap1,34,50,50
CHEMBL226,35504,7,0.3,6.0,chemdep_cal,44,50,50
CHEMBL226,35504,7,0.3,6.0,score_cap1,34,50,50
CHEMBL226,35504,8,0.2,4.0,chemdep_cal,41,50,50
CHEMBL226,35504,8,0.2,4.0,score_cap1,38,50,50
CHEMBL226,35504,8,0.2,6.0,chemdep_cal,43,50,50
CHEMBL226,35504,8,0.2,6.0,score_cap1,37,50,50
CHEMBL226,35504,8,0.3,4.0,chemdep_cal,40,50,50
CHEMBL226,35504,8,0.3,4.0,score_cap1,36,50,50
CHEMBL226,35504,8,0.3,6.0,chemdep_cal,42,50,50
CHEMBL226,35504,8,0.3,6.0,score_cap1,35,50,50
CHEMBL226,35504,9,0.2,4.0,chemdep_cal,42,50,50
CHEMBL226,35504,9,0.2,4.0,score_cap1,37,50,50
CHEMBL226,35504,9,0.2,6.0,chemdep_cal,43,50,50
CHEMBL226,35504,9,0.2,6.0,score_cap1,36,50,50
CHEMBL226,35504,9,0.3,4.0,chemdep_cal,42,50,50
CHEMBL226,35504,9,0.3,4.0,score_cap1,35,50,50
CHEMBL226,35504,9,0.3,6.0,chemdep_cal,44,50,50
CHEMBL226,35504,9,0.3,6.0,score_cap1,35,50,50
CHEMBL227,35504,0,0.2,4.0,chemdep_cal,49,50,50
CHEMBL227,35504,0,0.2,4.0,score_cap1,48,50,50
CHEMBL227,35504,0,0.2,6.0,chemdep_cal,49,50,50
CHEMBL227,35504,0,0.2,6.0,score_cap1,48,50,50
CHEMBL227,35504,0,0.3,4.0,chemdep_cal,49,50,50
CHEMBL227,35504,0,0.3,4.0,score_cap1,49,50,50
CHEMBL227,35504,0,0.3,6.0,chemdep_cal,49,50,50
CHEMBL227,35504,0,0.3,6.0,score_cap1,48,50,50
CHEMBL227,35504,1,0.2,4.0,chemdep_cal,49,50,50
CHEMBL227,35504,1,0.2,4.0,score_cap1,49,50,50
CHEMBL227,35504,1,0.2,6.0,chemdep_cal,49,50,50
CHEMBL227,35504,1,0.2,6.0,score_cap1,48,50,50
CHEMBL227,35504,1,0.3,4.0,chemdep_cal,49,50,50
CHEMBL227,35504,1,0.3,4.0,score_cap1,48,50,50
CHEMBL227,35504,1,0.3,6.0,chemdep_cal,49,50,50
CHEMBL227,35504,1,0.3,6.0,score_cap1,48,50,50
CHEMBL227,35504,2,0.2,4.0,chemdep_cal,49,50,50
CHEMBL227,35504,2,0.2,4.0,score_cap1,49,50,50
CHEMBL227,35504,2,0.2,6.0,chemdep_cal,49,50,50
CHEMBL227,35504,2,0.2,6.0,score_cap1,48,50,50
CHEMBL227,35504,2,0.3,4.0,chemdep_cal,49,50,50
CHEMBL227,35504,2,0.3,4.0,score_cap1,48,50,50
CHEMBL227,35504,2,0.3,6.0,chemdep_cal,49,50,50
CHEMBL227,35504,2,0.3,6.0,score_cap1,47,50,50
CHEMBL227,35504,3,0.2,4.0,chemdep_cal,49,50,50
CHEMBL227,35504,3,0.2,4.0,score_cap1,48,50,50
CHEMBL227,35504,3,0.2,6.0,chemdep_cal,49,50,50
CHEMBL227,35504,3,0.2,6.0,score_cap1,48,50,50
CHEMBL227,35504,3,0.3,4.0,chemdep_cal,49,50,50
CHEMBL227,35504,3,0.3,4.0,score_cap1,48,50,50
CHEMBL227,35504,3,0.3,6.0,chemdep_cal,49,50,50
CHEMBL227,35504,3,0.3,6.0,score_cap1,48,50,50
CHEMBL227,35504,4,0.2,4.0,chemdep_cal,49,50,50
CHEMBL227,35504,4,0.2,4.0,score_cap1,49,50,50
CHEMBL227,35504,4,0.2,6.0,chemdep_cal,49,50,50
CHEMBL227,35504,4,0.2,6.0,score_cap1,49,50,50
CHEMBL227,35504,4,0.3,4.0,chemdep_cal,49,50,50
CHEMBL227,35504,4,0.3,4.0,score_cap1,48,50,50
CHEMBL227,35504,4,0.3,6.0,chemdep_cal,49,50,50
CHEMBL227,35504,4,0.3,6.0,score_cap1,48,50,50
CHEMBL227,35504,5,0.2,4.0,chemdep_cal,49,50,50
CHEMBL227,35504,5,0.2,4.0,score_cap1,49,50,50
CHEMBL227,35504,5,0.2,6.0,chemdep_cal,49,50,50
CHEMBL227,35504,5,0.2,6.0,score_cap1,49,50,50
CHEMBL227,35504,5,0.3,4.0,chemdep_cal,49,50,50
CHEMBL227,35504,5,0.3,4.0,score_cap1,48,50,50
CHEMBL227,35504,5,0.3,6.0,chemdep_cal,49,50,50
CHEMBL227,35504,5,0.3,6.0,score_cap1,48,50,50
CHEMBL227,35504,6,0.2,4.0,chemdep_cal,49,50,50
CHEMBL227,35504,6,0.2,4.0,score_cap1,48,50,50
CHEMBL227,35504,6,0.2,6.0,chemdep_cal,49,50,50
CHEMBL227,35504,6,0.2,6.0,score_cap1,48,50,50
CHEMBL227,35504,6,0.3,4.0,chemdep_cal,49,50,50
CHEMBL227,35504,6,0.3,4.0,score_cap1,48,50,50
CHEMBL227,35504,6,0.3,6.0,chemdep_cal,49,50,50
CHEMBL227,35504,6,0.3,6.0,score_cap1,47,50,50
CHEMBL227,35504,7,0.2,4.0,chemdep_cal,49,50,50
CHEMBL227,35504,7,0.2,4.0,score_cap1,49,50,50
CHEMBL227,35504,7,0.2,6.0,chemdep_cal,49,50,50
CHEMBL227,35504,7,0.2,6.0,score_cap1,48,50,50
CHEMBL227,35504,7,0.3,4.0,chemdep_cal,49,50,50
CHEMBL227,35504,7,0.3,4.0,score_cap1,48,50,50
CHEMBL227,35504,7,0.3,6.0,chemdep_cal,49,50,50
CHEMBL227,35504,7,0.3,6.0,score_cap1,48,50,50
CHEMBL227,35504,8,0.2,4.0,chemdep_cal,49,50,50
CHEMBL227,35504,8,0.2,4.0,score_cap1,48,50,50
CHEMBL227,35504,8,0.2,6.0,chemdep_cal,49,50,50
CHEMBL227,35504,8,0.2,6.0,score_cap1,48,50,50
CHEMBL227,35504,8,0.3,4.0,chemdep_cal,49,50,50
CHEMBL227,35504,8,0.3,4.0,score_cap1,48,50,50
CHEMBL227,35504,8,0.3,6.0,chemdep_cal,49,50,50
CHEMBL227,35504,8,0.3,6.0,score_cap1,48,50,50
CHEMBL227,35504,9,0.2,4.0,chemdep_cal,49,50,50
CHEMBL227,35504,9,0.2,4.0,score_cap1,48,50,50
CHEMBL227,35504,9,0.2,6.0,chemdep_cal,49,50,50
CHEMBL227,35504,9,0.2,6.0,score_cap1,48,50,50
CHEMBL227,35504,9,0.3,4.0,chemdep_cal,49,50,50
CHEMBL227,35504,9,0.3,4.0,score_cap1,48,50,50
CHEMBL227,35504,9,0.3,6.0,chemdep_cal,49,50,50
CHEMBL227,35504,9,0.3,6.0,score_cap1,48,50,50
CHEMBL231,35504,0,0.2,4.0,chemdep_cal,48,50,50
CHEMBL231,35504,0,0.2,4.0,score_cap1,48,50,50
CHEMBL231,35504,0,0.2,6.0,chemdep_cal,47,50,50
CHEMBL231,35504,0,0.2,6.0,score_cap1,47,50,50
CHEMBL231,35504,0,0.3,4.0,chemdep_cal,46,50,50
CHEMBL231,35504,0,0.3,4.0,score_cap1,47,50,50
CHEMBL231,35504,0,0.3,6.0,chemdep_cal,44,50,50
CHEMBL231,35504,0,0.3,6.0,score_cap1,45,50,50
CHEMBL231,35504,1,0.2,4.0,chemdep_cal,46,50,50
CHEMBL231,35504,1,0.2,4.0,score_cap1,47,50,50
CHEMBL231,35504,1,0.2,6.0,chemdep_cal,46,50,50
CHEMBL231,35504,1,0.2,6.0,score_cap1,46,50,50
CHEMBL231,35504,1,0.3,4.0,chemdep_cal,46,50,50
CHEMBL231,35504,1,0.3,4.0,score_cap1,46,50,50
CHEMBL231,35504,1,0.3,6.0,chemdep_cal,44,50,50
CHEMBL231,35504,1,0.3,6.0,score_cap1,45,50,50
CHEMBL231,35504,2,0.2,4.0,chemdep_cal,46,50,50
CHEMBL231,35504,2,0.2,4.0,score_cap1,48,50,50
CHEMBL231,35504,2,0.2,6.0,chemdep_cal,45,50,50
CHEMBL231,35504,2,0.2,6.0,score_cap1,46,50,50
CHEMBL231,35504,2,0.3,4.0,chemdep_cal,47,50,50
CHEMBL231,35504,2,0.3,4.0,score_cap1,47,50,50
CHEMBL231,35504,2,0.3,6.0,chemdep_cal,47,50,50
CHEMBL231,35504,2,0.3,6.0,score_cap1,46,50,50
CHEMBL231,35504,3,0.2,4.0,chemdep_cal,46,50,50
CHEMBL231,35504,3,0.2,4.0,score_cap1,47,50,50
CHEMBL231,35504,3,0.2,6.0,chemdep_cal,45,50,50
CHEMBL231,35504,3,0.2,6.0,score_cap1,46,50,50
CHEMBL231,35504,3,0.3,4.0,chemdep_cal,46,50,50
CHEMBL231,35504,3,0.3,4.0,score_cap1,47,50,50
CHEMBL231,35504,3,0.3,6.0,chemdep_cal,47,50,50
CHEMBL231,35504,3,0.3,6.0,score_cap1,46,50,50
CHEMBL231,35504,4,0.2,4.0,chemdep_cal,47,50,50
CHEMBL231,35504,4,0.2,4.0,score_cap1,47,50,50
CHEMBL231,35504,4,0.2,6.0,chemdep_cal,45,50,50
CHEMBL231,35504,4,0.2,6.0,score_cap1,46,50,50
CHEMBL231,35504,4,0.3,4.0,chemdep_cal,45,50,50
CHEMBL231,35504,4,0.3,4.0,score_cap1,47,50,50
CHEMBL231,35504,4,0.3,6.0,chemdep_cal,44,50,50
CHEMBL231,35504,4,0.3,6.0,score_cap1,45,50,50
CHEMBL231,35504,5,0.2,4.0,chemdep_cal,46,50,50
CHEMBL231,35504,5,0.2,4.0,score_cap1,47,50,50
CHEMBL231,35504,5,0.2,6.0,chemdep_cal,45,50,50
CHEMBL231,35504,5,0.2,6.0,score_cap1,46,50,50
CHEMBL231,35504,5,0.3,4.0,chemdep_cal,45,50,50
CHEMBL231,35504,5,0.3,4.0,score_cap1,47,50,50
CHEMBL231,35504,5,0.3,6.0,chemdep_cal,44,50,50
CHEMBL231,35504,5,0.3,6.0,score_cap1,45,50,50
CHEMBL231,35504,6,0.2,4.0,chemdep_cal,47,50,50
CHEMBL231,35504,6,0.2,4.0,score_cap1,47,50,50
CHEMBL231,35504,6,0.2,6.0,chemdep_cal,45,50,50
CHEMBL231,35504,6,0.2,6.0,score_cap1,46,50,50
CHEMBL231,35504,6,0.3,4.0,chemdep_cal,47,50,50
CHEMBL231,35504,6,0.3,4.0,score_cap1,47,50,50
CHEMBL231,35504,6,0.3,6.0,chemdep_cal,47,50,50
CHEMBL231,35504,6,0.3,6.0,score_cap1,46,50,50
CHEMBL231,35504,7,0.2,4.0,chemdep_cal,46,50,50
CHEMBL231,35504,7,0.2,4.0,score_cap1,48,50,50
CHEMBL231,35504,7,0.2,6.0,chemdep_cal,45,50,50
CHEMBL231,35504,7,0.2,6.0,score_cap1,46,50,50
CHEMBL231,35504,7,0.3,4.0,chemdep_cal,46,50,50
CHEMBL231,35504,7,0.3,4.0,score_cap1,46,50,50
CHEMBL231,35504,7,0.3,6.0,chemdep_cal,44,50,50
CHEMBL231,35504,7,0.3,6.0,score_cap1,45,50,50
CHEMBL231,35504,8,0.2,4.0,chemdep_cal,46,50,50
CHEMBL231,35504,8,0.2,4.0,score_cap1,47,50,50
CHEMBL231,35504,8,0.2,6.0,chemdep_cal,46,50,50
CHEMBL231,35504,8,0.2,6.0,score_cap1,46,50,50
CHEMBL231,35504,8,0.3,4.0,chemdep_cal,46,50,50
CHEMBL231,35504,8,0.3,4.0,score_cap1,47,50,50
CHEMBL231,35504,8,0.3,6.0,chemdep_cal,44,50,50
CHEMBL231,35504,8,0.3,6.0,score_cap1,45,50,50
CHEMBL231,35504,9,0.2,4.0,chemdep_cal,45,50,50
CHEMBL231,35504,9,0.2,4.0,score_cap1,47,50,50
CHEMBL231,35504,9,0.2,6.0,chemdep_cal,45,50,50
CHEMBL231,35504,9,0.2,6.0,score_cap1,46,50,50
CHEMBL231,35504,9,0.3,4.0,chemdep_cal,46,50,50
CHEMBL231,35504,9,0.3,4.0,score_cap1,46,50,50
CHEMBL231,35504,9,0.3,6.0,chemdep_cal,45,50,50
CHEMBL231,35504,9,0.3,6.0,score_cap1,45,50,50
CHEMBL232,35504,0,0.2,4.0,chemdep_cal,40,50,50
CHEMBL232,35504,0,0.2,4.0,score_cap1,41,50,50
CHEMBL232,35504,0,0.2,6.0,chemdep_cal,40,50,50
CHEMBL232,35504,0,0.2,6.0,score_cap1,41,50,50
CHEMBL232,35504,0,0.3,4.0,chemdep_cal,42,50,50
CHEMBL232,35504,0,0.3,4.0,score_cap1,41,50,50
CHEMBL232,35504,0,0.3,6.0,chemdep_cal,44,50,50
CHEMBL232,35504,0,0.3,6.0,score_cap1,41,50,50
CHEMBL232,35504,1,0.2,4.0,chemdep_cal,41,50,50
CHEMBL232,35504,1,0.2,4.0,score_cap1,40,50,50
CHEMBL232,35504,1,0.2,6.0,chemdep_cal,42,50,50
CHEMBL232,35504,1,0.2,6.0,score_cap1,40,50,50
CHEMBL232,35504,1,0.3,4.0,chemdep_cal,39,50,50
CHEMBL232,35504,1,0.3,4.0,score_cap1,40,50,50
CHEMBL232,35504,1,0.3,6.0,chemdep_cal,39,50,50
CHEMBL232,35504,1,0.3,6.0,score_cap1,40,50,50
CHEMBL232,35504,2,0.2,4.0,chemdep_cal,42,50,50
CHEMBL232,35504,2,0.2,4.0,score_cap1,40,50,50
CHEMBL232,35504,2,0.2,6.0,chemdep_cal,42,50,50
CHEMBL232,35504,2,0.2,6.0,score_cap1,40,50,50
CHEMBL232,35504,2,0.3,4.0,chemdep_cal,40,50,50
CHEMBL232,35504,2,0.3,4.0,score_cap1,40,50,50
CHEMBL232,35504,2,0.3,6.0,chemdep_cal,41,50,50
CHEMBL232,35504,2,0.3,6.0,score_cap1,40,50,50
CHEMBL232,35504,3,0.2,4.0,chemdep_cal,40,50,50
CHEMBL232,35504,3,0.2,4.0,score_cap1,40,50,50
CHEMBL232,35504,3,0.2,6.0,chemdep_cal,41,50,50
CHEMBL232,35504,3,0.2,6.0,score_cap1,40,50,50
CHEMBL232,35504,3,0.3,4.0,chemdep_cal,39,50,50
CHEMBL232,35504,3,0.3,4.0,score_cap1,41,50,50
CHEMBL232,35504,3,0.3,6.0,chemdep_cal,42,50,50
CHEMBL232,35504,3,0.3,6.0,score_cap1,41,50,50
CHEMBL232,35504,4,0.2,4.0,chemdep_cal,41,50,50
CHEMBL232,35504,4,0.2,4.0,score_cap1,41,50,50
CHEMBL232,35504,4,0.2,6.0,chemdep_cal,42,50,50
CHEMBL232,35504,4,0.2,6.0,score_cap1,41,50,50
CHEMBL232,35504,4,0.3,4.0,chemdep_cal,40,50,50
CHEMBL232,35504,4,0.3,4.0,score_cap1,41,50,50
CHEMBL232,35504,4,0.3,6.0,chemdep_cal,42,50,50
CHEMBL232,35504,4,0.3,6.0,score_cap1,41,50,50
CHEMBL232,35504,5,0.2,4.0,chemdep_cal,39,50,50
CHEMBL232,35504,5,0.2,4.0,score_cap1,41,50,50
CHEMBL232,35504,5,0.2,6.0,chemdep_cal,40,50,50
CHEMBL232,35504,5,0.2,6.0,score_cap1,41,50,50
CHEMBL232,35504,5,0.3,4.0,chemdep_cal,40,50,50
CHEMBL232,35504,5,0.3,4.0,score_cap1,41,50,50
CHEMBL232,35504,5,0.3,6.0,chemdep_cal,41,50,50
CHEMBL232,35504,5,0.3,6.0,score_cap1,41,50,50
CHEMBL232,35504,6,0.2,4.0,chemdep_cal,40,50,50
CHEMBL232,35504,6,0.2,4.0,score_cap1,41,50,50
CHEMBL232,35504,6,0.2,6.0,chemdep_cal,41,50,50
CHEMBL232,35504,6,0.2,6.0,score_cap1,41,50,50
CHEMBL232,35504,6,0.3,4.0,chemdep_cal,39,50,50
CHEMBL232,35504,6,0.3,4.0,score_cap1,40,50,50
CHEMBL232,35504,6,0.3,6.0,chemdep_cal,39,50,50
CHEMBL232,35504,6,0.3,6.0,score_cap1,40,50,50
CHEMBL232,35504,7,0.2,4.0,chemdep_cal,39,50,50
CHEMBL232,35504,7,0.2,4.0,score_cap1,41,50,50
CHEMBL232,35504,7,0.2,6.0,chemdep_cal,40,50,50
CHEMBL232,35504,7,0.2,6.0,score_cap1,41,50,50
CHEMBL232,35504,7,0.3,4.0,chemdep_cal,41,50,50
CHEMBL232,35504,7,0.3,4.0,score_cap1,40,50,50
CHEMBL232,35504,7,0.3,6.0,chemdep_cal,42,50,50
CHEMBL232,35504,7,0.3,6.0,score_cap1,40,50,50
CHEMBL232,35504,8,0.2,4.0,chemdep_cal,40,50,50
CHEMBL232,35504,8,0.2,4.0,score_cap1,41,50,50
CHEMBL232,35504,8,0.2,6.0,chemdep_cal,40,50,50
CHEMBL232,35504,8,0.2,6.0,score_cap1,41,50,50
CHEMBL232,35504,8,0.3,4.0,chemdep_cal,40,50,50
CHEMBL232,35504,8,0.3,4.0,score_cap1,40,50,50
CHEMBL232,35504,8,0.3,6.0,chemdep_cal,41,50,50
CHEMBL232,35504,8,0.3,6.0,score_cap1,40,50,50
CHEMBL232,35504,9,0.2,4.0,chemdep_cal,42,50,50
CHEMBL232,35504,9,0.2,4.0,score_cap1,41,50,50
CHEMBL232,35504,9,0.2,6.0,chemdep_cal,42,50,50
CHEMBL232,35504,9,0.2,6.0,score_cap1,41,50,50
CHEMBL232,35504,9,0.3,4.0,chemdep_cal,41,50,50
CHEMBL232,35504,9,0.3,4.0,score_cap1,41,50,50
CHEMBL232,35504,9,0.3,6.0,chemdep_cal,42,50,50
CHEMBL232,35504,9,0.3,6.0,score_cap1,41,50,50
CHEMBL234,35504,0,0.2,4.0,chemdep_cal,48,50,50
CHEMBL234,35504,0,0.2,4.0,score_cap1,48,50,50
CHEMBL234,35504,0,0.2,6.0,chemdep_cal,48,50,50
CHEMBL234,35504,0,0.2,6.0,score_cap1,47,50,50
CHEMBL234,35504,0,0.3,4.0,chemdep_cal,48,50,50
CHEMBL234,35504,0,0.3,4.0,score_cap1,49,50,50
CHEMBL234,35504,0,0.3,6.0,chemdep_cal,48,50,50
CHEMBL234,35504,0,0.3,6.0,score_cap1,46,50,50
CHEMBL234,35504,1,0.2,4.0,chemdep_cal,48,50,50
CHEMBL234,35504,1,0.2,4.0,score_cap1,49,50,50
CHEMBL234,35504,1,0.2,6.0,chemdep_cal,48,50,50
CHEMBL234,35504,1,0.2,6.0,score_cap1,47,50,50
CHEMBL234,35504,1,0.3,4.0,chemdep_cal,48,50,50
CHEMBL234,35504,1,0.3,4.0,score_cap1,48,50,50
CHEMBL234,35504,1,0.3,6.0,chemdep_cal,48,50,50
CHEMBL234,35504,1,0.3,6.0,score_cap1,46,50,50
CHEMBL234,35504,2,0.2,4.0,chemdep_cal,48,50,50
CHEMBL234,35504,2,0.2,4.0,score_cap1,48,50,50
CHEMBL234,35504,2,0.2,6.0,chemdep_cal,48,50,50
CHEMBL234,35504,2,0.2,6.0,score_cap1,47,50,50
CHEMBL234,35504,2,0.3,4.0,chemdep_cal,48,50,50
CHEMBL234,35504,2,0.3,4.0,score_cap1,48,50,50
CHEMBL234,35504,2,0.3,6.0,chemdep_cal,48,50,50
CHEMBL234,35504,2,0.3,6.0,score_cap1,46,50,50
CHEMBL234,35504,3,0.2,4.0,chemdep_cal,48,50,50
CHEMBL234,35504,3,0.2,4.0,score_cap1,48,50,50
CHEMBL234,35504,3,0.2,6.0,chemdep_cal,48,50,50
CHEMBL234,35504,3,0.2,6.0,score_cap1,47,50,50
CHEMBL234,35504,3,0.3,4.0,chemdep_cal,48,50,50
CHEMBL234,35504,3,0.3,4.0,score_cap1,49,50,50
CHEMBL234,35504,3,0.3,6.0,chemdep_cal,48,50,50
CHEMBL234,35504,3,0.3,6.0,score_cap1,46,50,50
CHEMBL234,35504,4,0.2,4.0,chemdep_cal,48,50,50
CHEMBL234,35504,4,0.2,4.0,score_cap1,48,50,50
CHEMBL234,35504,4,0.2,6.0,chemdep_cal,48,50,50
CHEMBL234,35504,4,0.2,6.0,score_cap1,47,50,50
CHEMBL234,35504,4,0.3,4.0,chemdep_cal,48,50,50
CHEMBL234,35504,4,0.3,4.0,score_cap1,49,50,50
CHEMBL234,35504,4,0.3,6.0,chemdep_cal,48,50,50
CHEMBL234,35504,4,0.3,6.0,score_cap1,46,50,50
CHEMBL234,35504,5,0.2,4.0,chemdep_cal,48,50,50
CHEMBL234,35504,5,0.2,4.0,score_cap1,48,50,50
CHEMBL234,35504,5,0.2,6.0,chemdep_cal,48,50,50
CHEMBL234,35504,5,0.2,6.0,score_cap1,47,50,50
CHEMBL234,35504,5,0.3,4.0,chemdep_cal,48,50,50
CHEMBL234,35504,5,0.3,4.0,score_cap1,48,50,50
CHEMBL234,35504,5,0.3,6.0,chemdep_cal,48,50,50
CHEMBL234,35504,5,0.3,6.0,score_cap1,46,50,50
CHEMBL234,35504,6,0.2,4.0,chemdep_cal,48,50,50
CHEMBL234,35504,6,0.2,4.0,score_cap1,49,50,50
CHEMBL234,35504,6,0.2,6.0,chemdep_cal,48,50,50
CHEMBL234,35504,6,0.2,6.0,score_cap1,47,50,50
CHEMBL234,35504,6,0.3,4.0,chemdep_cal,48,50,50
CHEMBL234,35504,6,0.3,4.0,score_cap1,48,50,50
CHEMBL234,35504,6,0.3,6.0,chemdep_cal,48,50,50
CHEMBL234,35504,6,0.3,6.0,score_cap1,46,50,50
CHEMBL234,35504,7,0.2,4.0,chemdep_cal,48,50,50
CHEMBL234,35504,7,0.2,4.0,score_cap1,49,50,50
CHEMBL234,35504,7,0.2,6.0,chemdep_cal,48,50,50
CHEMBL234,35504,7,0.2,6.0,score_cap1,47,50,50
CHEMBL234,35504,7,0.3,4.0,chemdep_cal,48,50,50
CHEMBL234,35504,7,0.3,4.0,score_cap1,48,50,50
CHEMBL234,35504,7,0.3,6.0,chemdep_cal,48,50,50
CHEMBL234,35504,7,0.3,6.0,score_cap1,46,50,50
CHEMBL234,35504,8,0.2,4.0,chemdep_cal,48,50,50
CHEMBL234,35504,8,0.2,4.0,score_cap1,49,50,50
CHEMBL234,35504,8,0.2,6.0,chemdep_cal,48,50,50
CHEMBL234,35504,8,0.2,6.0,score_cap1,47,50,50
CHEMBL234,35504,8,0.3,4.0,chemdep_cal,48,50,50
CHEMBL234,35504,8,0.3,4.0,score_cap1,49,50,50
CHEMBL234,35504,8,0.3,6.0,chemdep_cal,48,50,50
CHEMBL234,35504,8,0.3,6.0,score_cap1,46,50,50
CHEMBL234,35504,9,0.2,4.0,chemdep_cal,48,50,50
CHEMBL234,35504,9,0.2,4.0,score_cap1,49,50,50
CHEMBL234,35504,9,0.2,6.0,chemdep_cal,48,50,50
CHEMBL234,35504,9,0.2,6.0,score_cap1,47,50,50
CHEMBL234,35504,9,0.3,4.0,chemdep_cal,48,50,50
CHEMBL234,35504,9,0.3,4.0,score_cap1,48,50,50
CHEMBL234,35504,9,0.3,6.0,chemdep_cal,48,50,50
CHEMBL234,35504,9,0.3,6.0,score_cap1,46,50,50
CHEMBL236,35504,0,0.2,4.0,chemdep_cal,50,50,50
CHEMBL236,35504,0,0.2,4.0,score_cap1,46,50,50
CHEMBL236,35504,0,0.2,6.0,chemdep_cal,50,50,50
CHEMBL236,35504,0,0.2,6.0,score_cap1,46,50,50
CHEMBL236,35504,0,0.3,4.0,chemdep_cal,49,50,50
CHEMBL236,35504,0,0.3,4.0,score_cap1,47,50,50
CHEMBL236,35504,0,0.3,6.0,chemdep_cal,48,50,50
CHEMBL236,35504,0,0.3,6.0,score_cap1,45,50,50
CHEMBL236,35504,1,0.2,4.0,chemdep_cal,48,50,50
CHEMBL236,35504,1,0.2,4.0,score_cap1,49,50,50
CHEMBL236,35504,1,0.2,6.0,chemdep_cal,49,50,50
CHEMBL236,35504,1,0.2,6.0,score_cap1,46,50,50
CHEMBL236,35504,1,0.3,4.0,chemdep_cal,50,50,50
CHEMBL236,35504,1,0.3,4.0,score_cap1,46,50,50
CHEMBL236,35504,1,0.3,6.0,chemdep_cal,49,50,50
CHEMBL236,35504,1,0.3,6.0,score_cap1,45,50,50
CHEMBL236,35504,2,0.2,4.0,chemdep_cal,50,50,50
CHEMBL236,35504,2,0.2,4.0,score_cap1,48,50,50
CHEMBL236,35504,2,0.2,6.0,chemdep_cal,50,50,50
CHEMBL236,35504,2,0.2,6.0,score_cap1,47,50,50
CHEMBL236,35504,2,0.3,4.0,chemdep_cal,49,50,50
CHEMBL236,35504,2,0.3,4.0,score_cap1,46,50,50
CHEMBL236,35504,2,0.3,6.0,chemdep_cal,49,50,50
CHEMBL236,35504,2,0.3,6.0,score_cap1,44,50,50
CHEMBL236,35504,3,0.2,4.0,chemdep_cal,49,50,50
CHEMBL236,35504,3,0.2,4.0,score_cap1,48,50,50
CHEMBL236,35504,3,0.2,6.0,chemdep_cal,50,50,50
CHEMBL236,35504,3,0.2,6.0,score_cap1,46,50,50
CHEMBL236,35504,3,0.3,4.0,chemdep_cal,48,50,50
CHEMBL236,35504,3,0.3,4.0,score_cap1,46,50,50
CHEMBL236,35504,3,0.3,6.0,chemdep_cal,50,50,50
CHEMBL236,35504,3,0.3,6.0,score_cap1,44,50,50
CHEMBL236,35504,4,0.2,4.0,chemdep_cal,49,50,50
CHEMBL236,35504,4,0.2,4.0,score_cap1,46,50,50
CHEMBL236,35504,4,0.2,6.0,chemdep_cal,50,50,50
CHEMBL236,35504,4,0.2,6.0,score_cap1,46,50,50
CHEMBL236,35504,4,0.3,4.0,chemdep_cal,49,50,50
CHEMBL236,35504,4,0.3,4.0,score_cap1,46,50,50
CHEMBL236,35504,4,0.3,6.0,chemdep_cal,49,50,50
CHEMBL236,35504,4,0.3,6.0,score_cap1,44,50,50
CHEMBL236,35504,5,0.2,4.0,chemdep_cal,49,50,50
CHEMBL236,35504,5,0.2,4.0,score_cap1,48,50,50
CHEMBL236,35504,5,0.2,6.0,chemdep_cal,49,50,50
CHEMBL236,35504,5,0.2,6.0,score_cap1,46,50,50
CHEMBL236,35504,5,0.3,4.0,chemdep_cal,49,50,50
CHEMBL236,35504,5,0.3,4.0,score_cap1,46,50,50
CHEMBL236,35504,5,0.3,6.0,chemdep_cal,50,50,50
CHEMBL236,35504,5,0.3,6.0,score_cap1,45,50,50
CHEMBL236,35504,6,0.2,4.0,chemdep_cal,48,50,50
CHEMBL236,35504,6,0.2,4.0,score_cap1,48,50,50
CHEMBL236,35504,6,0.2,6.0,chemdep_cal,50,50,50
CHEMBL236,35504,6,0.2,6.0,score_cap1,46,50,50
CHEMBL236,35504,6,0.3,4.0,chemdep_cal,49,50,50
CHEMBL236,35504,6,0.3,4.0,score_cap1,46,50,50
CHEMBL236,35504,6,0.3,6.0,chemdep_cal,49,50,50
CHEMBL236,35504,6,0.3,6.0,score_cap1,46,50,50
CHEMBL236,35504,7,0.2,4.0,chemdep_cal,49,50,50
CHEMBL236,35504,7,0.2,4.0,score_cap1,48,50,50
CHEMBL236,35504,7,0.2,6.0,chemdep_cal,50,50,50
CHEMBL236,35504,7,0.2,6.0,score_cap1,46,50,50
CHEMBL236,35504,7,0.3,4.0,chemdep_cal,49,50,50
CHEMBL236,35504,7,0.3,4.0,score_cap1,45,50,50
CHEMBL236,35504,7,0.3,6.0,chemdep_cal,50,50,50
CHEMBL236,35504,7,0.3,6.0,score_cap1,44,50,50
CHEMBL236,35504,8,0.2,4.0,chemdep_cal,50,50,50
CHEMBL236,35504,8,0.2,4.0,score_cap1,48,50,50
CHEMBL236,35504,8,0.2,6.0,chemdep_cal,49,50,50
CHEMBL236,35504,8,0.2,6.0,score_cap1,46,50,50
CHEMBL236,35504,8,0.3,4.0,chemdep_cal,48,50,50
CHEMBL236,35504,8,0.3,4.0,score_cap1,46,50,50
CHEMBL236,35504,8,0.3,6.0,chemdep_cal,50,50,50
CHEMBL236,35504,8,0.3,6.0,score_cap1,44,50,50
CHEMBL236,35504,9,0.2,4.0,chemdep_cal,50,50,50
CHEMBL236,35504,9,0.2,4.0,score_cap1,50,50,50
CHEMBL236,35504,9,0.2,6.0,chemdep_cal,49,50,50
CHEMBL236,35504,9,0.2,6.0,score_cap1,47,50,50
CHEMBL236,35504,9,0.3,4.0,chemdep_cal,49,50,50
CHEMBL236,35504,9,0.3,4.0,score_cap1,46,50,50
CHEMBL236,35504,9,0.3,6.0,chemdep_cal,49,50,50
CHEMBL236,35504,9,0.3,6.0,score_cap1,44,50,50
CHEMBL238,35504,0,0.2,4.0,chemdep_cal,42,50,50
CHEMBL238,35504,0,0.2,4.0,score_cap1,41,50,50
CHEMBL238,35504,0,0.2,6.0,chemdep_cal,43,50,50
CHEMBL238,35504,0,0.2,6.0,score_cap1,41,50,50
CHEMBL238,35504,0,0.3,4.0,chemdep_cal,45,50,50
CHEMBL238,35504,0,0.3,4.0,score_cap1,40,50,50
CHEMBL238,35504,0,0.3,6.0,chemdep_cal,44,50,50
CHEMBL238,35504,0,0.3,6.0,score_cap1,39,50,50
CHEMBL238,35504,1,0.2,4.0,chemdep_cal,43,50,50
CHEMBL238,35504,1,0.2,4.0,score_cap1,43,50,50
CHEMBL238,35504,1,0.2,6.0,chemdep_cal,44,50,50
CHEMBL238,35504,1,0.2,6.0,score_cap1,42,50,50
CHEMBL238,35504,1,0.3,4.0,chemdep_cal,43,50,50
CHEMBL238,35504,1,0.3,4.0,score_cap1,40,50,50
CHEMBL238,35504,1,0.3,6.0,chemdep_cal,43,50,50
CHEMBL238,35504,1,0.3,6.0,score_cap1,40,50,50
CHEMBL238,35504,2,0.2,4.0,chemdep_cal,43,50,50
CHEMBL238,35504,2,0.2,4.0,score_cap1,43,50,50
CHEMBL238,35504,2,0.2,6.0,chemdep_cal,42,50,50
CHEMBL238,35504,2,0.2,6.0,score_cap1,42,50,50
CHEMBL238,35504,2,0.3,4.0,chemdep_cal,43,50,50
CHEMBL238,35504,2,0.3,4.0,score_cap1,40,50,50
CHEMBL238,35504,2,0.3,6.0,chemdep_cal,43,50,50
CHEMBL238,35504,2,0.3,6.0,score_cap1,39,50,50
CHEMBL238,35504,3,0.2,4.0,chemdep_cal,43,50,50
CHEMBL238,35504,3,0.2,4.0,score_cap1,43,50,50
CHEMBL238,35504,3,0.2,6.0,chemdep_cal,45,50,50
CHEMBL238,35504,3,0.2,6.0,score_cap1,42,50,50
CHEMBL238,35504,3,0.3,4.0,chemdep_cal,42,50,50
CHEMBL238,35504,3,0.3,4.0,score_cap1,42,50,50
CHEMBL238,35504,3,0.3,6.0,chemdep_cal,42,50,50
CHEMBL238,35504,3,0.3,6.0,score_cap1,39,50,50
CHEMBL238,35504,4,0.2,4.0,chemdep_cal,44,50,50
CHEMBL238,35504,4,0.2,4.0,score_cap1,42,50,50
CHEMBL238,35504,4,0.2,6.0,chemdep_cal,44,50,50
CHEMBL238,35504,4,0.2,6.0,score_cap1,41,50,50
CHEMBL238,35504,4,0.3,4.0,chemdep_cal,43,50,50
CHEMBL238,35504,4,0.3,4.0,score_cap1,41,50,50
CHEMBL238,35504,4,0.3,6.0,chemdep_cal,44,50,50
CHEMBL238,35504,4,0.3,6.0,score_cap1,40,50,50
CHEMBL238,35504,5,0.2,4.0,chemdep_cal,43,50,50
CHEMBL238,35504,5,0.2,4.0,score_cap1,42,50,50
CHEMBL238,35504,5,0.2,6.0,chemdep_cal,43,50,50
CHEMBL238,35504,5,0.2,6.0,score_cap1,42,50,50
CHEMBL238,35504,5,0.3,4.0,chemdep_cal,45,50,50
CHEMBL238,35504,5,0.3,4.0,score_cap1,38,50,50
CHEMBL238,35504,5,0.3,6.0,chemdep_cal,46,50,50
CHEMBL238,35504,5,0.3,6.0,score_cap1,38,50,50
CHEMBL238,35504,6,0.2,4.0,chemdep_cal,44,50,50
CHEMBL238,35504,6,0.2,4.0,score_cap1,43,50,50
CHEMBL238,35504,6,0.2,6.0,chemdep_cal,44,50,50
CHEMBL238,35504,6,0.2,6.0,score_cap1,42,50,50
CHEMBL238,35504,6,0.3,4.0,chemdep_cal,46,50,50
CHEMBL238,35504,6,0.3,4.0,score_cap1,41,50,50
CHEMBL238,35504,6,0.3,6.0,chemdep_cal,44,50,50
CHEMBL238,35504,6,0.3,6.0,score_cap1,39,50,50
CHEMBL238,35504,7,0.2,4.0,chemdep_cal,43,50,50
CHEMBL238,35504,7,0.2,4.0,score_cap1,42,50,50
CHEMBL238,35504,7,0.2,6.0,chemdep_cal,45,50,50
CHEMBL238,35504,7,0.2,6.0,score_cap1,42,50,50
CHEMBL238,35504,7,0.3,4.0,chemdep_cal,44,50,50
CHEMBL238,35504,7,0.3,4.0,score_cap1,41,50,50
CHEMBL238,35504,7,0.3,6.0,chemdep_cal,43,50,50
CHEMBL238,35504,7,0.3,6.0,score_cap1,40,50,50
CHEMBL238,35504,8,0.2,4.0,chemdep_cal,43,50,50
CHEMBL238,35504,8,0.2,4.0,score_cap1,43,50,50
CHEMBL238,35504,8,0.2,6.0,chemdep_cal,44,50,50
CHEMBL238,35504,8,0.2,6.0,score_cap1,43,50,50
CHEMBL238,35504,8,0.3,4.0,chemdep_cal,45,50,50
CHEMBL238,35504,8,0.3,4.0,score_cap1,41,50,50
CHEMBL238,35504,8,0.3,6.0,chemdep_cal,45,50,50
CHEMBL238,35504,8,0.3,6.0,score_cap1,40,50,50
CHEMBL238,35504,9,0.2,4.0,chemdep_cal,45,50,50
CHEMBL238,35504,9,0.2,4.0,score_cap1,42,50,50
CHEMBL238,35504,9,0.2,6.0,chemdep_cal,44,50,50
CHEMBL238,35504,9,0.2,6.0,score_cap1,40,50,50
CHEMBL238,35504,9,0.3,4.0,chemdep_cal,44,50,50
CHEMBL238,35504,9,0.3,4.0,score_cap1,41,50,50
CHEMBL238,35504,9,0.3,6.0,chemdep_cal,43,50,50
CHEMBL238,35504,9,0.3,6.0,score_cap1,39,50,50
CHEMBL239,35504,0,0.2,4.0,chemdep_cal,34,50,50
CHEMBL239,35504,0,0.2,4.0,score_cap1,29,50,50
CHEMBL239,35504,0,0.2,6.0,chemdep_cal,35,50,50
CHEMBL239,35504,0,0.2,6.0,score_cap1,29,50,50
CHEMBL239,35504,0,0.3,4.0,chemdep_cal,33,50,50
CHEMBL239,35504,0,0.3,4.0,score_cap1,29,50,50
CHEMBL239,35504,0,0.3,6.0,chemdep_cal,36,50,50
CHEMBL239,35504,0,0.3,6.0,score_cap1,29,50,50
CHEMBL239,35504,1,0.2,4.0,chemdep_cal,31,50,50
CHEMBL239,35504,1,0.2,4.0,score_cap1,30,50,50
CHEMBL239,35504,1,0.2,6.0,chemdep_cal,35,50,50
CHEMBL239,35504,1,0.2,6.0,score_cap1,30,50,50
CHEMBL239,35504,1,0.3,4.0,chemdep_cal,32,50,50
CHEMBL239,35504,1,0.3,4.0,score_cap1,28,50,50
CHEMBL239,35504,1,0.3,6.0,chemdep_cal,36,50,50
CHEMBL239,35504,1,0.3,6.0,score_cap1,28,50,50
CHEMBL239,35504,2,0.2,4.0,chemdep_cal,32,50,50
CHEMBL239,35504,2,0.2,4.0,score_cap1,30,50,50
CHEMBL239,35504,2,0.2,6.0,chemdep_cal,35,50,50
CHEMBL239,35504,2,0.2,6.0,score_cap1,30,50,50
CHEMBL239,35504,2,0.3,4.0,chemdep_cal,33,50,50
CHEMBL239,35504,2,0.3,4.0,score_cap1,28,50,50
CHEMBL239,35504,2,0.3,6.0,chemdep_cal,36,50,50
CHEMBL239,35504,2,0.3,6.0,score_cap1,28,50,50
CHEMBL239,35504,3,0.2,4.0,chemdep_cal,33,50,50
CHEMBL239,35504,3,0.2,4.0,score_cap1,31,50,50
CHEMBL239,35504,3,0.2,6.0,chemdep_cal,35,50,50
CHEMBL239,35504,3,0.2,6.0,score_cap1,31,50,50
CHEMBL239,35504,3,0.3,4.0,chemdep_cal,32,50,50
CHEMBL239,35504,3,0.3,4.0,score_cap1,27,50,50
CHEMBL239,35504,3,0.3,6.0,chemdep_cal,35,50,50
CHEMBL239,35504,3,0.3,6.0,score_cap1,27,50,50
CHEMBL239,35504,4,0.2,4.0,chemdep_cal,32,50,50
CHEMBL239,35504,4,0.2,4.0,score_cap1,31,50,50
CHEMBL239,35504,4,0.2,6.0,chemdep_cal,34,50,50
CHEMBL239,35504,4,0.2,6.0,score_cap1,31,50,50
CHEMBL239,35504,4,0.3,4.0,chemdep_cal,30,50,50
CHEMBL239,35504,4,0.3,4.0,score_cap1,28,50,50
CHEMBL239,35504,4,0.3,6.0,chemdep_cal,35,50,50
CHEMBL239,35504,4,0.3,6.0,score_cap1,28,50,50
CHEMBL239,35504,5,0.2,4.0,chemdep_cal,33,50,50
CHEMBL239,35504,5,0.2,4.0,score_cap1,31,50,50
CHEMBL239,35504,5,0.2,6.0,chemdep_cal,35,50,50
CHEMBL239,35504,5,0.2,6.0,score_cap1,31,50,50
CHEMBL239,35504,5,0.3,4.0,chemdep_cal,29,50,50
CHEMBL239,35504,5,0.3,4.0,score_cap1,28,50,50
CHEMBL239,35504,5,0.3,6.0,chemdep_cal,33,50,50
CHEMBL239,35504,5,0.3,6.0,score_cap1,28,50,50
CHEMBL239,35504,6,0.2,4.0,chemdep_cal,33,50,50
CHEMBL239,35504,6,0.2,4.0,score_cap1,31,50,50
CHEMBL239,35504,6,0.2,6.0,chemdep_cal,36,50,50
CHEMBL239,35504,6,0.2,6.0,score_cap1,31,50,50
CHEMBL239,35504,6,0.3,4.0,chemdep_cal,30,50,50
CHEMBL239,35504,6,0.3,4.0,score_cap1,29,50,50
CHEMBL239,35504,6,0.3,6.0,chemdep_cal,35,50,50
CHEMBL239,35504,6,0.3,6.0,score_cap1,29,50,50
CHEMBL239,35504,7,0.2,4.0,chemdep_cal,32,50,50
CHEMBL239,35504,7,0.2,4.0,score_cap1,30,50,50
CHEMBL239,35504,7,0.2,6.0,chemdep_cal,35,50,50
CHEMBL239,35504,7,0.2,6.0,score_cap1,30,50,50
CHEMBL239,35504,7,0.3,4.0,chemdep_cal,33,50,50
CHEMBL239,35504,7,0.3,4.0,score_cap1,28,50,50
CHEMBL239,35504,7,0.3,6.0,chemdep_cal,36,50,50
CHEMBL239,35504,7,0.3,6.0,score_cap1,28,50,50
CHEMBL239,35504,8,0.2,4.0,chemdep_cal,32,50,50
CHEMBL239,35504,8,0.2,4.0,score_cap1,30,50,50
CHEMBL239,35504,8,0.2,6.0,chemdep_cal,35,50,50
CHEMBL239,35504,8,0.2,6.0,score_cap1,30,50,50
CHEMBL239,35504,8,0.3,4.0,chemdep_cal,32,50,50
CHEMBL239,35504,8,0.3,4.0,score_cap1,27,50,50
CHEMBL239,35504,8,0.3,6.0,chemdep_cal,35,50,50
CHEMBL239,35504,8,0.3,6.0,score_cap1,27,50,50
CHEMBL239,35504,9,0.2,4.0,chemdep_cal,33,50,50
CHEMBL239,35504,9,0.2,4.0,score_cap1,30,50,50
CHEMBL239,35504,9,0.2,6.0,chemdep_cal,35,50,50
CHEMBL239,35504,9,0.2,6.0,score_cap1,30,50,50
CHEMBL239,35504,9,0.3,4.0,chemdep_cal,30,50,50
CHEMBL239,35504,9,0.3,4.0,score_cap1,29,50,50
CHEMBL239,35504,9,0.3,6.0,chemdep_cal,35,50,50
CHEMBL239,35504,9,0.3,6.0,score_cap1,29,50,50
