target,scorer_seed,rep,fraction,boost,method,hits,selected,scaffolds,fdp
CHEMBL308,35603,0,0.2,4.0,chemdep_cal,23,50,50,0.54
CHEMBL308,35603,0,0.2,4.0,xgb_pairwise_cap1,23,50,50,0.54
CHEMBL308,35603,0,0.2,4.0,score_cap1,23,50,50,0.54
CHEMBL308,35603,0,0.2,4.0,mmr_cap1_l095,24,50,50,0.52
CHEMBL308,35603,0,0.2,6.0,chemdep_cal,24,50,50,0.52
CHEMBL308,35603,0,0.2,6.0,xgb_pairwise_cap1,23,50,50,0.54
CHEMBL308,35603,0,0.2,6.0,score_cap1,23,50,50,0.54
CHEMBL308,35603,0,0.2,6.0,mmr_cap1_l095,25,50,50,0.5
CHEMBL308,35603,0,0.3,4.0,chemdep_cal,23,50,50,0.54
CHEMBL308,35603,0,0.3,4.0,xgb_pairwise_cap1,23,50,50,0.54
CHEMBL308,35603,0,0.3,4.0,score_cap1,22,50,50,0.56
CHEMBL308,35603,0,0.3,4.0,mmr_cap1_l095,22,50,50,0.56
CHEMBL308,35603,0,0.3,6.0,chemdep_cal,23,50,50,0.54
CHEMBL308,35603,0,0.3,6.0,xgb_pairwise_cap1,22,50,50,0.56
CHEMBL308,35603,0,0.3,6.0,score_cap1,22,50,50,0.56
CHEMBL308,35603,0,0.3,6.0,mmr_cap1_l095,22,50,50,0.56
CHEMBL308,35603,1,0.2,4.0,chemdep_cal,23,50,50,0.54
CHEMBL308,35603,1,0.2,4.0,xgb_pairwise_cap1,23,50,50,0.54
CHEMBL308,35603,1,0.2,4.0,score_cap1,22,50,50,0.56
CHEMBL308,35603,1,0.2,4.0,mmr_cap1_l095,22,50,50,0.56
CHEMBL308,35603,1,0.2,6.0,chemdep_cal,23,50,50,0.54
CHEMBL308,35603,1,0.2,6.0,xgb_pairwise_cap1,22,50,50,0.56
CHEMBL308,35603,1,0.2,6.0,score_cap1,22,50,50,0.56
CHEMBL308,35603,1,0.2,6.0,mmr_cap1_l095,23,50,50,0.54
CHEMBL308,35603,1,0.3,4.0,chemdep_cal,23,50,50,0.54
CHEMBL308,35603,1,0.3,4.0,xgb_pairwise_cap1,23,50,50,0.54
CHEMBL308,35603,1,0.3,4.0,score_cap1,22,50,50,0.56
CHEMBL308,35603,1,0.3,4.0,mmr_cap1_l095,22,50,50,0.56
CHEMBL308,35603,1,0.3,6.0,chemdep_cal,23,50,50,0.54
CHEMBL308,35603,1,0.3,6.0,xgb_pairwise_cap1,22,50,50,0.56
CHEMBL308,35603,1,0.3,6.0,score_cap1,22,50,50,0.56
CHEMBL308,35603,1,0.3,6.0,mmr_cap1_l095,22,50,50,0.56
CHEMBL308,35603,2,0.2,4.0,chemdep_cal,23,50,50,0.54
CHEMBL308,35603,2,0.2,4.0,xgb_pairwise_cap1,23,50,50,0.54
CHEMBL308,35603,2,0.2,4.0,score_cap1,22,50,50,0.56
CHEMBL308,35603,2,0.2,4.0,mmr_cap1_l095,24,50,50,0.52
CHEMBL308,35603,2,0.2,6.0,chemdep_cal,24,50,50,0.52
CHEMBL308,35603,2,0.2,6.0,xgb_pairwise_cap1,24,50,50,0.52
CHEMBL308,35603,2,0.2,6.0,score_cap1,22,50,50,0.56
CHEMBL308,35603,2,0.2,6.0,mmr_cap1_l095,24,50,50,0.52
CHEMBL308,35603,2,0.3,4.0,chemdep_cal,23,50,50,0.54
CHEMBL308,35603,2,0.3,4.0,xgb_pairwise_cap1,23,50,50,0.54
CHEMBL308,35603,2,0.3,4.0,score_cap1,23,50,50,0.54
CHEMBL308,35603,2,0.3,4.0,mmr_cap1_l095,23,50,50,0.54
CHEMBL308,35603,2,0.3,6.0,chemdep_cal,23,50,50,0.54
CHEMBL308,35603,2,0.3,6.0,xgb_pairwise_cap1,22,50,50,0.56
CHEMBL308,35603,2,0.3,6.0,score_cap1,23,50,50,0.54
CHEMBL308,35603,2,0.3,6.0,mmr_cap1_l095,23,50,50,0.54
CHEMBL308,35603,3,0.2,4.0,chemdep_cal,22,50,50,0.56
CHEMBL308,35603,3,0.2,4.0,xgb_pairwise_cap1,22,50,50,0.56
CHEMBL308,35603,3,0.2,4.0,score_cap1,23,50,50,0.54
CHEMBL308,35603,3,0.2,4.0,mmr_cap1_l095,24,50,50,0.52
CHEMBL308,35603,3,0.2,6.0,chemdep_cal,23,50,50,0.54
CHEMBL308,35603,3,0.2,6.0,xgb_pairwise_cap1,23,50,50,0.54
CHEMBL308,35603,3,0.2,6.0,score_cap1,23,50,50,0.54
CHEMBL308,35603,3,0.2,6.0,mmr_cap1_l095,25,50,50,0.5
CHEMBL308,35603,3,0.3,4.0,chemdep_cal,23,50,50,0.54
CHEMBL308,35603,3,0.3,4.0,xgb_pairwise_cap1,23,50,50,0.54
CHEMBL308,35603,3,0.3,4.0,score_cap1,22,50,50,0.56
CHEMBL308,35603,3,0.3,4.0,mmr_cap1_l095,22,50,50,0.56
CHEMBL308,35603,3,0.3,6.0,chemdep_cal,23,50,50,0.54
CHEMBL308,35603,3,0.3,6.0,xgb_pairwise_cap1,22,50,50,0.56
CHEMBL308,35603,3,0.3,6.0,score_cap1,22,50,50,0.56
CHEMBL308,35603,3,0.3,6.0,mmr_cap1_l095,23,50,50,0.54
CHEMBL308,35603,4,0.2,4.0,chemdep_cal,24,50,50,0.52
CHEMBL308,35603,4,0.2,4.0,xgb_pairwise_cap1,24,50,50,0.52
CHEMBL308,35603,4,0.2,4.0,score_cap1,22,50,50,0.56
CHEMBL308,35603,4,0.2,4.0,mmr_cap1_l095,22,50,50,0.56
CHEMBL308,35603,4,0.2,6.0,chemdep_cal,24,50,50,0.52
CHEMBL308,35603,4,0.2,6.0,xgb_pairwise_cap1,23,50,50,0.54
CHEMBL308,35603,4,0.2,6.0,score_cap1,22,50,50,0.56
CHEMBL308,35603,4,0.2,6.0,mmr_cap1_l095,23,50,50,0.54
CHEMBL308,35603,4,0.3,4.0,chemdep_cal,23,50,50,0.54
CHEMBL308,35603,4,0.3,4.0,xgb_pairwise_cap1,23,50,50,0.54
CHEMBL308,35603,4,0.3,4.0,score_cap1,22,50,50,0.56
CHEMBL308,35603,4,0.3,4.0,mmr_cap1_l095,24,50,50,0.52
CHEMBL308,35603,4,0.3,6.0,chemdep_cal,24,50,50,0.52
CHEMBL308,35603,4,0.3,6.0,xgb_pairwise_cap1,23,50,50,0.54
CHEMBL308,35603,4,0.3,6.0,score_cap1,22,50,50,0.56
CHEMBL308,35603,4,0.3,6.0,mmr_cap1_l095,24,50,50,0.52
CHEMBL308,35603,5,0.2,4.0,chemdep_cal,23,50,50,0.54
CHEMBL308,35603,5,0.2,4.0,xgb_pairwise_cap1,23,50,50,0.54
CHEMBL308,35603,5,0.2,4.0,score_cap1,22,50,50,0.56
CHEMBL308,35603,5,0.2,4.0,mmr_cap1_l095,22,50,50,0.56
CHEMBL308,35603,5,0.2,6.0,chemdep_cal,23,50,50,0.54
CHEMBL308,35603,5,0.2,6.0,xgb_pairwise_cap1,22,50,50,0.56
CHEMBL308,35603,5,0.2,6.0,score_cap1,22,50,50,0.56
CHEMBL308,35603,5,0.2,6.0,mmr_cap1_l095,23,50,50,0.54
CHEMBL308,35603,5,0.3,4.0,chemdep_cal,23,50,50,0.54
CHEMBL308,35603,5,0.3,4.0,xgb_pairwise_cap1,23,50,50,0.54
CHEMBL308,35603,5,0.3,4.0,score_cap1,22,50,50,0.56
CHEMBL308,35603,5,0.3,4.0,mmr_cap1_l095,23,50,50,0.54
CHEMBL308,35603,5,0.3,6.0,chemdep_cal,24,50,50,0.52
CHEMBL308,35603,5,0.3,6.0,xgb_pairwise_cap1,23,50,50,0.54
CHEMBL308,35603,5,0.3,6.0,score_cap1,22,50,50,0.56
CHEMBL308,35603,5,0.3,6.0,mmr_cap1_l095,24,50,50,0.52
CHEMBL308,35603,6,0.2,4.0,chemdep_cal,24,50,50,0.52
CHEMBL308,35603,6,0.2,4.0,xgb_pairwise_cap1,24,50,50,0.52
CHEMBL308,35603,6,0.2,4.0,score_cap1,23,50,50,0.54
CHEMBL308,35603,6,0.2,4.0,mmr_cap1_l095,23,50,50,0.54
CHEMBL308,35603,6,0.2,6.0,chemdep_cal,24,50,50,0.52
CHEMBL308,35603,6,0.2,6.0,xgb_pairwise_cap1,23,50,50,0.54
CHEMBL308,35603,6,0.2,6.0,score_cap1,23,50,50,0.54
CHEMBL308,35603,6,0.2,6.0,mmr_cap1_l095,23,50,50,0.54
CHEMBL308,35603,6,0.3,4.0,chemdep_cal,24,50,50,0.52
CHEMBL308,35603,6,0.3,4.0,xgb_pairwise_cap1,24,50,50,0.52
CHEMBL308,35603,6,0.3,4.0,score_cap1,22,50,50,0.56
CHEMBL308,35603,6,0.3,4.0,mmr_cap1_l095,24,50,50,0.52
CHEMBL308,35603,6,0.3,6.0,chemdep_cal,25,50,50,0.5
CHEMBL308,35603,6,0.3,6.0,xgb_pairwise_cap1,24,50,50,0.52
CHEMBL308,35603,6,0.3,6.0,score_cap1,22,50,50,0.56
CHEMBL308,35603,6,0.3,6.0,mmr_cap1_l095,24,50,50,0.52
CHEMBL308,35603,7,0.2,4.0,chemdep_cal,23,50,50,0.54
CHEMBL308,35603,7,0.2,4.0,xgb_pairwise_cap1,23,50,50,0.54
CHEMBL308,35603,7,0.2,4.0,score_cap1,23,50,50,0.54
CHEMBL308,35603,7,0.2,4.0,mmr_cap1_l095,23,50,50,0.54
CHEMBL308,35603,7,0.2,6.0,chemdep_cal,23,50,50,0.54
CHEMBL308,35603,7,0.2,6.0,xgb_pairwise_cap1,22,50,50,0.56
CHEMBL308,35603,7,0.2,6.0,score_cap1,23,50,50,0.54
CHEMBL308,35603,7,0.2,6.0,mmr_cap1_l095,23,50,50,0.54
CHEMBL308,35603,7,0.3,4.0,chemdep_cal,23,50,50,0.54
CHEMBL308,35603,7,0.3,4.0,xgb_pairwise_cap1,23,50,50,0.54
CHEMBL308,35603,7,0.3,4.0,score_cap1,22,50,50,0.56
CHEMBL308,35603,7,0.3,4.0,mmr_cap1_l095,23,50,50,0.54
CHEMBL308,35603,7,0.3,6.0,chemdep_cal,24,50,50,0.52
CHEMBL308,35603,7,0.3,6.0,xgb_pairwise_cap1,23,50,50,0.54
CHEMBL308,35603,7,0.3,6.0,score_cap1,22,50,50,0.56
CHEMBL308,35603,7,0.3,6.0,mmr_cap1_l095,24,50,50,0.52
CHEMBL308,35603,8,0.2,4.0,chemdep_cal,23,50,50,0.54
CHEMBL308,35603,8,0.2,4.0,xgb_pairwise_cap1,23,50,50,0.54
CHEMBL308,35603,8,0.2,4.0,score_cap1,23,50,50,0.54
CHEMBL308,35603,8,0.2,4.0,mmr_cap1_l095,23,50,50,0.54
CHEMBL308,35603,8,0.2,6.0,chemdep_cal,23,50,50,0.54
CHEMBL308,35603,8,0.2,6.0,xgb_pairwise_cap1,22,50,50,0.56
CHEMBL308,35603,8,0.2,6.0,score_cap1,23,50,50,0.54
CHEMBL308,35603,8,0.2,6.0,mmr_cap1_l095,23,50,50,0.54
CHEMBL308,35603,8,0.3,4.0,chemdep_cal,23,50,50,0.54
CHEMBL308,35603,8,0.3,4.0,xgb_pairwise_cap1,23,50,50,0.54
CHEMBL308,35603,8,0.3,4.0,score_cap1,22,50,50,0.56
CHEMBL308,35603,8,0.3,4.0,mmr_cap1_l095,23,50,50,0.54
CHEMBL308,35603,8,0.3,6.0,chemdep_cal,24,50,50,0.52
CHEMBL308,35603,8,0.3,6.0,xgb_pairwise_cap1,23,50,50,0.54
CHEMBL308,35603,8,0.3,6.0,score_cap1,22,50,50,0.56
CHEMBL308,35603,8,0.3,6.0,mmr_cap1_l095,24,50,50,0.52
CHEMBL308,35603,9,0.2,4.0,chemdep_cal,23,50,50,0.54
CHEMBL308,35603,9,0.2,4.0,xgb_pairwise_cap1,23,50,50,0.54
CHEMBL308,35603,9,0.2,4.0,score_cap1,22,50,50,0.56
CHEMBL308,35603,9,0.2,4.0,mmr_cap1_l095,24,50,50,0.52
CHEMBL308,35603,9,0.2,6.0,chemdep_cal,24,50,50,0.52
CHEMBL308,35603,9,0.2,6.0,xgb_pairwise_cap1,23,50,50,0.54
CHEMBL308,35603,9,0.2,6.0,score_cap1,22,50,50,0.56
CHEMBL308,35603,9,0.2,6.0,mmr_cap1_l095,24,50,50,0.52
CHEMBL308,35603,9,0.3,4.0,chemdep_cal,24,50,50,0.52
CHEMBL308,35603,9,0.3,4.0,xgb_pairwise_cap1,24,50,50,0.52
CHEMBL308,35603,9,0.3,4.0,score_cap1,23,50,50,0.54
CHEMBL308,35603,9,0.3,4.0,mmr_cap1_l095,23,50,50,0.54
CHEMBL308,35603,9,0.3,6.0,chemdep_cal,24,50,50,0.52
CHEMBL308,35603,9,0.3,6.0,xgb_pairwise_cap1,23,50,50,0.54
CHEMBL308,35603,9,0.3,6.0,score_cap1,23,50,50,0.54
CHEMBL308,35603,9,0.3,6.0,mmr_cap1_l095,23,50,50,0.54
CHEMBL321,35603,0,0.2,4.0,chemdep_cal,49,50,50,0.02
CHEMBL321,35603,0,0.2,4.0,xgb_pairwise_cap1,49,50,50,0.02
CHEMBL321,35603,0,0.2,4.0,score_cap1,48,50,50,0.04
CHEMBL321,35603,0,0.2,4.0,mmr_cap1_l095,46,50,50,0.08
CHEMBL321,35603,0,0.2,6.0,chemdep_cal,47,50,50,0.06
CHEMBL321,35603,0,0.2,6.0,xgb_pairwise_cap1,48,50,50,0.04
CHEMBL321,35603,0,0.2,6.0,score_cap1,45,50,50,0.1
CHEMBL321,35603,0,0.2,6.0,mmr_cap1_l095,42,50,50,0.16
CHEMBL321,35603,0,0.3,4.0,chemdep_cal,49,50,50,0.02
CHEMBL321,35603,0,0.3,4.0,xgb_pairwise_cap1,48,50,50,0.04
CHEMBL321,35603,0,0.3,4.0,score_cap1,47,50,50,0.06
CHEMBL321,35603,0,0.3,4.0,mmr_cap1_l095,42,50,50,0.16
CHEMBL321,35603,0,0.3,6.0,chemdep_cal,48,50,50,0.04
CHEMBL321,35603,0,0.3,6.0,xgb_pairwise_cap1,47,50,50,0.06
CHEMBL321,35603,0,0.3,6.0,score_cap1,42,50,50,0.16
CHEMBL321,35603,0,0.3,6.0,mmr_cap1_l095,39,50,50,0.22
CHEMBL321,35603,1,0.2,4.0,chemdep_cal,49,50,50,0.02
CHEMBL321,35603,1,0.2,4.0,xgb_pairwise_cap1,48,50,50,0.04
CHEMBL321,35603,1,0.2,4.0,score_cap1,48,50,50,0.04
CHEMBL321,35603,1,0.2,4.0,mmr_cap1_l095,44,50,50,0.12
CHEMBL321,35603,1,0.2,6.0,chemdep_cal,48,50,50,0.04
CHEMBL321,35603,1,0.2,6.0,xgb_pairwise_cap1,48,50,50,0.04
CHEMBL321,35603,1,0.2,6.0,score_cap1,45,50,50,0.1
CHEMBL321,35603,1,0.2,6.0,mmr_cap1_l095,42,50,50,0.16
CHEMBL321,35603,1,0.3,4.0,chemdep_cal,49,50,50,0.02
CHEMBL321,35603,1,0.3,4.0,xgb_pairwise_cap1,48,50,50,0.04
CHEMBL321,35603,1,0.3,4.0,score_cap1,47,50,50,0.06
CHEMBL321,35603,1,0.3,4.0,mmr_cap1_l095,44,50,50,0.12
CHEMBL321,35603,1,0.3,6.0,chemdep_cal,47,50,50,0.06
CHEMBL321,35603,1,0.3,6.0,xgb_pairwise_cap1,47,50,50,0.06
CHEMBL321,35603,1,0.3,6.0,score_cap1,43,50,50,0.14
CHEMBL321,35603,1,0.3,6.0,mmr_cap1_l095,39,50,50,0.22
CHEMBL321,35603,2,0.2,4.0,chemdep_cal,49,50,50,0.02
CHEMBL321,35603,2,0.2,4.0,xgb_pairwise_cap1,48,50,50,0.04
CHEMBL321,35603,2,0.2,4.0,score_cap1,47,50,50,0.06
CHEMBL321,35603,2,0.2,4.0,mmr_cap1_l095,44,50,50,0.12
CHEMBL321,35603,2,0.2,6.0,chemdep_cal,47,50,50,0.06
CHEMBL321,35603,2,0.2,6.0,xgb_pairwise_cap1,47,50,50,0.06
CHEMBL321,35603,2,0.2,6.0,score_cap1,44,50,50,0.12
CHEMBL321,35603,2,0.2,6.0,mmr_cap1_l095,42,50,50,0.16
CHEMBL321,35603,2,0.3,4.0,chemdep_cal,49,50,50,0.02
CHEMBL321,35603,2,0.3,4.0,xgb_pairwise_cap1,48,50,50,0.04
CHEMBL321,35603,2,0.3,4.0,score_cap1,46,50,50,0.08
CHEMBL321,35603,2,0.3,4.0,mmr_cap1_l095,43,50,50,0.14
CHEMBL321,35603,2,0.3,6.0,chemdep_cal,47,50,50,0.06
CHEMBL321,35603,2,0.3,6.0,xgb_pairwise_cap1,48,50,50,0.04
CHEMBL321,35603,2,0.3,6.0,score_cap1,43,50,50,0.14
CHEMBL321,35603,2,0.3,6.0,mmr_cap1_l095,40,50,50,0.2
CHEMBL321,35603,3,0.2,4.0,chemdep_cal,49,50,50,0.02
CHEMBL321,35603,3,0.2,4.0,xgb_pairwise_cap1,48,50,50,0.04
CHEMBL321,35603,3,0.2,4.0,score_cap1,47,50,50,0.06
CHEMBL321,35603,3,0.2,4.0,mmr_cap1_l095,43,50,50,0.14
CHEMBL321,35603,3,0.2,6.0,chemdep_cal,49,50,50,0.02
CHEMBL321,35603,3,0.2,6.0,xgb_pairwise_cap1,47,50,50,0.06
CHEMBL321,35603,3,0.2,6.0,score_cap1,45,50,50,0.1
CHEMBL321,35603,3,0.2,6.0,mmr_cap1_l095,43,50,50,0.14
CHEMBL321,35603,3,0.3,4.0,chemdep_cal,49,50,50,0.02
CHEMBL321,35603,3,0.3,4.0,xgb_pairwise_cap1,48,50,50,0.04
CHEMBL321,35603,3,0.3,4.0,score_cap1,47,50,50,0.06
CHEMBL321,35603,3,0.3,4.0,mmr_cap1_l095,43,50,50,0.14
CHEMBL321,35603,3,0.3,6.0,chemdep_cal,47,50,50,0.06
CHEMBL321,35603,3,0.3,6.0,xgb_pairwise_cap1,49,50,50,0.02
CHEMBL321,35603,3,0.3,6.0,score_cap1,43,50,50,0.14
CHEMBL321,35603,3,0.3,6.0,mmr_cap1_l095,40,50,50,0.2
CHEMBL321,35603,4,0.2,4.0,chemdep_cal,49,50,50,0.02
CHEMBL321,35603,4,0.2,4.0,xgb_pairwise_cap1,49,50,50,0.02
CHEMBL321,35603,4,0.2,4.0,score_cap1,49,50,50,0.02
CHEMBL321,35603,4,0.2,4.0,mmr_cap1_l095,46,50,50,0.08
CHEMBL321,35603,4,0.2,6.0,chemdep_cal,47,50,50,0.06
CHEMBL321,35603,4,0.2,6.0,xgb_pairwise_cap1,48,50,50,0.04
CHEMBL321,35603,4,0.2,6.0,score_cap1,46,50,50,0.08
CHEMBL321,35603,4,0.2,6.0,mmr_cap1_l095,42,50,50,0.16
CHEMBL321,35603,4,0.3,4.0,chemdep_cal,48,50,50,0.04
CHEMBL321,35603,4,0.3,4.0,xgb_pairwise_cap1,47,50,50,0.06
CHEMBL321,35603,4,0.3,4.0,score_cap1,45,50,50,0.1
CHEMBL321,35603,4,0.3,4.0,mmr_cap1_l095,41,50,50,0.18
CHEMBL321,35603,4,0.3,6.0,chemdep_cal,49,50,50,0.02
CHEMBL321,35603,4,0.3,6.0,xgb_pairwise_cap1,46,50,50,0.08
CHEMBL321,35603,4,0.3,6.0,score_cap1,42,50,50,0.16
CHEMBL321,35603,4,0.3,6.0,mmr_cap1_l095,39,50,50,0.22
CHEMBL321,35603,5,0.2,4.0,chemdep_cal,49,50,50,0.02
CHEMBL321,35603,5,0.2,4.0,xgb_pairwise_cap1,48,50,50,0.04
CHEMBL321,35603,5,0.2,4.0,score_cap1,47,50,50,0.06
CHEMBL321,35603,5,0.2,4.0,mmr_cap1_l095,44,50,50,0.12
CHEMBL321,35603,5,0.2,6.0,chemdep_cal,47,50,50,0.06
CHEMBL321,35603,5,0.2,6.0,xgb_pairwise_cap1,48,50,50,0.04
CHEMBL321,35603,5,0.2,6.0,score_cap1,44,50,50,0.12
CHEMBL321,35603,5,0.2,6.0,mmr_cap1_l095,42,50,50,0.16
CHEMBL321,35603,5,0.3,4.0,chemdep_cal,48,50,50,0.04
CHEMBL321,35603,5,0.3,4.0,xgb_pairwise_cap1,47,50,50,0.06
CHEMBL321,35603,5,0.3,4.0,score_cap1,46,50,50,0.08
CHEMBL321,35603,5,0.3,4.0,mmr_cap1_l095,41,50,50,0.18
CHEMBL321,35603,5,0.3,6.0,chemdep_cal,48,50,50,0.04
CHEMBL321,35603,5,0.3,6.0,xgb_pairwise_cap1,47,50,50,0.06
CHEMBL321,35603,5,0.3,6.0,score_cap1,42,50,50,0.16
CHEMBL321,35603,5,0.3,6.0,mmr_cap1_l095,39,50,50,0.22
CHEMBL321,35603,6,0.2,4.0,chemdep_cal,49,50,50,0.02
CHEMBL321,35603,6,0.2,4.0,xgb_pairwise_cap1,48,50,50,0.04
CHEMBL321,35603,6,0.2,4.0,score_cap1,47,50,50,0.06
CHEMBL321,35603,6,0.2,4.0,mmr_cap1_l095,44,50,50,0.12
CHEMBL321,35603,6,0.2,6.0,chemdep_cal,48,50,50,0.04
CHEMBL321,35603,6,0.2,6.0,xgb_pairwise_cap1,48,50,50,0.04
CHEMBL321,35603,6,0.2,6.0,score_cap1,45,50,50,0.1
CHEMBL321,35603,6,0.2,6.0,mmr_cap1_l095,42,50,50,0.16
CHEMBL321,35603,6,0.3,4.0,chemdep_cal,48,50,50,0.04
CHEMBL321,35603,6,0.3,4.0,xgb_pairwise_cap1,47,50,50,0.06
CHEMBL321,35603,6,0.3,4.0,score_cap1,47,50,50,0.06
CHEMBL321,35603,6,0.3,4.0,mmr_cap1_l095,43,50,50,0.14
CHEMBL321,35603,6,0.3,6.0,chemdep_cal,47,50,50,0.06
CHEMBL321,35603,6,0.3,6.0,xgb_pairwise_cap1,47,50,50,0.06
CHEMBL321,35603,6,0.3,6.0,score_cap1,42,50,50,0.16
CHEMBL321,35603,6,0.3,6.0,mmr_cap1_l095,40,50,50,0.2
CHEMBL321,35603,7,0.2,4.0,chemdep_cal,49,50,50,0.02
CHEMBL321,35603,7,0.2,4.0,xgb_pairwise_cap1,49,50,50,0.02
CHEMBL321,35603,7,0.2,4.0,score_cap1,48,50,50,0.04
CHEMBL321,35603,7,0.2,4.0,mmr_cap1_l095,45,50,50,0.1
CHEMBL321,35603,7,0.2,6.0,chemdep_cal,47,50,50,0.06
CHEMBL321,35603,7,0.2,6.0,xgb_pairwise_cap1,48,50,50,0.04
CHEMBL321,35603,7,0.2,6.0,score_cap1,44,50,50,0.12
CHEMBL321,35603,7,0.2,6.0,mmr_cap1_l095,42,50,50,0.16
CHEMBL321,35603,7,0.3,4.0,chemdep_cal,48,50,50,0.04
CHEMBL321,35603,7,0.3,4.0,xgb_pairwise_cap1,47,50,50,0.06
CHEMBL321,35603,7,0.3,4.0,score_cap1,46,50,50,0.08
CHEMBL321,35603,7,0.3,4.0,mmr_cap1_l095,42,50,50,0.16
CHEMBL321,35603,7,0.3,6.0,chemdep_cal,47,50,50,0.06
CHEMBL321,35603,7,0.3,6.0,xgb_pairwise_cap1,48,50,50,0.04
CHEMBL321,35603,7,0.3,6.0,score_cap1,42,50,50,0.16
CHEMBL321,35603,7,0.3,6.0,mmr_cap1_l095,39,50,50,0.22
CHEMBL321,35603,8,0.2,4.0,chemdep_cal,49,50,50,0.02
CHEMBL321,35603,8,0.2,4.0,xgb_pairwise_cap1,49,50,50,0.02
CHEMBL321,35603,8,0.2,4.0,score_cap1,49,50,50,0.02
CHEMBL321,35603,8,0.2,4.0,mmr_cap1_l095,46,50,50,0.08
CHEMBL321,35603,8,0.2,6.0,chemdep_cal,47,50,50,0.06
CHEMBL321,35603,8,0.2,6.0,xgb_pairwise_cap1,49,50,50,0.02
CHEMBL321,35603,8,0.2,6.0,score_cap1,46,50,50,0.08
CHEMBL321,35603,8,0.2,6.0,mmr_cap1_l095,43,50,50,0.14
CHEMBL321,35603,8,0.3,4.0,chemdep_cal,49,50,50,0.02
CHEMBL321,35603,8,0.3,4.0,xgb_pairwise_cap1,47,50,50,0.06
CHEMBL321,35603,8,0.3,4.0,score_cap1,47,50,50,0.06
CHEMBL321,35603,8,0.3,4.0,mmr_cap1_l095,43,50,50,0.14
CHEMBL321,35603,8,0.3,6.0,chemdep_cal,47,50,50,0.06
CHEMBL321,35603,8,0.3,6.0,xgb_pairwise_cap1,48,50,50,0.04
CHEMBL321,35603,8,0.3,6.0,score_cap1,42,50,50,0.16
CHEMBL321,35603,8,0.3,6.0,mmr_cap1_l095,39,50,50,0.22
CHEMBL321,35603,9,0.2,4.0,chemdep_cal,49,50,50,0.02
CHEMBL321,35603,9,0.2,4.0,xgb_pairwise_cap1,48,50,50,0.04
CHEMBL321,35603,9,0.2,4.0,score_cap1,48,50,50,0.04
CHEMBL321,35603,9,0.2,4.0,mmr_cap1_l095,44,50,50,0.12
CHEMBL321,35603,9,0.2,6.0,chemdep_cal,48,50,50,0.04
CHEMBL321,35603,9,0.2,6.0,xgb_pairwise_cap1,48,50,50,0.04
CHEMBL321,35603,9,0.2,6.0,score_cap1,46,50,50,0.08
CHEMBL321,35603,9,0.2,6.0,mmr_cap1_l095,42,50,50,0.16
CHEMBL321,35603,9,0.3,4.0,chemdep_cal,49,50,50,0.02
CHEMBL321,35603,9,0.3,4.0,xgb_pairwise_cap1,47,50,50,0.06
CHEMBL321,35603,9,0.3,4.0,score_cap1,44,50,50,0.12
CHEMBL321,35603,9,0.3,4.0,mmr_cap1_l095,41,50,50,0.18
CHEMBL321,35603,9,0.3,6.0,chemdep_cal,47,50,50,0.06
CHEMBL321,35603,9,0.3,6.0,xgb_pairwise_cap1,46,50,50,0.08
CHEMBL321,35603,9,0.3,6.0,score_cap1,42,50,50,0.16
CHEMBL321,35603,9,0.3,6.0,mmr_cap1_l095,39,50,50,0.22
CHEMBL325,35603,0,0.2,4.0,chemdep_cal,47,50,50,0.06
CHEMBL325,35603,0,0.2,4.0,xgb_pairwise_cap1,47,50,50,0.06
CHEMBL325,35603,0,0.2,4.0,score_cap1,47,50,50,0.06
CHEMBL325,35603,0,0.2,4.0,mmr_cap1_l095,46,50,50,0.08
CHEMBL325,35603,0,0.2,6.0,chemdep_cal,47,50,50,0.06
CHEMBL325,35603,0,0.2,6.0,xgb_pairwise_cap1,46,50,50,0.08
CHEMBL325,35603,0,0.2,6.0,score_cap1,44,50,50,0.12
CHEMBL325,35603,0,0.2,6.0,mmr_cap1_l095,43,50,50,0.14
CHEMBL325,35603,0,0.3,4.0,chemdep_cal,47,50,50,0.06
CHEMBL325,35603,0,0.3,4.0,xgb_pairwise_cap1,47,50,50,0.06
CHEMBL325,35603,0,0.3,4.0,score_cap1,43,50,50,0.14
CHEMBL325,35603,0,0.3,4.0,mmr_cap1_l095,42,50,50,0.16
CHEMBL325,35603,0,0.3,6.0,chemdep_cal,47,50,50,0.06
CHEMBL325,35603,0,0.3,6.0,xgb_pairwise_cap1,47,50,50,0.06
CHEMBL325,35603,0,0.3,6.0,score_cap1,41,50,50,0.18
CHEMBL325,35603,0,0.3,6.0,mmr_cap1_l095,41,50,50,0.18
CHEMBL325,35603,1,0.2,4.0,chemdep_cal,47,50,50,0.06
CHEMBL325,35603,1,0.2,4.0,xgb_pairwise_cap1,47,50,50,0.06
CHEMBL325,35603,1,0.2,4.0,score_cap1,45,50,50,0.1
CHEMBL325,35603,1,0.2,4.0,mmr_cap1_l095,44,50,50,0.12
CHEMBL325,35603,1,0.2,6.0,chemdep_cal,48,50,50,0.04
CHEMBL325,35603,1,0.2,6.0,xgb_pairwise_cap1,47,50,50,0.06
CHEMBL325,35603,1,0.2,6.0,score_cap1,44,50,50,0.12
CHEMBL325,35603,1,0.2,6.0,mmr_cap1_l095,43,50,50,0.14
CHEMBL325,35603,1,0.3,4.0,chemdep_cal,47,50,50,0.06
CHEMBL325,35603,1,0.3,4.0,xgb_pairwise_cap1,47,50,50,0.06
CHEMBL325,35603,1,0.3,4.0,score_cap1,45,50,50,0.1
CHEMBL325,35603,1,0.3,4.0,mmr_cap1_l095,44,50,50,0.12
CHEMBL325,35603,1,0.3,6.0,chemdep_cal,47,50,50,0.06
CHEMBL325,35603,1,0.3,6.0,xgb_pairwise_cap1,46,50,50,0.08
CHEMBL325,35603,1,0.3,6.0,score_cap1,41,50,50,0.18
CHEMBL325,35603,1,0.3,6.0,mmr_cap1_l095,41,50,50,0.18
CHEMBL325,35603,2,0.2,4.0,chemdep_cal,47,50,50,0.06
CHEMBL325,35603,2,0.2,4.0,xgb_pairwise_cap1,48,50,50,0.04
CHEMBL325,35603,2,0.2,4.0,score_cap1,46,50,50,0.08
CHEMBL325,35603,2,0.2,4.0,mmr_cap1_l095,45,50,50,0.1
CHEMBL325,35603,2,0.2,6.0,chemdep_cal,47,50,50,0.06
CHEMBL325,35603,2,0.2,6.0,xgb_pairwise_cap1,47,50,50,0.06
CHEMBL325,35603,2,0.2,6.0,score_cap1,44,50,50,0.12
CHEMBL325,35603,2,0.2,6.0,mmr_cap1_l095,43,50,50,0.14
CHEMBL325,35603,2,0.3,4.0,chemdep_cal,47,50,50,0.06
CHEMBL325,35603,2,0.3,4.0,xgb_pairwise_cap1,47,50,50,0.06
CHEMBL325,35603,2,0.3,4.0,score_cap1,43,50,50,0.14
CHEMBL325,35603,2,0.3,4.0,mmr_cap1_l095,42,50,50,0.16
CHEMBL325,35603,2,0.3,6.0,chemdep_cal,47,50,50,0.06
CHEMBL325,35603,2,0.3,6.0,xgb_pairwise_cap1,47,50,50,0.06
CHEMBL325,35603,2,0.3,6.0,score_cap1,41,50,50,0.18
CHEMBL325,35603,2,0.3,6.0,mmr_cap1_l095,41,50,50,0.18
CHEMBL325,35603,3,0.2,4.0,chemdep_cal,48,50,50,0.04
CHEMBL325,35603,3,0.2,4.0,xgb_pairwise_cap1,47,50,50,0.06
CHEMBL325,35603,3,0.2,4.0,score_cap1,45,50,50,0.1
CHEMBL325,35603,3,0.2,4.0,mmr_cap1_l095,44,50,50,0.12
CHEMBL325,35603,3,0.2,6.0,chemdep_cal,47,50,50,0.06
CHEMBL325,35603,3,0.2,6.0,xgb_pairwise_cap1,47,50,50,0.06
CHEMBL325,35603,3,0.2,6.0,score_cap1,44,50,50,0.12
CHEMBL325,35603,3,0.2,6.0,mmr_cap1_l095,43,50,50,0.14
CHEMBL325,35603,3,0.3,4.0,chemdep_cal,47,50,50,0.06
CHEMBL325,35603,3,0.3,4.0,xgb_pairwise_cap1,47,50,50,0.06
CHEMBL325,35603,3,0.3,4.0,score_cap1,43,50,50,0.14
CHEMBL325,35603,3,0.3,4.0,mmr_cap1_l095,42,50,50,0.16
CHEMBL325,35603,3,0.3,6.0,chemdep_cal,47,50,50,0.06
CHEMBL325,35603,3,0.3,6.0,xgb_pairwise_cap1,47,50,50,0.06
CHEMBL325,35603,3,0.3,6.0,score_cap1,41,50,50,0.18
CHEMBL325,35603,3,0.3,6.0,mmr_cap1_l095,41,50,50,0.18
CHEMBL325,35603,4,0.2,4.0,chemdep_cal,47,50,50,0.06
CHEMBL325,35603,4,0.2,4.0,xgb_pairwise_cap1,47,50,50,0.06
CHEMBL325,35603,4,0.2,4.0,score_cap1,44,50,50,0.12
CHEMBL325,35603,4,0.2,4.0,mmr_cap1_l095,43,50,50,0.14
CHEMBL325,35603,4,0.2,6.0,chemdep_cal,47,50,50,0.06
CHEMBL325,35603,4,0.2,6.0,xgb_pairwise_cap1,47,50,50,0.06
CHEMBL325,35603,4,0.2,6.0,score_cap1,44,50,50,0.12
CHEMBL325,35603,4,0.2,6.0,mmr_cap1_l095,43,50,50,0.14
CHEMBL325,35603,4,0.3,4.0,chemdep_cal,47,50,50,0.06
CHEMBL325,35603,4,0.3,4.0,xgb_pairwise_cap1,47,50,50,0.06
CHEMBL325,35603,4,0.3,4.0,score_cap1,42,50,50,0.16
CHEMBL325,35603,4,0.3,4.0,mmr_cap1_l095,42,50,50,0.16
CHEMBL325,35603,4,0.3,6.0,chemdep_cal,48,50,50,0.04
CHEMBL325,35603,4,0.3,6.0,xgb_pairwise_cap1,47,50,50,0.06
CHEMBL325,35603,4,0.3,6.0,score_cap1,41,50,50,0.18
CHEMBL325,35603,4,0.3,6.0,mmr_cap1_l095,41,50,50,0.18
CHEMBL325,35603,5,0.2,4.0,chemdep_cal,47,50,50,0.06
CHEMBL325,35603,5,0.2,4.0,xgb_pairwise_cap1,47,50,50,0.06
CHEMBL325,35603,5,0.2,4.0,score_cap1,45,50,50,0.1
CHEMBL325,35603,5,0.2,4.0,mmr_cap1_l095,44,50,50,0.12
CHEMBL325,35603,5,0.2,6.0,chemdep_cal,48,50,50,0.04
CHEMBL325,35603,5,0.2,6.0,xgb_pairwise_cap1,48,50,50,0.04
CHEMBL325,35603,5,0.2,6.0,score_cap1,45,50,50,0.1
CHEMBL325,35603,5,0.2,6.0,mmr_cap1_l095,44,50,50,0.12
CHEMBL325,35603,5,0.3,4.0,chemdep_cal,47,50,50,0.06
CHEMBL325,35603,5,0.3,4.0,xgb_pairwise_cap1,47,50,50,0.06
CHEMBL325,35603,5,0.3,4.0,score_cap1,43,50,50,0.14
CHEMBL325,35603,5,0.3,4.0,mmr_cap1_l095,41,50,50,0.18
CHEMBL325,35603,5,0.3,6.0,chemdep_cal,47,50,50,0.06
CHEMBL325,35603,5,0.3,6.0,xgb_pairwise_cap1,47,50,50,0.06
CHEMBL325,35603,5,0.3,6.0,score_cap1,41,50,50,0.18
CHEMBL325,35603,5,0.3,6.0,mmr_cap1_l095,41,50,50,0.18
CHEMBL325,35603,6,0.2,4.0,chemdep_cal,47,50,50,0.06
CHEMBL325,35603,6,0.2,4.0,xgb_pairwise_cap1,47,50,50,0.06
CHEMBL325,35603,6,0.2,4.0,score_cap1,45,50,50,0.1
CHEMBL325,35603,6,0.2,4.0,mmr_cap1_l095,44,50,50,0.12
CHEMBL325,35603,6,0.2,6.0,chemdep_cal,47,50,50,0.06
CHEMBL325,35603,6,0.2,6.0,xgb_pairwise_cap1,47,50,50,0.06
CHEMBL325,35603,6,0.2,6.0,score_cap1,44,50,50,0.12
CHEMBL325,35603,6,0.2,6.0,mmr_cap1_l095,43,50,50,0.14
CHEMBL325,35603,6,0.3,4.0,chemdep_cal,47,50,50,0.06
CHEMBL325,35603,6,0.3,4.0,xgb_pairwise_cap1,47,50,50,0.06
CHEMBL325,35603,6,0.3,4.0,score_cap1,43,50,50,0.14
CHEMBL325,35603,6,0.3,4.0,mmr_cap1_l095,42,50,50,0.16
CHEMBL325,35603,6,0.3,6.0,chemdep_cal,48,50,50,0.04
CHEMBL325,35603,6,0.3,6.0,xgb_pairwise_cap1,47,50,50,0.06
CHEMBL325,35603,6,0.3,6.0,score_cap1,41,50,50,0.18
CHEMBL325,35603,6,0.3,6.0,mmr_cap1_l095,41,50,50,0.18
CHEMBL325,35603,7,0.2,4.0,chemdep_cal,47,50,50,0.06
CHEMBL325,35603,7,0.2,4.0,xgb_pairwise_cap1,47,50,50,0.06
CHEMBL325,35603,7,0.2,4.0,score_cap1,44,50,50,0.12
CHEMBL325,35603,7,0.2,4.0,mmr_cap1_l095,43,50,50,0.14
CHEMBL325,35603,7,0.2,6.0,chemdep_cal,47,50,50,0.06
CHEMBL325,35603,7,0.2,6.0,xgb_pairwise_cap1,47,50,50,0.06
CHEMBL325,35603,7,0.2,6.0,score_cap1,44,50,50,0.12
CHEMBL325,35603,7,0.2,6.0,mmr_cap1_l095,43,50,50,0.14
CHEMBL325,35603,7,0.3,4.0,chemdep_cal,47,50,50,0.06
CHEMBL325,35603,7,0.3,4.0,xgb_pairwise_cap1,48,50,50,0.04
CHEMBL325,35603,7,0.3,4.0,score_cap1,46,50,50,0.08
CHEMBL325,35603,7,0.3,4.0,mmr_cap1_l095,45,50,50,0.1
CHEMBL325,35603,7,0.3,6.0,chemdep_cal,47,50,50,0.06
CHEMBL325,35603,7,0.3,6.0,xgb_pairwise_cap1,46,50,50,0.08
CHEMBL325,35603,7,0.3,6.0,score_cap1,42,50,50,0.16
CHEMBL325,35603,7,0.3,6.0,mmr_cap1_l095,42,50,50,0.16
CHEMBL325,35603,8,0.2,4.0,chemdep_cal,47,50,50,0.06
CHEMBL325,35603,8,0.2,4.0,xgb_pairwise_cap1,47,50,50,0.06
CHEMBL325,35603,8,0.2,4.0,score_cap1,46,50,50,0.08
CHEMBL325,35603,8,0.2,4.0,mmr_cap1_l095,44,50,50,0.12
CHEMBL325,35603,8,0.2,6.0,chemdep_cal,47,50,50,0.06
CHEMBL325,35603,8,0.2,6.0,xgb_pairwise_cap1,47,50,50,0.06
CHEMBL325,35603,8,0.2,6.0,score_cap1,44,50,50,0.12
CHEMBL325,35603,8,0.2,6.0,mmr_cap1_l095,43,50,50,0.14
CHEMBL325,35603,8,0.3,4.0,chemdep_cal,47,50,50,0.06
CHEMBL325,35603,8,0.3,4.0,xgb_pairwise_cap1,47,50,50,0.06
CHEMBL325,35603,8,0.3,4.0,score_cap1,42,50,50,0.16
CHEMBL325,35603,8,0.3,4.0,mmr_cap1_l095,41,50,50,0.18
CHEMBL325,35603,8,0.3,6.0,chemdep_cal,48,50,50,0.04
CHEMBL325,35603,8,0.3,6.0,xgb_pairwise_cap1,47,50,50,0.06
CHEMBL325,35603,8,0.3,6.0,score_cap1,41,50,50,0.18
CHEMBL325,35603,8,0.3,6.0,mmr_cap1_l095,41,50,50,0.18
CHEMBL325,35603,9,0.2,4.0,chemdep_cal,47,50,50,0.06
CHEMBL325,35603,9,0.2,4.0,xgb_pairwise_cap1,47,50,50,0.06
CHEMBL325,35603,9,0.2,4.0,score_cap1,44,50,50,0.12
CHEMBL325,35603,9,0.2,4.0,mmr_cap1_l095,43,50,50,0.14
CHEMBL325,35603,9,0.2,6.0,chemdep_cal,48,50,50,0.04
CHEMBL325,35603,9,0.2,6.0,xgb_pairwise_cap1,48,50,50,0.04
CHEMBL325,35603,9,0.2,6.0,score_cap1,44,50,50,0.12
CHEMBL325,35603,9,0.2,6.0,mmr_cap1_l095,43,50,50,0.14
CHEMBL325,35603,9,0.3,4.0,chemdep_cal,47,50,50,0.06
CHEMBL325,35603,9,0.3,4.0,xgb_pairwise_cap1,47,50,50,0.06
CHEMBL325,35603,9,0.3,4.0,score_cap1,42,50,50,0.16
CHEMBL325,35603,9,0.3,4.0,mmr_cap1_l095,42,50,50,0.16
CHEMBL325,35603,9,0.3,6.0,chemdep_cal,48,50,50,0.04
CHEMBL325,35603,9,0.3,6.0,xgb_pairwise_cap1,47,50,50,0.06
CHEMBL325,35603,9,0.3,6.0,score_cap1,41,50,50,0.18
CHEMBL325,35603,9,0.3,6.0,mmr_cap1_l095,41,50,50,0.18
CHEMBL332,35603,0,0.2,4.0,chemdep_cal,41,50,50,0.18
CHEMBL332,35603,0,0.2,4.0,xgb_pairwise_cap1,40,50,50,0.2
CHEMBL332,35603,0,0.2,4.0,score_cap1,40,50,50,0.2
CHEMBL332,35603,0,0.2,4.0,mmr_cap1_l095,39,50,50,0.22
CHEMBL332,35603,0,0.2,6.0,chemdep_cal,39,50,50,0.22
CHEMBL332,35603,0,0.2,6.0,xgb_pairwise_cap1,38,50,50,0.24
CHEMBL332,35603,0,0.2,6.0,score_cap1,38,50,50,0.24
CHEMBL332,35603,0,0.2,6.0,mmr_cap1_l095,36,50,50,0.28
CHEMBL332,35603,0,0.3,4.0,chemdep_cal,40,50,50,0.2
CHEMBL332,35603,0,0.3,4.0,xgb_pairwise_cap1,38,50,50,0.24
CHEMBL332,35603,0,0.3,4.0,score_cap1,37,50,50,0.26
CHEMBL332,35603,0,0.3,4.0,mmr_cap1_l095,37,50,50,0.26
CHEMBL332,35603,0,0.3,6.0,chemdep_cal,41,50,50,0.18
CHEMBL332,35603,0,0.3,6.0,xgb_pairwise_cap1,37,50,50,0.26
CHEMBL332,35603,0,0.3,6.0,score_cap1,37,50,50,0.26
CHEMBL332,35603,0,0.3,6.0,mmr_cap1_l095,36,50,50,0.28
CHEMBL332,35603,1,0.2,4.0,chemdep_cal,40,50,50,0.2
CHEMBL332,35603,1,0.2,4.0,xgb_pairwise_cap1,38,50,50,0.24
CHEMBL332,35603,1,0.2,4.0,score_cap1,39,50,50,0.22
CHEMBL332,35603,1,0.2,4.0,mmr_cap1_l095,38,50,50,0.24
CHEMBL332,35603,1,0.2,6.0,chemdep_cal,40,50,50,0.2
CHEMBL332,35603,1,0.2,6.0,xgb_pairwise_cap1,38,50,50,0.24
CHEMBL332,35603,1,0.2,6.0,score_cap1,38,50,50,0.24
CHEMBL332,35603,1,0.2,6.0,mmr_cap1_l095,37,50,50,0.26
CHEMBL332,35603,1,0.3,4.0,chemdep_cal,39,50,50,0.22
CHEMBL332,35603,1,0.3,4.0,xgb_pairwise_cap1,37,50,50,0.26
CHEMBL332,35603,1,0.3,4.0,score_cap1,37,50,50,0.26
CHEMBL332,35603,1,0.3,4.0,mmr_cap1_l095,36,50,50,0.28
CHEMBL332,35603,1,0.3,6.0,chemdep_cal,40,50,50,0.2
CHEMBL332,35603,1,0.3,6.0,xgb_pairwise_cap1,37,50,50,0.26
CHEMBL332,35603,1,0.3,6.0,score_cap1,37,50,50,0.26
CHEMBL332,35603,1,0.3,6.0,mmr_cap1_l095,35,50,50,0.3
CHEMBL332,35603,2,0.2,4.0,chemdep_cal,40,50,50,0.2
CHEMBL332,35603,2,0.2,4.0,xgb_pairwise_cap1,39,50,50,0.22
CHEMBL332,35603,2,0.2,4.0,score_cap1,38,50,50,0.24
CHEMBL332,35603,2,0.2,4.0,mmr_cap1_l095,36,50,50,0.28
CHEMBL332,35603,2,0.2,6.0,chemdep_cal,41,50,50,0.18
CHEMBL332,35603,2,0.2,6.0,xgb_pairwise_cap1,38,50,50,0.24
CHEMBL332,35603,2,0.2,6.0,score_cap1,38,50,50,0.24
CHEMBL332,35603,2,0.2,6.0,mmr_cap1_l095,36,50,50,0.28
CHEMBL332,35603,2,0.3,4.0,chemdep_cal,39,50,50,0.22
CHEMBL332,35603,2,0.3,4.0,xgb_pairwise_cap1,38,50,50,0.24
CHEMBL332,35603,2,0.3,4.0,score_cap1,37,50,50,0.26
CHEMBL332,35603,2,0.3,4.0,mmr_cap1_l095,36,50,50,0.28
CHEMBL332,35603,2,0.3,6.0,chemdep_cal,40,50,50,0.2
CHEMBL332,35603,2,0.3,6.0,xgb_pairwise_cap1,37,50,50,0.26
CHEMBL332,35603,2,0.3,6.0,score_cap1,37,50,50,0.26
CHEMBL332,35603,2,0.3,6.0,mmr_cap1_l095,35,50,50,0.3
CHEMBL332,35603,3,0.2,4.0,chemdep_cal,39,50,50,0.22
CHEMBL332,35603,3,0.2,4.0,xgb_pairwise_cap1,37,50,50,0.26
CHEMBL332,35603,3,0.2,4.0,score_cap1,38,50,50,0.24
CHEMBL332,35603,3,0.2,4.0,mmr_cap1_l095,37,50,50,0.26
CHEMBL332,35603,3,0.2,6.0,chemdep_cal,40,50,50,0.2
CHEMBL332,35603,3,0.2,6.0,xgb_pairwise_cap1,38,50,50,0.24
CHEMBL332,35603,3,0.2,6.0,score_cap1,38,50,50,0.24
CHEMBL332,35603,3,0.2,6.0,mmr_cap1_l095,36,50,50,0.28
CHEMBL332,35603,3,0.3,4.0,chemdep_cal,38,50,50,0.24
CHEMBL332,35603,3,0.3,4.0,xgb_pairwise_cap1,38,50,50,0.24
CHEMBL332,35603,3,0.3,4.0,score_cap1,37,50,50,0.26
CHEMBL332,35603,3,0.3,4.0,mmr_cap1_l095,36,50,50,0.28
CHEMBL332,35603,3,0.3,6.0,chemdep_cal,40,50,50,0.2
CHEMBL332,35603,3,0.3,6.0,xgb_pairwise_cap1,37,50,50,0.26
CHEMBL332,35603,3,0.3,6.0,score_cap1,37,50,50,0.26
CHEMBL332,35603,3,0.3,6.0,mmr_cap1_l095,36,50,50,0.28
CHEMBL332,35603,4,0.2,4.0,chemdep_cal,41,50,50,0.18
CHEMBL332,35603,4,0.2,4.0,xgb_pairwise_cap1,40,50,50,0.2
CHEMBL332,35603,4,0.2,4.0,score_cap1,38,50,50,0.24
CHEMBL332,35603,4,0.2,4.0,mmr_cap1_l095,37,50,50,0.26
CHEMBL332,35603,4,0.2,6.0,chemdep_cal,41,50,50,0.18
CHEMBL332,35603,4,0.2,6.0,xgb_pairwise_cap1,40,50,50,0.2
CHEMBL332,35603,4,0.2,6.0,score_cap1,37,50,50,0.26
CHEMBL332,35603,4,0.2,6.0,mmr_cap1_l095,36,50,50,0.28
CHEMBL332,35603,4,0.3,4.0,chemdep_cal,38,50,50,0.24
CHEMBL332,35603,4,0.3,4.0,xgb_pairwise_cap1,38,50,50,0.24
CHEMBL332,35603,4,0.3,4.0,score_cap1,37,50,50,0.26
CHEMBL332,35603,4,0.3,4.0,mmr_cap1_l095,35,50,50,0.3
CHEMBL332,35603,4,0.3,6.0,chemdep_cal,38,50,50,0.24
CHEMBL332,35603,4,0.3,6.0,xgb_pairwise_cap1,36,50,50,0.28
CHEMBL332,35603,4,0.3,6.0,score_cap1,36,50,50,0.28
CHEMBL332,35603,4,0.3,6.0,mmr_cap1_l095,35,50,50,0.3
CHEMBL332,35603,5,0.2,4.0,chemdep_cal,39,50,50,0.22
CHEMBL332,35603,5,0.2,4.0,xgb_pairwise_cap1,39,50,50,0.22
CHEMBL332,35603,5,0.2,4.0,score_cap1,39,50,50,0.22
CHEMBL332,35603,5,0.2,4.0,mmr_cap1_l095,38,50,50,0.24
CHEMBL332,35603,5,0.2,6.0,chemdep_cal,40,50,50,0.2
CHEMBL332,35603,5,0.2,6.0,xgb_pairwise_cap1,37,50,50,0.26
CHEMBL332,35603,5,0.2,6.0,score_cap1,38,50,50,0.24
CHEMBL332,35603,5,0.2,6.0,mmr_cap1_l095,37,50,50,0.26
CHEMBL332,35603,5,0.3,4.0,chemdep_cal,38,50,50,0.24
CHEMBL332,35603,5,0.3,4.0,xgb_pairwise_cap1,37,50,50,0.26
CHEMBL332,35603,5,0.3,4.0,score_cap1,37,50,50,0.26
CHEMBL332,35603,5,0.3,4.0,mmr_cap1_l095,36,50,50,0.28
CHEMBL332,35603,5,0.3,6.0,chemdep_cal,41,50,50,0.18
CHEMBL332,35603,5,0.3,6.0,xgb_pairwise_cap1,35,50,50,0.3
CHEMBL332,35603,5,0.3,6.0,score_cap1,37,50,50,0.26
CHEMBL332,35603,5,0.3,6.0,mmr_cap1_l095,36,50,50,0.28
CHEMBL332,35603,6,0.2,4.0,chemdep_cal,40,50,50,0.2
CHEMBL332,35603,6,0.2,4.0,xgb_pairwise_cap1,38,50,50,0.24
CHEMBL332,35603,6,0.2,4.0,score_cap1,39,50,50,0.22
CHEMBL332,35603,6,0.2,4.0,mmr_cap1_l095,38,50,50,0.24
CHEMBL332,35603,6,0.2,6.0,chemdep_cal,40,50,50,0.2
CHEMBL332,35603,6,0.2,6.0,xgb_pairwise_cap1,38,50,50,0.24
CHEMBL332,35603,6,0.2,6.0,score_cap1,38,50,50,0.24
CHEMBL332,35603,6,0.2,6.0,mmr_cap1_l095,37,50,50,0.26
CHEMBL332,35603,6,0.3,4.0,chemdep_cal,39,50,50,0.22
CHEMBL332,35603,6,0.3,4.0,xgb_pairwise_cap1,38,50,50,0.24
CHEMBL332,35603,6,0.3,4.0,score_cap1,37,50,50,0.26
CHEMBL332,35603,6,0.3,4.0,mmr_cap1_l095,36,50,50,0.28
CHEMBL332,35603,6,0.3,6.0,chemdep_cal,42,50,50,0.16
CHEMBL332,35603,6,0.3,6.0,xgb_pairwise_cap1,36,50,50,0.28
CHEMBL332,35603,6,0.3,6.0,score_cap1,37,50,50,0.26
CHEMBL332,35603,6,0.3,6.0,mmr_cap1_l095,36,50,50,0.28
CHEMBL332,35603,7,0.2,4.0,chemdep_cal,40,50,50,0.2
CHEMBL332,35603,7,0.2,4.0,xgb_pairwise_cap1,39,50,50,0.22
CHEMBL332,35603,7,0.2,4.0,score_cap1,40,50,50,0.2
CHEMBL332,35603,7,0.2,4.0,mmr_cap1_l095,38,50,50,0.24
CHEMBL332,35603,7,0.2,6.0,chemdep_cal,40,50,50,0.2
CHEMBL332,35603,7,0.2,6.0,xgb_pairwise_cap1,38,50,50,0.24
CHEMBL332,35603,7,0.2,6.0,score_cap1,38,50,50,0.24
CHEMBL332,35603,7,0.2,6.0,mmr_cap1_l095,37,50,50,0.26
CHEMBL332,35603,7,0.3,4.0,chemdep_cal,40,50,50,0.2
CHEMBL332,35603,7,0.3,4.0,xgb_pairwise_cap1,38,50,50,0.24
CHEMBL332,35603,7,0.3,4.0,score_cap1,38,50,50,0.24
CHEMBL332,35603,7,0.3,4.0,mmr_cap1_l095,36,50,50,0.28
CHEMBL332,35603,7,0.3,6.0,chemdep_cal,39,50,50,0.22
CHEMBL332,35603,7,0.3,6.0,xgb_pairwise_cap1,38,50,50,0.24
CHEMBL332,35603,7,0.3,6.0,score_cap1,37,50,50,0.26
CHEMBL332,35603,7,0.3,6.0,mmr_cap1_l095,35,50,50,0.3
CHEMBL332,35603,8,0.2,4.0,chemdep_cal,41,50,50,0.18
CHEMBL332,35603,8,0.2,4.0,xgb_pairwise_cap1,39,50,50,0.22
CHEMBL332,35603,8,0.2,4.0,score_cap1,39,50,50,0.22
CHEMBL332,35603,8,0.2,4.0,mmr_cap1_l095,38,50,50,0.24
CHEMBL332,35603,8,0.2,6.0,chemdep_cal,40,50,50,0.2
CHEMBL332,35603,8,0.2,6.0,xgb_pairwise_cap1,38,50,50,0.24
CHEMBL332,35603,8,0.2,6.0,score_cap1,38,50,50,0.24
CHEMBL332,35603,8,0.2,6.0,mmr_cap1_l095,37,50,50,0.26
CHEMBL332,35603,8,0.3,4.0,chemdep_cal,39,50,50,0.22
CHEMBL332,35603,8,0.3,4.0,xgb_pairwise_cap1,38,50,50,0.24
CHEMBL332,35603,8,0.3,4.0,score_cap1,37,50,50,0.26
CHEMBL332,35603,8,0.3,4.0,mmr_cap1_l095,35,50,50,0.3
CHEMBL332,35603,8,0.3,6.0,chemdep_cal,41,50,50,0.18
CHEMBL332,35603,8,0.3,6.0,xgb_pairwise_cap1,37,50,50,0.26
CHEMBL332,35603,8,0.3,6.0,score_cap1,37,50,50,0.26
CHEMBL332,35603,8,0.3,6.0,mmr_cap1_l095,35,50,50,0.3
CHEMBL332,35603,9,0.2,4.0,chemdep_cal,41,50,50,0.18
CHEMBL332,35603,9,0.2,4.0,xgb_pairwise_cap1,40,50,50,0.2
CHEMBL332,35603,9,0.2,4.0,score_cap1,39,50,50,0.22
CHEMBL332,35603,9,0.2,4.0,mmr_cap1_l095,38,50,50,0.24
CHEMBL332,35603,9,0.2,6.0,chemdep_cal,41,50,50,0.18
CHEMBL332,35603,9,0.2,6.0,xgb_pairwise_cap1,39,50,50,0.22
CHEMBL332,35603,9,0.2,6.0,score_cap1,38,50,50,0.24
CHEMBL332,35603,9,0.2,6.0,mmr_cap1_l095,37,50,50,0.26
CHEMBL332,35603,9,0.3,4.0,chemdep_cal,40,50,50,0.2
CHEMBL332,35603,9,0.3,4.0,xgb_pairwise_cap1,38,50,50,0.24
CHEMBL332,35603,9,0.3,4.0,score_cap1,37,50,50,0.26
CHEMBL332,35603,9,0.3,4.0,mmr_cap1_l095,36,50,50,0.28
CHEMBL332,35603,9,0.3,6.0,chemdep_cal,41,50,50,0.18
CHEMBL332,35603,9,0.3,6.0,xgb_pairwise_cap1,36,50,50,0.28
CHEMBL332,35603,9,0.3,6.0,score_cap1,37,50,50,0.26
CHEMBL332,35603,9,0.3,6.0,mmr_cap1_l095,35,50,50,0.3
CHEMBL333,35603,0,0.2,4.0,chemdep_cal,50,50,50,0.0
CHEMBL333,35603,0,0.2,4.0,xgb_pairwise_cap1,50,50,50,0.0
CHEMBL333,35603,0,0.2,4.0,score_cap1,47,50,50,0.06
CHEMBL333,35603,0,0.2,4.0,mmr_cap1_l095,47,50,50,0.06
CHEMBL333,35603,0,0.2,6.0,chemdep_cal,49,50,50,0.02
CHEMBL333,35603,0,0.2,6.0,xgb_pairwise_cap1,50,50,50,0.0
CHEMBL333,35603,0,0.2,6.0,score_cap1,45,50,50,0.1
CHEMBL333,35603,0,0.2,6.0,mmr_cap1_l095,45,50,50,0.1
CHEMBL333,35603,0,0.3,4.0,chemdep_cal,50,50,50,0.0
CHEMBL333,35603,0,0.3,4.0,xgb_pairwise_cap1,50,50,50,0.0
CHEMBL333,35603,0,0.3,4.0,score_cap1,45,50,50,0.1
CHEMBL333,35603,0,0.3,4.0,mmr_cap1_l095,44,50,50,0.12
CHEMBL333,35603,0,0.3,6.0,chemdep_cal,49,50,50,0.02
CHEMBL333,35603,0,0.3,6.0,xgb_pairwise_cap1,50,50,50,0.0
CHEMBL333,35603,0,0.3,6.0,score_cap1,43,50,50,0.14
CHEMBL333,35603,0,0.3,6.0,mmr_cap1_l095,43,50,50,0.14
CHEMBL333,35603,1,0.2,4.0,chemdep_cal,50,50,50,0.0
CHEMBL333,35603,1,0.2,4.0,xgb_pairwise_cap1,50,50,50,0.0
CHEMBL333,35603,1,0.2,4.0,score_cap1,46,50,50,0.08
CHEMBL333,35603,1,0.2,4.0,mmr_cap1_l095,47,50,50,0.06
CHEMBL333,35603,1,0.2,6.0,chemdep_cal,50,50,50,0.0
CHEMBL333,35603,1,0.2,6.0,xgb_pairwise_cap1,50,50,50,0.0
CHEMBL333,35603,1,0.2,6.0,score_cap1,45,50,50,0.1
CHEMBL333,35603,1,0.2,6.0,mmr_cap1_l095,45,50,50,0.1
CHEMBL333,35603,1,0.3,4.0,chemdep_cal,50,50,50,0.0
CHEMBL333,35603,1,0.3,4.0,xgb_pairwise_cap1,50,50,50,0.0
CHEMBL333,35603,1,0.3,4.0,score_cap1,43,50,50,0.14
CHEMBL333,35603,1,0.3,4.0,mmr_cap1_l095,43,50,50,0.14
CHEMBL333,35603,1,0.3,6.0,chemdep_cal,50,50,50,0.0
CHEMBL333,35603,1,0.3,6.0,xgb_pairwise_cap1,50,50,50,0.0
CHEMBL333,35603,1,0.3,6.0,score_cap1,43,50,50,0.14
CHEMBL333,35603,1,0.3,6.0,mmr_cap1_l095,43,50,50,0.14
CHEMBL333,35603,2,0.2,4.0,chemdep_cal,50,50,50,0.0
CHEMBL333,35603,2,0.2,4.0,xgb_pairwise_cap1,50,50,50,0.0
CHEMBL333,35603,2,0.2,4.0,score_cap1,47,50,50,0.06
CHEMBL333,35603,2,0.2,4.0,mmr_cap1_l095,47,50,50,0.06
CHEMBL333,35603,2,0.2,6.0,chemdep_cal,50,50,50,0.0
CHEMBL333,35603,2,0.2,6.0,xgb_pairwise_cap1,50,50,50,0.0
CHEMBL333,35603,2,0.2,6.0,score_cap1,45,50,50,0.1
CHEMBL333,35603,2,0.2,6.0,mmr_cap1_l095,45,50,50,0.1
CHEMBL333,35603,2,0.3,4.0,chemdep_cal,50,50,50,0.0
CHEMBL333,35603,2,0.3,4.0,xgb_pairwise_cap1,50,50,50,0.0
CHEMBL333,35603,2,0.3,4.0,score_cap1,45,50,50,0.1
CHEMBL333,35603,2,0.3,4.0,mmr_cap1_l095,45,50,50,0.1
CHEMBL333,35603,2,0.3,6.0,chemdep_cal,49,50,50,0.02
CHEMBL333,35603,2,0.3,6.0,xgb_pairwise_cap1,50,50,50,0.0
CHEMBL333,35603,2,0.3,6.0,score_cap1,43,50,50,0.14
CHEMBL333,35603,2,0.3,6.0,mmr_cap1_l095,43,50,50,0.14
CHEMBL333,35603,3,0.2,4.0,chemdep_cal,50,50,50,0.0
CHEMBL333,35603,3,0.2,4.0,xgb_pairwise_cap1,50,50,50,0.0
CHEMBL333,35603,3,0.2,4.0,score_cap1,46,50,50,0.08
CHEMBL333,35603,3,0.2,4.0,mmr_cap1_l095,46,50,50,0.08
CHEMBL333,35603,3,0.2,6.0,chemdep_cal,50,50,50,0.0
CHEMBL333,35603,3,0.2,6.0,xgb_pairwise_cap1,50,50,50,0.0
CHEMBL333,35603,3,0.2,6.0,score_cap1,45,50,50,0.1
CHEMBL333,35603,3,0.2,6.0,mmr_cap1_l095,45,50,50,0.1
CHEMBL333,35603,3,0.3,4.0,chemdep_cal,50,50,50,0.0
CHEMBL333,35603,3,0.3,4.0,xgb_pairwise_cap1,50,50,50,0.0
CHEMBL333,35603,3,0.3,4.0,score_cap1,43,50,50,0.14
CHEMBL333,35603,3,0.3,4.0,mmr_cap1_l095,43,50,50,0.14
CHEMBL333,35603,3,0.3,6.0,chemdep_cal,50,50,50,0.0
CHEMBL333,35603,3,0.3,6.0,xgb_pairwise_cap1,50,50,50,0.0
CHEMBL333,35603,3,0.3,6.0,score_cap1,43,50,50,0.14
CHEMBL333,35603,3,0.3,6.0,mmr_cap1_l095,43,50,50,0.14
CHEMBL333,35603,4,0.2,4.0,chemdep_cal,50,50,50,0.0
CHEMBL333,35603,4,0.2,4.0,xgb_pairwise_cap1,50,50,50,0.0
CHEMBL333,35603,4,0.2,4.0,score_cap1,45,50,50,0.1
CHEMBL333,35603,4,0.2,4.0,mmr_cap1_l095,45,50,50,0.1
CHEMBL333,35603,4,0.2,6.0,chemdep_cal,50,50,50,0.0
CHEMBL333,35603,4,0.2,6.0,xgb_pairwise_cap1,50,50,50,0.0
CHEMBL333,35603,4,0.2,6.0,score_cap1,45,50,50,0.1
CHEMBL333,35603,4,0.2,6.0,mmr_cap1_l095,45,50,50,0.1
CHEMBL333,35603,4,0.3,4.0,chemdep_cal,50,50,50,0.0
CHEMBL333,35603,4,0.3,4.0,xgb_pairwise_cap1,50,50,50,0.0
CHEMBL333,35603,4,0.3,4.0,score_cap1,46,50,50,0.08
CHEMBL333,35603,4,0.3,4.0,mmr_cap1_l095,45,50,50,0.1
CHEMBL333,35603,4,0.3,6.0,chemdep_cal,50,50,50,0.0
CHEMBL333,35603,4,0.3,6.0,xgb_pairwise_cap1,50,50,50,0.0
CHEMBL333,35603,4,0.3,6.0,score_cap1,43,50,50,0.14
CHEMBL333,35603,4,0.3,6.0,mmr_cap1_l095,43,50,50,0.14
CHEMBL333,35603,5,0.2,4.0,chemdep_cal,50,50,50,0.0
CHEMBL333,35603,5,0.2,4.0,xgb_pairwise_cap1,50,50,50,0.0
CHEMBL333,35603,5,0.2,4.0,score_cap1,46,50,50,0.08
CHEMBL333,35603,5,0.2,4.0,mmr_cap1_l095,46,50,50,0.08
CHEMBL333,35603,5,0.2,6.0,chemdep_cal,50,50,50,0.0
CHEMBL333,35603,5,0.2,6.0,xgb_pairwise_cap1,50,50,50,0.0
CHEMBL333,35603,5,0.2,6.0,score_cap1,45,50,50,0.1
CHEMBL333,35603,5,0.2,6.0,mmr_cap1_l095,45,50,50,0.1
CHEMBL333,35603,5,0.3,4.0,chemdep_cal,50,50,50,0.0
CHEMBL333,35603,5,0.3,4.0,xgb_pairwise_cap1,50,50,50,0.0
CHEMBL333,35603,5,0.3,4.0,score_cap1,44,50,50,0.12
CHEMBL333,35603,5,0.3,4.0,mmr_cap1_l095,43,50,50,0.14
CHEMBL333,35603,5,0.3,6.0,chemdep_cal,50,50,50,0.0
CHEMBL333,35603,5,0.3,6.0,xgb_pairwise_cap1,50,50,50,0.0
CHEMBL333,35603,5,0.3,6.0,score_cap1,43,50,50,0.14
CHEMBL333,35603,5,0.3,6.0,mmr_cap1_l095,43,50,50,0.14
CHEMBL333,35603,6,0.2,4.0,chemdep_cal,50,50,50,0.0
CHEMBL333,35603,6,0.2,4.0,xgb_pairwise_cap1,50,50,50,0.0
CHEMBL333,35603,6,0.2,4.0,score_cap1,46,50,50,0.08
CHEMBL333,35603,6,0.2,4.0,mmr_cap1_l095,46,50,50,0.08
CHEMBL333,35603,6,0.2,6.0,chemdep_cal,50,50,50,0.0
CHEMBL333,35603,6,0.2,6.0,xgb_pairwise_cap1,50,50,50,0.0
CHEMBL333,35603,6,0.2,6.0,score_cap1,45,50,50,0.1
CHEMBL333,35603,6,0.2,6.0,mmr_cap1_l095,45,50,50,0.1
CHEMBL333,35603,6,0.3,4.0,chemdep_cal,50,50,50,0.0
CHEMBL333,35603,6,0.3,4.0,xgb_pairwise_cap1,50,50,50,0.0
CHEMBL333,35603,6,0.3,4.0,score_cap1,45,50,50,0.1
CHEMBL333,35603,6,0.3,4.0,mmr_cap1_l095,45,50,50,0.1
CHEMBL333,35603,6,0.3,6.0,chemdep_cal,50,50,50,0.0
CHEMBL333,35603,6,0.3,6.0,xgb_pairwise_cap1,50,50,50,0.0
CHEMBL333,35603,6,0.3,6.0,score_cap1,43,50,50,0.14
CHEMBL333,35603,6,0.3,6.0,mmr_cap1_l095,43,50,50,0.14
CHEMBL333,35603,7,0.2,4.0,chemdep_cal,50,50,50,0.0
CHEMBL333,35603,7,0.2,4.0,xgb_pairwise_cap1,50,50,50,0.0
CHEMBL333,35603,7,0.2,4.0,score_cap1,46,50,50,0.08
CHEMBL333,35603,7,0.2,4.0,mmr_cap1_l095,46,50,50,0.08
CHEMBL333,35603,7,0.2,6.0,chemdep_cal,49,50,50,0.02
CHEMBL333,35603,7,0.2,6.0,xgb_pairwise_cap1,50,50,50,0.0
CHEMBL333,35603,7,0.2,6.0,score_cap1,45,50,50,0.1
CHEMBL333,35603,7,0.2,6.0,mmr_cap1_l095,45,50,50,0.1
CHEMBL333,35603,7,0.3,4.0,chemdep_cal,50,50,50,0.0
CHEMBL333,35603,7,0.3,4.0,xgb_pairwise_cap1,50,50,50,0.0
CHEMBL333,35603,7,0.3,4.0,score_cap1,44,50,50,0.12
CHEMBL333,35603,7,0.3,4.0,mmr_cap1_l095,44,50,50,0.12
CHEMBL333,35603,7,0.3,6.0,chemdep_cal,50,50,50,0.0
CHEMBL333,35603,7,0.3,6.0,xgb_pairwise_cap1,50,50,50,0.0
CHEMBL333,35603,7,0.3,6.0,score_cap1,43,50,50,0.14
CHEMBL333,35603,7,0.3,6.0,mmr_cap1_l095,43,50,50,0.14
CHEMBL333,35603,8,0.2,4.0,chemdep_cal,50,50,50,0.0
CHEMBL333,35603,8,0.2,4.0,xgb_pairwise_cap1,50,50,50,0.0
CHEMBL333,35603,8,0.2,4.0,score_cap1,46,50,50,0.08
CHEMBL333,35603,8,0.2,4.0,mmr_cap1_l095,46,50,50,0.08
CHEMBL333,35603,8,0.2,6.0,chemdep_cal,49,50,50,0.02
CHEMBL333,35603,8,0.2,6.0,xgb_pairwise_cap1,50,50,50,0.0
CHEMBL333,35603,8,0.2,6.0,score_cap1,45,50,50,0.1
CHEMBL333,35603,8,0.2,6.0,mmr_cap1_l095,45,50,50,0.1
CHEMBL333,35603,8,0.3,4.0,chemdep_cal,50,50,50,0.0
CHEMBL333,35603,8,0.3,4.0,xgb_pairwise_cap1,50,50,50,0.0
CHEMBL333,35603,8,0.3,4.0,score_cap1,45,50,50,0.1
CHEMBL333,35603,8,0.3,4.0,mmr_cap1_l095,44,50,50,0.12
CHEMBL333,35603,8,0.3,6.0,chemdep_cal,50,50,50,0.0
CHEMBL333,35603,8,0.3,6.0,xgb_pairwise_cap1,50,50,50,0.0
CHEMBL333,35603,8,0.3,6.0,score_cap1,43,50,50,0.14
CHEMBL333,35603,8,0.3,6.0,mmr_cap1_l095,43,50,50,0.14
CHEMBL333,35603,9,0.2,4.0,chemdep_cal,50,50,50,0.0
CHEMBL333,35603,9,0.2,4.0,xgb_pairwise_cap1,50,50,50,0.0
CHEMBL333,35603,9,0.2,4.0,score_cap1,47,50,50,0.06
CHEMBL333,35603,9,0.2,4.0,mmr_cap1_l095,46,50,50,0.08
CHEMBL333,35603,9,0.2,6.0,chemdep_cal,49,50,50,0.02
CHEMBL333,35603,9,0.2,6.0,xgb_pairwise_cap1,50,50,50,0.0
CHEMBL333,35603,9,0.2,6.0,score_cap1,45,50,50,0.1
CHEMBL333,35603,9,0.2,6.0,mmr_cap1_l095,45,50,50,0.1
CHEMBL333,35603,9,0.3,4.0,chemdep_cal,50,50,50,0.0
CHEMBL333,35603,9,0.3,4.0,xgb_pairwise_cap1,50,50,50,0.0
CHEMBL333,35603,9,0.3,4.0,score_cap1,44,50,50,0.12
CHEMBL333,35603,9,0.3,4.0,mmr_cap1_l095,44,50,50,0.12
CHEMBL333,35603,9,0.3,6.0,chemdep_cal,50,50,50,0.0
CHEMBL333,35603,9,0.3,6.0,xgb_pairwise_cap1,50,50,50,0.0
CHEMBL333,35603,9,0.3,6.0,score_cap1,43,50,50,0.14
CHEMBL333,35603,9,0.3,6.0,mmr_cap1_l095,43,50,50,0.14
CHEMBL335,35603,0,0.2,4.0,chemdep_cal,12,50,50,0.76
CHEMBL335,35603,0,0.2,4.0,xgb_pairwise_cap1,10,50,50,0.8
CHEMBL335,35603,0,0.2,4.0,score_cap1,13,50,50,0.74
CHEMBL335,35603,0,0.2,4.0,mmr_cap1_l095,13,50,50,0.74
CHEMBL335,35603,0,0.2,6.0,chemdep_cal,13,50,50,0.74
CHEMBL335,35603,0,0.2,6.0,xgb_pairwise_cap1,10,50,50,0.8
CHEMBL335,35603,0,0.2,6.0,score_cap1,13,50,50,0.74
CHEMBL335,35603,0,0.2,6.0,mmr_cap1_l095,13,50,50,0.74
CHEMBL335,35603,0,0.3,4.0,chemdep_cal,12,50,50,0.76
CHEMBL335,35603,0,0.3,4.0,xgb_pairwise_cap1,10,50,50,0.8
CHEMBL335,35603,0,0.3,4.0,score_cap1,13,50,50,0.74
CHEMBL335,35603,0,0.3,4.0,mmr_cap1_l095,13,50,50,0.74
CHEMBL335,35603,0,0.3,6.0,chemdep_cal,12,50,50,0.76
CHEMBL335,35603,0,0.3,6.0,xgb_pairwise_cap1,10,50,50,0.8
CHEMBL335,35603,0,0.3,6.0,score_cap1,13,50,50,0.74
CHEMBL335,35603,0,0.3,6.0,mmr_cap1_l095,13,50,50,0.74
CHEMBL335,35603,1,0.2,4.0,chemdep_cal,12,50,50,0.76
CHEMBL335,35603,1,0.2,4.0,xgb_pairwise_cap1,10,50,50,0.8
CHEMBL335,35603,1,0.2,4.0,score_cap1,13,50,50,0.74
CHEMBL335,35603,1,0.2,4.0,mmr_cap1_l095,13,50,50,0.74
CHEMBL335,35603,1,0.2,6.0,chemdep_cal,13,50,50,0.74
CHEMBL335,35603,1,0.2,6.0,xgb_pairwise_cap1,10,50,50,0.8
CHEMBL335,35603,1,0.2,6.0,score_cap1,13,50,50,0.74
CHEMBL335,35603,1,0.2,6.0,mmr_cap1_l095,13,50,50,0.74
CHEMBL335,35603,1,0.3,4.0,chemdep_cal,12,50,50,0.76
CHEMBL335,35603,1,0.3,4.0,xgb_pairwise_cap1,10,50,50,0.8
CHEMBL335,35603,1,0.3,4.0,score_cap1,13,50,50,0.74
CHEMBL335,35603,1,0.3,4.0,mmr_cap1_l095,13,50,50,0.74
CHEMBL335,35603,1,0.3,6.0,chemdep_cal,12,50,50,0.76
CHEMBL335,35603,1,0.3,6.0,xgb_pairwise_cap1,10,50,50,0.8
CHEMBL335,35603,1,0.3,6.0,score_cap1,13,50,50,0.74
CHEMBL335,35603,1,0.3,6.0,mmr_cap1_l095,13,50,50,0.74
CHEMBL335,35603,2,0.2,4.0,chemdep_cal,12,50,50,0.76
CHEMBL335,35603,2,0.2,4.0,xgb_pairwise_cap1,10,50,50,0.8
CHEMBL335,35603,2,0.2,4.0,score_cap1,13,50,50,0.74
CHEMBL335,35603,2,0.2,4.0,mmr_cap1_l095,13,50,50,0.74
CHEMBL335,35603,2,0.2,6.0,chemdep_cal,13,50,50,0.74
CHEMBL335,35603,2,0.2,6.0,xgb_pairwise_cap1,10,50,50,0.8
CHEMBL335,35603,2,0.2,6.0,score_cap1,13,50,50,0.74
CHEMBL335,35603,2,0.2,6.0,mmr_cap1_l095,13,50,50,0.74
CHEMBL335,35603,2,0.3,4.0,chemdep_cal,12,50,50,0.76
CHEMBL335,35603,2,0.3,4.0,xgb_pairwise_cap1,10,50,50,0.8
CHEMBL335,35603,2,0.3,4.0,score_cap1,13,50,50,0.74
CHEMBL335,35603,2,0.3,4.0,mmr_cap1_l095,13,50,50,0.74
CHEMBL335,35603,2,0.3,6.0,chemdep_cal,12,50,50,0.76
CHEMBL335,35603,2,0.3,6.0,xgb_pairwise_cap1,10,50,50,0.8
CHEMBL335,35603,2,0.3,6.0,score_cap1,13,50,50,0.74
CHEMBL335,35603,2,0.3,6.0,mmr_cap1_l095,13,50,50,0.74
CHEMBL335,35603,3,0.2,4.0,chemdep_cal,12,50,50,0.76
CHEMBL335,35603,3,0.2,4.0,xgb_pairwise_cap1,10,50,50,0.8
CHEMBL335,35603,3,0.2,4.0,score_cap1,13,50,50,0.74
CHEMBL335,35603,3,0.2,4.0,mmr_cap1_l095,13,50,50,0.74
CHEMBL335,35603,3,0.2,6.0,chemdep_cal,13,50,50,0.74
CHEMBL335,35603,3,0.2,6.0,xgb_pairwise_cap1,10,50,50,0.8
CHEMBL335,35603,3,0.2,6.0,score_cap1,13,50,50,0.74
CHEMBL335,35603,3,0.2,6.0,mmr_cap1_l095,13,50,50,0.74
CHEMBL335,35603,3,0.3,4.0,chemdep_cal,12,50,50,0.76
CHEMBL335,35603,3,0.3,4.0,xgb_pairwise_cap1,10,50,50,0.8
CHEMBL335,35603,3,0.3,4.0,score_cap1,14,50,50,0.72
CHEMBL335,35603,3,0.3,4.0,mmr_cap1_l095,14,50,50,0.72
CHEMBL335,35603,3,0.3,6.0,chemdep_cal,11,50,50,0.78
CHEMBL335,35603,3,0.3,6.0,xgb_pairwise_cap1,10,50,50,0.8
CHEMBL335,35603,3,0.3,6.0,score_cap1,14,50,50,0.72
CHEMBL335,35603,3,0.3,6.0,mmr_cap1_l095,14,50,50,0.72
CHEMBL335,35603,4,0.2,4.0,chemdep_cal,12,50,50,0.76
CHEMBL335,35603,4,0.2,4.0,xgb_pairwise_cap1,10,50,50,0.8
CHEMBL335,35603,4,0.2,4.0,score_cap1,14,50,50,0.72
CHEMBL335,35603,4,0.2,4.0,mmr_cap1_l095,14,50,50,0.72
CHEMBL335,35603,4,0.2,6.0,chemdep_cal,12,50,50,0.76
CHEMBL335,35603,4,0.2,6.0,xgb_pairwise_cap1,10,50,50,0.8
CHEMBL335,35603,4,0.2,6.0,score_cap1,14,50,50,0.72
CHEMBL335,35603,4,0.2,6.0,mmr_cap1_l095,14,50,50,0.72
CHEMBL335,35603,4,0.3,4.0,chemdep_cal,12,50,50,0.76
CHEMBL335,35603,4,0.3,4.0,xgb_pairwise_cap1,10,50,50,0.8
CHEMBL335,35603,4,0.3,4.0,score_cap1,14,50,50,0.72
CHEMBL335,35603,4,0.3,4.0,mmr_cap1_l095,14,50,50,0.72
CHEMBL335,35603,4,0.3,6.0,chemdep_cal,11,50,50,0.78
CHEMBL335,35603,4,0.3,6.0,xgb_pairwise_cap1,10,50,50,0.8
CHEMBL335,35603,4,0.3,6.0,score_cap1,14,50,50,0.72
CHEMBL335,35603,4,0.3,6.0,mmr_cap1_l095,14,50,50,0.72
CHEMBL335,35603,5,0.2,4.0,chemdep_cal,12,50,50,0.76
CHEMBL335,35603,5,0.2,4.0,xgb_pairwise_cap1,10,50,50,0.8
CHEMBL335,35603,5,0.2,4.0,score_cap1,13,50,50,0.74
CHEMBL335,35603,5,0.2,4.0,mmr_cap1_l095,13,50,50,0.74
CHEMBL335,35603,5,0.2,6.0,chemdep_cal,13,50,50,0.74
CHEMBL335,35603,5,0.2,6.0,xgb_pairwise_cap1,10,50,50,0.8
CHEMBL335,35603,5,0.2,6.0,score_cap1,13,50,50,0.74
CHEMBL335,35603,5,0.2,6.0,mmr_cap1_l095,13,50,50,0.74
CHEMBL335,35603,5,0.3,4.0,chemdep_cal,13,50,50,0.74
CHEMBL335,35603,5,0.3,4.0,xgb_pairwise_cap1,11,50,50,0.78
CHEMBL335,35603,5,0.3,4.0,score_cap1,12,50,50,0.76
CHEMBL335,35603,5,0.3,4.0,mmr_cap1_l095,12,50,50,0.76
CHEMBL335,35603,5,0.3,6.0,chemdep_cal,13,50,50,0.74
CHEMBL335,35603,5,0.3,6.0,xgb_pairwise_cap1,11,50,50,0.78
CHEMBL335,35603,5,0.3,6.0,score_cap1,12,50,50,0.76
CHEMBL335,35603,5,0.3,6.0,mmr_cap1_l095,12,50,50,0.76
CHEMBL335,35603,6,0.2,4.0,chemdep_cal,12,50,50,0.76
CHEMBL335,35603,6,0.2,4.0,xgb_pairwise_cap1,10,50,50,0.8
CHEMBL335,35603,6,0.2,4.0,score_cap1,14,50,50,0.72
CHEMBL335,35603,6,0.2,4.0,mmr_cap1_l095,14,50,50,0.72
CHEMBL335,35603,6,0.2,6.0,chemdep_cal,12,50,50,0.76
CHEMBL335,35603,6,0.2,6.0,xgb_pairwise_cap1,10,50,50,0.8
CHEMBL335,35603,6,0.2,6.0,score_cap1,14,50,50,0.72
CHEMBL335,35603,6,0.2,6.0,mmr_cap1_l095,14,50,50,0.72
CHEMBL335,35603,6,0.3,4.0,chemdep_cal,12,50,50,0.76
CHEMBL335,35603,6,0.3,4.0,xgb_pairwise_cap1,10,50,50,0.8
CHEMBL335,35603,6,0.3,4.0,score_cap1,14,50,50,0.72
CHEMBL335,35603,6,0.3,4.0,mmr_cap1_l095,14,50,50,0.72
CHEMBL335,35603,6,0.3,6.0,chemdep_cal,11,50,50,0.78
CHEMBL335,35603,6,0.3,6.0,xgb_pairwise_cap1,10,50,50,0.8
CHEMBL335,35603,6,0.3,6.0,score_cap1,14,50,50,0.72
CHEMBL335,35603,6,0.3,6.0,mmr_cap1_l095,14,50,50,0.72
CHEMBL335,35603,7,0.2,4.0,chemdep_cal,12,50,50,0.76
CHEMBL335,35603,7,0.2,4.0,xgb_pairwise_cap1,10,50,50,0.8
CHEMBL335,35603,7,0.2,4.0,score_cap1,14,50,50,0.72
CHEMBL335,35603,7,0.2,4.0,mmr_cap1_l095,14,50,50,0.72
CHEMBL335,35603,7,0.2,6.0,chemdep_cal,12,50,50,0.76
CHEMBL335,35603,7,0.2,6.0,xgb_pairwise_cap1,10,50,50,0.8
CHEMBL335,35603,7,0.2,6.0,score_cap1,14,50,50,0.72
CHEMBL335,35603,7,0.2,6.0,mmr_cap1_l095,14,50,50,0.72
CHEMBL335,35603,7,0.3,4.0,chemdep_cal,12,50,50,0.76
CHEMBL335,35603,7,0.3,4.0,xgb_pairwise_cap1,10,50,50,0.8
CHEMBL335,35603,7,0.3,4.0,score_cap1,14,50,50,0.72
CHEMBL335,35603,7,0.3,4.0,mmr_cap1_l095,14,50,50,0.72
CHEMBL335,35603,7,0.3,6.0,chemdep_cal,11,50,50,0.78
CHEMBL335,35603,7,0.3,6.0,xgb_pairwise_cap1,10,50,50,0.8
CHEMBL335,35603,7,0.3,6.0,score_cap1,14,50,50,0.72
CHEMBL335,35603,7,0.3,6.0,mmr_cap1_l095,14,50,50,0.72
CHEMBL335,35603,8,0.2,4.0,chemdep_cal,12,50,50,0.76
CHEMBL335,35603,8,0.2,4.0,xgb_pairwise_cap1,10,50,50,0.8
CHEMBL335,35603,8,0.2,4.0,score_cap1,13,50,50,0.74
CHEMBL335,35603,8,0.2,4.0,mmr_cap1_l095,13,50,50,0.74
CHEMBL335,35603,8,0.2,6.0,chemdep_cal,13,50,50,0.74
CHEMBL335,35603,8,0.2,6.0,xgb_pairwise_cap1,10,50,50,0.8
CHEMBL335,35603,8,0.2,6.0,score_cap1,13,50,50,0.74
CHEMBL335,35603,8,0.2,6.0,mmr_cap1_l095,13,50,50,0.74
CHEMBL335,35603,8,0.3,4.0,chemdep_cal,12,50,50,0.76
CHEMBL335,35603,8,0.3,4.0,xgb_pairwise_cap1,10,50,50,0.8
CHEMBL335,35603,8,0.3,4.0,score_cap1,14,50,50,0.72
CHEMBL335,35603,8,0.3,4.0,mmr_cap1_l095,14,50,50,0.72
CHEMBL335,35603,8,0.3,6.0,chemdep_cal,11,50,50,0.78
CHEMBL335,35603,8,0.3,6.0,xgb_pairwise_cap1,10,50,50,0.8
CHEMBL335,35603,8,0.3,6.0,score_cap1,14,50,50,0.72
CHEMBL335,35603,8,0.3,6.0,mmr_cap1_l095,14,50,50,0.72
CHEMBL335,35603,9,0.2,4.0,chemdep_cal,12,50,50,0.76
CHEMBL335,35603,9,0.2,4.0,xgb_pairwise_cap1,10,50,50,0.8
CHEMBL335,35603,9,0.2,4.0,score_cap1,13,50,50,0.74
CHEMBL335,35603,9,0.2,4.0,mmr_cap1_l095,13,50,50,0.74
CHEMBL335,35603,9,0.2,6.0,chemdep_cal,13,50,50,0.74
CHEMBL335,35603,9,0.2,6.0,xgb_pairwise_cap1,10,50,50,0.8
CHEMBL335,35603,9,0.2,6.0,score_cap1,13,50,50,0.74
CHEMBL335,35603,9,0.2,6.0,mmr_cap1_l095,13,50,50,0.74
CHEMBL335,35603,9,0.3,4.0,chemdep_cal,12,50,50,0.76
CHEMBL335,35603,9,0.3,4.0,xgb_pairwise_cap1,10,50,50,0.8
CHEMBL335,35603,9,0.3,4.0,score_cap1,13,50,50,0.74
CHEMBL335,35603,9,0.3,4.0,mmr_cap1_l095,13,50,50,0.74
CHEMBL335,35603,9,0.3,6.0,chemdep_cal,12,50,50,0.76
CHEMBL335,35603,9,0.3,6.0,xgb_pairwise_cap1,10,50,50,0.8
CHEMBL335,35603,9,0.3,6.0,score_cap1,13,50,50,0.74
CHEMBL335,35603,9,0.3,6.0,mmr_cap1_l095,13,50,50,0.74
CHEMBL340,35603,0,0.2,4.0,chemdep_cal,12,50,50,0.76
CHEMBL340,35603,0,0.2,4.0,xgb_pairwise_cap1,10,50,50,0.8
CHEMBL340,35603,0,0.2,4.0,score_cap1,12,50,50,0.76
CHEMBL340,35603,0,0.2,4.0,mmr_cap1_l095,11,50,50,0.78
CHEMBL340,35603,0,0.2,6.0,chemdep_cal,12,50,50,0.76
CHEMBL340,35603,0,0.2,6.0,xgb_pairwise_cap1,10,50,50,0.8
CHEMBL340,35603,0,0.2,6.0,score_cap1,12,50,50,0.76
CHEMBL340,35603,0,0.2,6.0,mmr_cap1_l095,10,50,50,0.8
CHEMBL340,35603,0,0.3,4.0,chemdep_cal,11,50,50,0.78
CHEMBL340,35603,0,0.3,4.0,xgb_pairwise_cap1,10,50,50,0.8
CHEMBL340,35603,0,0.3,4.0,score_cap1,12,50,50,0.76
CHEMBL340,35603,0,0.3,4.0,mmr_cap1_l095,11,50,50,0.78
CHEMBL340,35603,0,0.3,6.0,chemdep_cal,11,50,50,0.78
CHEMBL340,35603,0,0.3,6.0,xgb_pairwise_cap1,10,50,50,0.8
CHEMBL340,35603,0,0.3,6.0,score_cap1,12,50,50,0.76
CHEMBL340,35603,0,0.3,6.0,mmr_cap1_l095,10,50,50,0.8
CHEMBL340,35603,1,0.2,4.0,chemdep_cal,11,50,50,0.78
CHEMBL340,35603,1,0.2,4.0,xgb_pairwise_cap1,10,50,50,0.8
CHEMBL340,35603,1,0.2,4.0,score_cap1,11,50,50,0.78
CHEMBL340,35603,1,0.2,4.0,mmr_cap1_l095,10,50,50,0.8
CHEMBL340,35603,1,0.2,6.0,chemdep_cal,11,50,50,0.78
CHEMBL340,35603,1,0.2,6.0,xgb_pairwise_cap1,10,50,50,0.8
CHEMBL340,35603,1,0.2,6.0,score_cap1,11,50,50,0.78
CHEMBL340,35603,1,0.2,6.0,mmr_cap1_l095,10,50,50,0.8
CHEMBL340,35603,1,0.3,4.0,chemdep_cal,11,50,50,0.78
CHEMBL340,35603,1,0.3,4.0,xgb_pairwise_cap1,10,50,50,0.8
CHEMBL340,35603,1,0.3,4.0,score_cap1,12,50,50,0.76
CHEMBL340,35603,1,0.3,4.0,mmr_cap1_l095,11,50,50,0.78
CHEMBL340,35603,1,0.3,6.0,chemdep_cal,11,50,50,0.78
CHEMBL340,35603,1,0.3,6.0,xgb_pairwise_cap1,10,50,50,0.8
CHEMBL340,35603,1,0.3,6.0,score_cap1,11,50,50,0.78
CHEMBL340,35603,1,0.3,6.0,mmr_cap1_l095,11,50,50,0.78
CHEMBL340,35603,2,0.2,4.0,chemdep_cal,12,50,50,0.76
CHEMBL340,35603,2,0.2,4.0,xgb_pairwise_cap1,10,50,50,0.8
CHEMBL340,35603,2,0.2,4.0,score_cap1,12,50,50,0.76
CHEMBL340,35603,2,0.2,4.0,mmr_cap1_l095,11,50,50,0.78
CHEMBL340,35603,2,0.2,6.0,chemdep_cal,12,50,50,0.76
CHEMBL340,35603,2,0.2,6.0,xgb_pairwise_cap1,10,50,50,0.8
CHEMBL340,35603,2,0.2,6.0,score_cap1,12,50,50,0.76
CHEMBL340,35603,2,0.2,6.0,mmr_cap1_l095,11,50,50,0.78
CHEMBL340,35603,2,0.3,4.0,chemdep_cal,11,50,50,0.78
CHEMBL340,35603,2,0.3,4.0,xgb_pairwise_cap1,10,50,50,0.8
CHEMBL340,35603,2,0.3,4.0,score_cap1,11,50,50,0.78
CHEMBL340,35603,2,0.3,4.0,mmr_cap1_l095,9,50,50,0.82
CHEMBL340,35603,2,0.3,6.0,chemdep_cal,11,50,50,0.78
CHEMBL340,35603,2,0.3,6.0,xgb_pairwise_cap1,10,50,50,0.8
CHEMBL340,35603,2,0.3,6.0,score_cap1,11,50,50,0.78
CHEMBL340,35603,2,0.3,6.0,mmr_cap1_l095,9,50,50,0.82
CHEMBL340,35603,3,0.2,4.0,chemdep_cal,11,50,50,0.78
CHEMBL340,35603,3,0.2,4.0,xgb_pairwise_cap1,10,50,50,0.8
CHEMBL340,35603,3,0.2,4.0,score_cap1,12,50,50,0.76
CHEMBL340,35603,3,0.2,4.0,mmr_cap1_l095,11,50,50,0.78
CHEMBL340,35603,3,0.2,6.0,chemdep_cal,11,50,50,0.78
CHEMBL340,35603,3,0.2,6.0,xgb_pairwise_cap1,10,50,50,0.8
CHEMBL340,35603,3,0.2,6.0,score_cap1,12,50,50,0.76
CHEMBL340,35603,3,0.2,6.0,mmr_cap1_l095,11,50,50,0.78
CHEMBL340,35603,3,0.3,4.0,chemdep_cal,11,50,50,0.78
CHEMBL340,35603,3,0.3,4.0,xgb_pairwise_cap1,10,50,50,0.8
CHEMBL340,35603,3,0.3,4.0,score_cap1,11,50,50,0.78
CHEMBL340,35603,3,0.3,4.0,mmr_cap1_l095,11,50,50,0.78
CHEMBL340,35603,3,0.3,6.0,chemdep_cal,11,50,50,0.78
CHEMBL340,35603,3,0.3,6.0,xgb_pairwise_cap1,10,50,50,0.8
CHEMBL340,35603,3,0.3,6.0,score_cap1,11,50,50,0.78
CHEMBL340,35603,3,0.3,6.0,mmr_cap1_l095,11,50,50,0.78
CHEMBL340,35603,4,0.2,4.0,chemdep_cal,12,50,50,0.76
CHEMBL340,35603,4,0.2,4.0,xgb_pairwise_cap1,10,50,50,0.8
CHEMBL340,35603,4,0.2,4.0,score_cap1,12,50,50,0.76
CHEMBL340,35603,4,0.2,4.0,mmr_cap1_l095,11,50,50,0.78
CHEMBL340,35603,4,0.2,6.0,chemdep_cal,12,50,50,0.76
CHEMBL340,35603,4,0.2,6.0,xgb_pairwise_cap1,10,50,50,0.8
CHEMBL340,35603,4,0.2,6.0,score_cap1,12,50,50,0.76
CHEMBL340,35603,4,0.2,6.0,mmr_cap1_l095,11,50,50,0.78
CHEMBL340,35603,4,0.3,4.0,chemdep_cal,11,50,50,0.78
CHEMBL340,35603,4,0.3,4.0,xgb_pairwise_cap1,10,50,50,0.8
CHEMBL340,35603,4,0.3,4.0,score_cap1,11,50,50,0.78
CHEMBL340,35603,4,0.3,4.0,mmr_cap1_l095,10,50,50,0.8
CHEMBL340,35603,4,0.3,6.0,chemdep_cal,11,50,50,0.78
CHEMBL340,35603,4,0.3,6.0,xgb_pairwise_cap1,10,50,50,0.8
CHEMBL340,35603,4,0.3,6.0,score_cap1,11,50,50,0.78
CHEMBL340,35603,4,0.3,6.0,mmr_cap1_l095,10,50,50,0.8
CHEMBL340,35603,5,0.2,4.0,chemdep_cal,12,50,50,0.76
CHEMBL340,35603,5,0.2,4.0,xgb_pairwise_cap1,10,50,50,0.8
CHEMBL340,35603,5,0.2,4.0,score_cap1,12,50,50,0.76
CHEMBL340,35603,5,0.2,4.0,mmr_cap1_l095,10,50,50,0.8
CHEMBL340,35603,5,0.2,6.0,chemdep_cal,12,50,50,0.76
CHEMBL340,35603,5,0.2,6.0,xgb_pairwise_cap1,10,50,50,0.8
CHEMBL340,35603,5,0.2,6.0,score_cap1,12,50,50,0.76
CHEMBL340,35603,5,0.2,6.0,mmr_cap1_l095,10,50,50,0.8
CHEMBL340,35603,5,0.3,4.0,chemdep_cal,11,50,50,0.78
CHEMBL340,35603,5,0.3,4.0,xgb_pairwise_cap1,10,50,50,0.8
CHEMBL340,35603,5,0.3,4.0,score_cap1,12,50,50,0.76
CHEMBL340,35603,5,0.3,4.0,mmr_cap1_l095,11,50,50,0.78
CHEMBL340,35603,5,0.3,6.0,chemdep_cal,11,50,50,0.78
CHEMBL340,35603,5,0.3,6.0,xgb_pairwise_cap1,10,50,50,0.8
CHEMBL340,35603,5,0.3,6.0,score_cap1,12,50,50,0.76
CHEMBL340,35603,5,0.3,6.0,mmr_cap1_l095,11,50,50,0.78
CHEMBL340,35603,6,0.2,4.0,chemdep_cal,11,50,50,0.78
CHEMBL340,35603,6,0.2,4.0,xgb_pairwise_cap1,10,50,50,0.8
CHEMBL340,35603,6,0.2,4.0,score_cap1,12,50,50,0.76
CHEMBL340,35603,6,0.2,4.0,mmr_cap1_l095,10,50,50,0.8
CHEMBL340,35603,6,0.2,6.0,chemdep_cal,11,50,50,0.78
CHEMBL340,35603,6,0.2,6.0,xgb_pairwise_cap1,10,50,50,0.8
CHEMBL340,35603,6,0.2,6.0,score_cap1,12,50,50,0.76
CHEMBL340,35603,6,0.2,6.0,mmr_cap1_l095,10,50,50,0.8
CHEMBL340,35603,6,0.3,4.0,chemdep_cal,12,50,50,0.76
CHEMBL340,35603,6,0.3,4.0,xgb_pairwise_cap1,10,50,50,0.8
CHEMBL340,35603,6,0.3,4.0,score_cap1,12,50,50,0.76
CHEMBL340,35603,6,0.3,4.0,mmr_cap1_l095,10,50,50,0.8
CHEMBL340,35603,6,0.3,6.0,chemdep_cal,11,50,50,0.78
CHEMBL340,35603,6,0.3,6.0,xgb_pairwise_cap1,10,50,50,0.8
CHEMBL340,35603,6,0.3,6.0,score_cap1,12,50,50,0.76
CHEMBL340,35603,6,0.3,6.0,mmr_cap1_l095,10,50,50,0.8
CHEMBL340,35603,7,0.2,4.0,chemdep_cal,11,50,50,0.78
CHEMBL340,35603,7,0.2,4.0,xgb_pairwise_cap1,10,50,50,0.8
CHEMBL340,35603,7,0.2,4.0,score_cap1,11,50,50,0.78
CHEMBL340,35603,7,0.2,4.0,mmr_cap1_l095,10,50,50,0.8
CHEMBL340,35603,7,0.2,6.0,chemdep_cal,11,50,50,0.78
CHEMBL340,35603,7,0.2,6.0,xgb_pairwise_cap1,10,50,50,0.8
CHEMBL340,35603,7,0.2,6.0,score_cap1,11,50,50,0.78
CHEMBL340,35603,7,0.2,6.0,mmr_cap1_l095,10,50,50,0.8
CHEMBL340,35603,7,0.3,4.0,chemdep_cal,11,50,50,0.78
CHEMBL340,35603,7,0.3,4.0,xgb_pairwise_cap1,10,50,50,0.8
CHEMBL340,35603,7,0.3,4.0,score_cap1,12,50,50,0.76
CHEMBL340,35603,7,0.3,4.0,mmr_cap1_l095,11,50,50,0.78
CHEMBL340,35603,7,0.3,6.0,chemdep_cal,11,50,50,0.78
CHEMBL340,35603,7,0.3,6.0,xgb_pairwise_cap1,10,50,50,0.8
CHEMBL340,35603,7,0.3,6.0,score_cap1,12,50,50,0.76
CHEMBL340,35603,7,0.3,6.0,mmr_cap1_l095,11,50,50,0.78
CHEMBL340,35603,8,0.2,4.0,chemdep_cal,12,50,50,0.76
CHEMBL340,35603,8,0.2,4.0,xgb_pairwise_cap1,10,50,50,0.8
CHEMBL340,35603,8,0.2,4.0,score_cap1,12,50,50,0.76
CHEMBL340,35603,8,0.2,4.0,mmr_cap1_l095,11,50,50,0.78
CHEMBL340,35603,8,0.2,6.0,chemdep_cal,12,50,50,0.76
CHEMBL340,35603,8,0.2,6.0,xgb_pairwise_cap1,10,50,50,0.8
CHEMBL340,35603,8,0.2,6.0,score_cap1,12,50,50,0.76
CHEMBL340,35603,8,0.2,6.0,mmr_cap1_l095,11,50,50,0.78
CHEMBL340,35603,8,0.3,4.0,chemdep_cal,10,50,50,0.8
CHEMBL340,35603,8,0.3,4.0,xgb_pairwise_cap1,10,50,50,0.8
CHEMBL340,35603,8,0.3,4.0,score_cap1,11,50,50,0.78
CHEMBL340,35603,8,0.3,4.0,mmr_cap1_l095,10,50,50,0.8
CHEMBL340,35603,8,0.3,6.0,chemdep_cal,10,50,50,0.8
CHEMBL340,35603,8,0.3,6.0,xgb_pairwise_cap1,10,50,50,0.8
CHEMBL340,35603,8,0.3,6.0,score_cap1,11,50,50,0.78
CHEMBL340,35603,8,0.3,6.0,mmr_cap1_l095,9,50,50,0.82
CHEMBL340,35603,9,0.2,4.0,chemdep_cal,12,50,50,0.76
CHEMBL340,35603,9,0.2,4.0,xgb_pairwise_cap1,10,50,50,0.8
CHEMBL340,35603,9,0.2,4.0,score_cap1,12,50,50,0.76
CHEMBL340,35603,9,0.2,4.0,mmr_cap1_l095,11,50,50,0.78
CHEMBL340,35603,9,0.2,6.0,chemdep_cal,12,50,50,0.76
CHEMBL340,35603,9,0.2,6.0,xgb_pairwise_cap1,10,50,50,0.8
CHEMBL340,35603,9,0.2,6.0,score_cap1,12,50,50,0.76
CHEMBL340,35603,9,0.2,6.0,mmr_cap1_l095,11,50,50,0.78
CHEMBL340,35603,9,0.3,4.0,chemdep_cal,11,50,50,0.78
CHEMBL340,35603,9,0.3,4.0,xgb_pairwise_cap1,10,50,50,0.8
CHEMBL340,35603,9,0.3,4.0,score_cap1,12,50,50,0.76
CHEMBL340,35603,9,0.3,4.0,mmr_cap1_l095,11,50,50,0.78
CHEMBL340,35603,9,0.3,6.0,chemdep_cal,11,50,50,0.78
CHEMBL340,35603,9,0.3,6.0,xgb_pairwise_cap1,10,50,50,0.8
CHEMBL340,35603,9,0.3,6.0,score_cap1,12,50,50,0.76
CHEMBL340,35603,9,0.3,6.0,mmr_cap1_l095,11,50,50,0.78
CHEMBL344,35603,0,0.2,4.0,chemdep_cal,49,50,50,0.02
CHEMBL344,35603,0,0.2,4.0,xgb_pairwise_cap1,48,50,50,0.04
CHEMBL344,35603,0,0.2,4.0,score_cap1,49,50,50,0.02
CHEMBL344,35603,0,0.2,4.0,mmr_cap1_l095,47,50,50,0.06
CHEMBL344,35603,0,0.2,6.0,chemdep_cal,48,50,50,0.04
CHEMBL344,35603,0,0.2,6.0,xgb_pairwise_cap1,48,50,50,0.04
CHEMBL344,35603,0,0.2,6.0,score_cap1,48,50,50,0.04
CHEMBL344,35603,0,0.2,6.0,mmr_cap1_l095,46,50,50,0.08
CHEMBL344,35603,0,0.3,4.0,chemdep_cal,49,50,50,0.02
CHEMBL344,35603,0,0.3,4.0,xgb_pairwise_cap1,48,50,50,0.04
CHEMBL344,35603,0,0.3,4.0,score_cap1,48,50,50,0.04
CHEMBL344,35603,0,0.3,4.0,mmr_cap1_l095,46,50,50,0.08
CHEMBL344,35603,0,0.3,6.0,chemdep_cal,48,50,50,0.04
CHEMBL344,35603,0,0.3,6.0,xgb_pairwise_cap1,48,50,50,0.04
CHEMBL344,35603,0,0.3,6.0,score_cap1,48,50,50,0.04
CHEMBL344,35603,0,0.3,6.0,mmr_cap1_l095,44,50,50,0.12
CHEMBL344,35603,1,0.2,4.0,chemdep_cal,49,50,50,0.02
CHEMBL344,35603,1,0.2,4.0,xgb_pairwise_cap1,48,50,50,0.04
CHEMBL344,35603,1,0.2,4.0,score_cap1,49,50,50,0.02
CHEMBL344,35603,1,0.2,4.0,mmr_cap1_l095,47,50,50,0.06
CHEMBL344,35603,1,0.2,6.0,chemdep_cal,48,50,50,0.04
CHEMBL344,35603,1,0.2,6.0,xgb_pairwise_cap1,48,50,50,0.04
CHEMBL344,35603,1,0.2,6.0,score_cap1,49,50,50,0.02
CHEMBL344,35603,1,0.2,6.0,mmr_cap1_l095,46,50,50,0.08
CHEMBL344,35603,1,0.3,4.0,chemdep_cal,49,50,50,0.02
CHEMBL344,35603,1,0.3,4.0,xgb_pairwise_cap1,48,50,50,0.04
CHEMBL344,35603,1,0.3,4.0,score_cap1,48,50,50,0.04
CHEMBL344,35603,1,0.3,4.0,mmr_cap1_l095,46,50,50,0.08
CHEMBL344,35603,1,0.3,6.0,chemdep_cal,48,50,50,0.04
CHEMBL344,35603,1,0.3,6.0,xgb_pairwise_cap1,48,50,50,0.04
CHEMBL344,35603,1,0.3,6.0,score_cap1,47,50,50,0.06
CHEMBL344,35603,1,0.3,6.0,mmr_cap1_l095,45,50,50,0.1
CHEMBL344,35603,2,0.2,4.0,chemdep_cal,49,50,50,0.02
CHEMBL344,35603,2,0.2,4.0,xgb_pairwise_cap1,48,50,50,0.04
CHEMBL344,35603,2,0.2,4.0,score_cap1,49,50,50,0.02
CHEMBL344,35603,2,0.2,4.0,mmr_cap1_l095,47,50,50,0.06
CHEMBL344,35603,2,0.2,6.0,chemdep_cal,48,50,50,0.04
CHEMBL344,35603,2,0.2,6.0,xgb_pairwise_cap1,48,50,50,0.04
CHEMBL344,35603,2,0.2,6.0,score_cap1,49,50,50,0.02
CHEMBL344,35603,2,0.2,6.0,mmr_cap1_l095,45,50,50,0.1
CHEMBL344,35603,2,0.3,4.0,chemdep_cal,49,50,50,0.02
CHEMBL344,35603,2,0.3,4.0,xgb_pairwise_cap1,48,50,50,0.04
CHEMBL344,35603,2,0.3,4.0,score_cap1,48,50,50,0.04
CHEMBL344,35603,2,0.3,4.0,mmr_cap1_l095,46,50,50,0.08
CHEMBL344,35603,2,0.3,6.0,chemdep_cal,48,50,50,0.04
CHEMBL344,35603,2,0.3,6.0,xgb_pairwise_cap1,48,50,50,0.04
CHEMBL344,35603,2,0.3,6.0,score_cap1,48,50,50,0.04
CHEMBL344,35603,2,0.3,6.0,mmr_cap1_l095,45,50,50,0.1
CHEMBL344,35603,3,0.2,4.0,chemdep_cal,49,50,50,0.02
CHEMBL344,35603,3,0.2,4.0,xgb_pairwise_cap1,48,50,50,0.04
CHEMBL344,35603,3,0.2,4.0,score_cap1,49,50,50,0.02
CHEMBL344,35603,3,0.2,4.0,mmr_cap1_l095,47,50,50,0.06
CHEMBL344,35603,3,0.2,6.0,chemdep_cal,48,50,50,0.04
CHEMBL344,35603,3,0.2,6.0,xgb_pairwise_cap1,48,50,50,0.04
CHEMBL344,35603,3,0.2,6.0,score_cap1,48,50,50,0.04
CHEMBL344,35603,3,0.2,6.0,mmr_cap1_l095,45,50,50,0.1
CHEMBL344,35603,3,0.3,4.0,chemdep_cal,49,50,50,0.02
CHEMBL344,35603,3,0.3,4.0,xgb_pairwise_cap1,47,50,50,0.06
CHEMBL344,35603,3,0.3,4.0,score_cap1,47,50,50,0.06
CHEMBL344,35603,3,0.3,4.0,mmr_cap1_l095,45,50,50,0.1
CHEMBL344,35603,3,0.3,6.0,chemdep_cal,49,50,50,0.02
CHEMBL344,35603,3,0.3,6.0,xgb_pairwise_cap1,47,50,50,0.06
CHEMBL344,35603,3,0.3,6.0,score_cap1,47,50,50,0.06
CHEMBL344,35603,3,0.3,6.0,mmr_cap1_l095,44,50,50,0.12
CHEMBL344,35603,4,0.2,4.0,chemdep_cal,49,50,50,0.02
CHEMBL344,35603,4,0.2,4.0,xgb_pairwise_cap1,48,50,50,0.04
CHEMBL344,35603,4,0.2,4.0,score_cap1,48,50,50,0.04
CHEMBL344,35603,4,0.2,4.0,mmr_cap1_l095,46,50,50,0.08
CHEMBL344,35603,4,0.2,6.0,chemdep_cal,49,50,50,0.02
CHEMBL344,35603,4,0.2,6.0,xgb_pairwise_cap1,48,50,50,0.04
CHEMBL344,35603,4,0.2,6.0,score_cap1,48,50,50,0.04
CHEMBL344,35603,4,0.2,6.0,mmr_cap1_l095,45,50,50,0.1
CHEMBL344,35603,4,0.3,4.0,chemdep_cal,49,50,50,0.02
CHEMBL344,35603,4,0.3,4.0,xgb_pairwise_cap1,48,50,50,0.04
CHEMBL344,35603,4,0.3,4.0,score_cap1,48,50,50,0.04
CHEMBL344,35603,4,0.3,4.0,mmr_cap1_l095,46,50,50,0.08
CHEMBL344,35603,4,0.3,6.0,chemdep_cal,48,50,50,0.04
CHEMBL344,35603,4,0.3,6.0,xgb_pairwise_cap1,48,50,50,0.04
CHEMBL344,35603,4,0.3,6.0,score_cap1,48,50,50,0.04
CHEMBL344,35603,4,0.3,6.0,mmr_cap1_l095,45,50,50,0.1
CHEMBL344,35603,5,0.2,4.0,chemdep_cal,49,50,50,0.02
CHEMBL344,35603,5,0.2,4.0,xgb_pairwise_cap1,48,50,50,0.04
CHEMBL344,35603,5,0.2,4.0,score_cap1,49,50,50,0.02
CHEMBL344,35603,5,0.2,4.0,mmr_cap1_l095,47,50,50,0.06
CHEMBL344,35603,5,0.2,6.0,chemdep_cal,48,50,50,0.04
CHEMBL344,35603,5,0.2,6.0,xgb_pairwise_cap1,48,50,50,0.04
CHEMBL344,35603,5,0.2,6.0,score_cap1,48,50,50,0.04
CHEMBL344,35603,5,0.2,6.0,mmr_cap1_l095,45,50,50,0.1
CHEMBL344,35603,5,0.3,4.0,chemdep_cal,49,50,50,0.02
CHEMBL344,35603,5,0.3,4.0,xgb_pairwise_cap1,47,50,50,0.06
CHEMBL344,35603,5,0.3,4.0,score_cap1,48,50,50,0.04
CHEMBL344,35603,5,0.3,4.0,mmr_cap1_l095,46,50,50,0.08
CHEMBL344,35603,5,0.3,6.0,chemdep_cal,48,50,50,0.04
CHEMBL344,35603,5,0.3,6.0,xgb_pairwise_cap1,47,50,50,0.06
CHEMBL344,35603,5,0.3,6.0,score_cap1,48,50,50,0.04
CHEMBL344,35603,5,0.3,6.0,mmr_cap1_l095,44,50,50,0.12
CHEMBL344,35603,6,0.2,4.0,chemdep_cal,49,50,50,0.02
CHEMBL344,35603,6,0.2,4.0,xgb_pairwise_cap1,47,50,50,0.06
CHEMBL344,35603,6,0.2,4.0,score_cap1,48,50,50,0.04
CHEMBL344,35603,6,0.2,4.0,mmr_cap1_l095,46,50,50,0.08
CHEMBL344,35603,6,0.2,6.0,chemdep_cal,49,50,50,0.02
CHEMBL344,35603,6,0.2,6.0,xgb_pairwise_cap1,47,50,50,0.06
CHEMBL344,35603,6,0.2,6.0,score_cap1,48,50,50,0.04
CHEMBL344,35603,6,0.2,6.0,mmr_cap1_l095,45,50,50,0.1
CHEMBL344,35603,6,0.3,4.0,chemdep_cal,49,50,50,0.02
CHEMBL344,35603,6,0.3,4.0,xgb_pairwise_cap1,48,50,50,0.04
CHEMBL344,35603,6,0.3,4.0,score_cap1,48,50,50,0.04
CHEMBL344,35603,6,0.3,4.0,mmr_cap1_l095,46,50,50,0.08
CHEMBL344,35603,6,0.3,6.0,chemdep_cal,48,50,50,0.04
CHEMBL344,35603,6,0.3,6.0,xgb_pairwise_cap1,48,50,50,0.04
CHEMBL344,35603,6,0.3,6.0,score_cap1,48,50,50,0.04
CHEMBL344,35603,6,0.3,6.0,mmr_cap1_l095,44,50,50,0.12
CHEMBL344,35603,7,0.2,4.0,chemdep_cal,49,50,50,0.02
CHEMBL344,35603,7,0.2,4.0,xgb_pairwise_cap1,48,50,50,0.04
CHEMBL344,35603,7,0.2,4.0,score_cap1,48,50,50,0.04
CHEMBL344,35603,7,0.2,4.0,mmr_cap1_l095,46,50,50,0.08
CHEMBL344,35603,7,0.2,6.0,chemdep_cal,49,50,50,0.02
CHEMBL344,35603,7,0.2,6.0,xgb_pairwise_cap1,48,50,50,0.04
CHEMBL344,35603,7,0.2,6.0,score_cap1,48,50,50,0.04
CHEMBL344,35603,7,0.2,6.0,mmr_cap1_l095,46,50,50,0.08
CHEMBL344,35603,7,0.3,4.0,chemdep_cal,49,50,50,0.02
CHEMBL344,35603,7,0.3,4.0,xgb_pairwise_cap1,47,50,50,0.06
CHEMBL344,35603,7,0.3,4.0,score_cap1,47,50,50,0.06
CHEMBL344,35603,7,0.3,4.0,mmr_cap1_l095,45,50,50,0.1
CHEMBL344,35603,7,0.3,6.0,chemdep_cal,49,50,50,0.02
CHEMBL344,35603,7,0.3,6.0,xgb_pairwise_cap1,47,50,50,0.06
CHEMBL344,35603,7,0.3,6.0,score_cap1,47,50,50,0.06
CHEMBL344,35603,7,0.3,6.0,mmr_cap1_l095,44,50,50,0.12
CHEMBL344,35603,8,0.2,4.0,chemdep_cal,49,50,50,0.02
CHEMBL344,35603,8,0.2,4.0,xgb_pairwise_cap1,48,50,50,0.04
CHEMBL344,35603,8,0.2,4.0,score_cap1,48,50,50,0.04
CHEMBL344,35603,8,0.2,4.0,mmr_cap1_l095,46,50,50,0.08
CHEMBL344,35603,8,0.2,6.0,chemdep_cal,49,50,50,0.02
CHEMBL344,35603,8,0.2,6.0,xgb_pairwise_cap1,48,50,50,0.04
CHEMBL344,35603,8,0.2,6.0,score_cap1,48,50,50,0.04
CHEMBL344,35603,8,0.2,6.0,mmr_cap1_l095,45,50,50,0.1
CHEMBL344,35603,8,0.3,4.0,chemdep_cal,49,50,50,0.02
CHEMBL344,35603,8,0.3,4.0,xgb_pairwise_cap1,48,50,50,0.04
CHEMBL344,35603,8,0.3,4.0,score_cap1,48,50,50,0.04
CHEMBL344,35603,8,0.3,4.0,mmr_cap1_l095,46,50,50,0.08
CHEMBL344,35603,8,0.3,6.0,chemdep_cal,48,50,50,0.04
CHEMBL344,35603,8,0.3,6.0,xgb_pairwise_cap1,48,50,50,0.04
CHEMBL344,35603,8,0.3,6.0,score_cap1,47,50,50,0.06
CHEMBL344,35603,8,0.3,6.0,mmr_cap1_l095,44,50,50,0.12
CHEMBL344,35603,9,0.2,4.0,chemdep_cal,49,50,50,0.02
CHEMBL344,35603,9,0.2,4.0,xgb_pairwise_cap1,48,50,50,0.04
CHEMBL344,35603,9,0.2,4.0,score_cap1,49,50,50,0.02
CHEMBL344,35603,9,0.2,4.0,mmr_cap1_l095,47,50,50,0.06
CHEMBL344,35603,9,0.2,6.0,chemdep_cal,48,50,50,0.04
CHEMBL344,35603,9,0.2,6.0,xgb_pairwise_cap1,48,50,50,0.04
CHEMBL344,35603,9,0.2,6.0,score_cap1,49,50,50,0.02
CHEMBL344,35603,9,0.2,6.0,mmr_cap1_l095,45,50,50,0.1
CHEMBL344,35603,9,0.3,4.0,chemdep_cal,49,50,50,0.02
CHEMBL344,35603,9,0.3,4.0,xgb_pairwise_cap1,48,50,50,0.04
CHEMBL344,35603,9,0.3,4.0,score_cap1,47,50,50,0.06
CHEMBL344,35603,9,0.3,4.0,mmr_cap1_l095,45,50,50,0.1
CHEMBL344,35603,9,0.3,6.0,chemdep_cal,49,50,50,0.02
CHEMBL344,35603,9,0.3,6.0,xgb_pairwise_cap1,48,50,50,0.04
CHEMBL344,35603,9,0.3,6.0,score_cap1,47,50,50,0.06
CHEMBL344,35603,9,0.3,6.0,mmr_cap1_l095,45,50,50,0.1
