task,seed,method,hits,test_n,test_pos,quality_dimensions
GPCR,1,multifp_rf_replay,39,298,148,0
GPCR,1,multifp_catboost,35,298,148,0
GPCR,2,multifp_rf_replay,36,304,147,0
GPCR,2,multifp_catboost,39,304,147,0
GPCR,3,multifp_rf_replay,42,310,156,0
GPCR,3,multifp_catboost,40,310,156,0
GPCR,4,multifp_rf_replay,39,360,174,0
GPCR,4,multifp_catboost,40,360,174,0
GPCR,5,multifp_rf_replay,41,300,152,0
GPCR,5,multifp_catboost,36,300,152,0
GPCR_2,1,multifp_rf_replay,19,208,38,0
GPCR_2,1,multifp_catboost,22,208,38,0
GPCR_2,2,multifp_rf_replay,19,208,33,0
GPCR_2,2,multifp_catboost,18,208,33,0
GPCR_2,3,multifp_rf_replay,18,204,39,0
GPCR_2,3,multifp_catboost,19,204,39,0
GPCR_2,4,multifp_rf_replay,18,222,42,0
GPCR_2,4,multifp_catboost,16,222,42,0
GPCR_2,5,multifp_rf_replay,19,206,35,0
GPCR_2,5,multifp_catboost,20,206,35,0
channel_atp,1,multifp_rf_replay,47,195,108,0
channel_atp,1,multifp_catboost,42,195,108,0
channel_atp,2,multifp_rf_replay,38,187,89,0
channel_atp,2,multifp_catboost,38,187,89,0
channel_atp,3,multifp_rf_replay,43,198,116,0
channel_atp,3,multifp_catboost,42,198,116,0
channel_atp,4,multifp_rf_replay,39,188,90,0
channel_atp,4,multifp_catboost,42,188,90,0
channel_atp,5,multifp_rf_replay,37,193,104,0
channel_atp,5,multifp_catboost,37,193,104,0
cysteine_protease,1,multifp_rf_replay,29,142,55,0
cysteine_protease,1,multifp_catboost,26,142,55,0
cysteine_protease,2,multifp_rf_replay,32,137,54,0
cysteine_protease,2,multifp_catboost,33,137,54,0
cysteine_protease,3,multifp_rf_replay,32,121,52,0
cysteine_protease,3,multifp_catboost,30,121,52,0
cysteine_protease,4,multifp_rf_replay,35,127,47,0
cysteine_protease,4,multifp_catboost,32,127,47,0
cysteine_protease,5,multifp_rf_replay,33,131,56,0
cysteine_protease,5,multifp_catboost,35,131,56,0
dna_repair,1,multifp_rf_replay,41,139,80,0
dna_repair,1,multifp_catboost,42,139,80,0
dna_repair,2,multifp_rf_replay,40,133,92,0
dna_repair,2,multifp_catboost,36,133,92,0
dna_repair,3,multifp_rf_replay,35,130,76,0
dna_repair,3,multifp_catboost,35,130,76,0
dna_repair,4,multifp_rf_replay,38,136,84,0
dna_repair,4,multifp_catboost,41,136,84,0
dna_repair,5,multifp_rf_replay,35,148,100,0
dna_repair,5,multifp_catboost,38,148,100,0
hsf1,1,multifp_rf_replay,26,285,72,0
hsf1,1,multifp_catboost,28,285,72,0
hsf1,2,multifp_rf_replay,26,272,75,0
hsf1,2,multifp_catboost,26,272,75,0
hsf1,3,multifp_rf_replay,30,270,75,0
hsf1,3,multifp_catboost,26,270,75,0
hsf1,4,multifp_rf_replay,25,275,72,0
hsf1,4,multifp_catboost,28,275,72,0
hsf1,5,multifp_rf_replay,28,269,64,0
hsf1,5,multifp_catboost,25,269,64,0
methylation,1,multifp_rf_replay,23,219,34,0
methylation,1,multifp_catboost,24,219,34,0
methylation,2,multifp_rf_replay,27,216,42,0
methylation,2,multifp_catboost,28,216,42,0
methylation,3,multifp_rf_replay,23,232,37,0
methylation,3,multifp_catboost,22,232,37,0
methylation,4,multifp_rf_replay,23,234,41,0
methylation,4,multifp_catboost,22,234,41,0
methylation,5,multifp_rf_replay,27,222,43,0
methylation,5,multifp_catboost,28,222,43,0
serine,1,multifp_rf_replay,7,255,20,0
serine,1,multifp_catboost,5,255,20,0
serine,2,multifp_rf_replay,8,227,24,0
serine,2,multifp_catboost,8,227,24,0
serine,3,multifp_rf_replay,7,236,13,0
serine,3,multifp_catboost,7,236,13,0
serine,4,multifp_rf_replay,5,252,13,0
serine,4,multifp_catboost,6,252,13,0
serine,5,multifp_rf_replay,5,225,11,0
serine,5,multifp_catboost,5,225,11,0
splicing,1,multifp_rf_replay,49,270,235,0
splicing,1,multifp_catboost,48,270,235,0
splicing,2,multifp_rf_replay,49,343,308,0
splicing,2,multifp_catboost,49,343,308,0
splicing,3,multifp_rf_replay,48,322,281,0
splicing,3,multifp_catboost,48,322,281,0
splicing,4,multifp_rf_replay,47,303,267,0
splicing,4,multifp_catboost,47,303,267,0
splicing,5,multifp_rf_replay,49,329,289,0
splicing,5,multifp_catboost,46,329,289,0
streptokinase,1,multifp_rf_replay,28,484,101,0
streptokinase,1,multifp_catboost,30,484,101,0
streptokinase,2,multifp_rf_replay,34,438,124,0
streptokinase,2,multifp_catboost,30,438,124,0
streptokinase,3,multifp_rf_replay,33,459,104,0
streptokinase,3,multifp_catboost,31,459,104,0
streptokinase,4,multifp_rf_replay,32,444,106,0
streptokinase,4,multifp_catboost,31,444,106,0
streptokinase,5,multifp_rf_replay,28,434,95,0
streptokinase,5,multifp_catboost,28,434,95,0
transcription,1,multifp_rf_replay,43,178,99,0
transcription,1,multifp_catboost,43,178,99,0
transcription,2,multifp_rf_replay,37,166,86,0
transcription,2,multifp_catboost,41,166,86,0
transcription,3,multifp_rf_replay,37,169,82,0
transcription,3,multifp_catboost,39,169,82,0
transcription,4,multifp_rf_replay,33,165,65,0
transcription,4,multifp_catboost,33,165,65,0
transcription,5,multifp_rf_replay,39,166,82,0
transcription,5,multifp_catboost,37,166,82,0
transcription2,1,multifp_rf_replay,18,308,51,0
transcription2,1,multifp_catboost,20,308,51,0
transcription2,2,multifp_rf_replay,20,309,58,0
transcription2,2,multifp_catboost,22,309,58,0
transcription2,3,multifp_rf_replay,19,353,75,0
transcription2,3,multifp_catboost,25,353,75,0
transcription2,4,multifp_rf_replay,25,319,72,0
transcription2,4,multifp_catboost,24,319,72,0
transcription2,5,multifp_rf_replay,16,325,52,0
transcription2,5,multifp_catboost,20,325,52,0
transcription3,1,multifp_rf_replay,29,264,65,0
transcription3,1,multifp_catboost,32,264,65,0
transcription3,2,multifp_rf_replay,24,252,45,0
transcription3,2,multifp_catboost,21,252,45,0
transcription3,3,multifp_rf_replay,29,246,50,0
transcription3,3,multifp_catboost,29,246,50,0
transcription3,4,multifp_rf_replay,24,251,45,0
transcription3,4,multifp_catboost,27,251,45,0
transcription3,5,multifp_rf_replay,29,267,65,0
transcription3,5,multifp_catboost,30,267,65,0
transcription_4,1,multifp_rf_replay,50,289,262,0
transcription_4,1,multifp_catboost,49,289,262,0
transcription_4,2,multifp_rf_replay,50,445,414,0
transcription_4,2,multifp_catboost,48,445,414,0
transcription_4,3,multifp_rf_replay,48,264,241,0
transcription_4,3,multifp_catboost,48,264,241,0
transcription_4,4,multifp_rf_replay,49,340,312,0
transcription_4,4,multifp_catboost,48,340,312,0
transcription_4,5,multifp_rf_replay,50,330,298,0
transcription_4,5,multifp_catboost,50,330,298,0
transcription_5,1,multifp_rf_replay,12,103,15,0
transcription_5,1,multifp_catboost,12,103,15,0
transcription_5,2,multifp_rf_replay,13,80,13,0
transcription_5,2,multifp_catboost,12,80,13,0
transcription_5,3,multifp_rf_replay,15,75,19,0
transcription_5,3,multifp_catboost,15,75,19,0
transcription_5,4,multifp_rf_replay,16,104,22,0
transcription_5,4,multifp_catboost,16,104,22,0
transcription_5,5,multifp_rf_replay,9,74,12,0
transcription_5,5,multifp_catboost,11,74,12,0
zinc_finger,1,multifp_rf_replay,28,149,80,0
zinc_finger,1,multifp_catboost,27,149,80,0
zinc_finger,2,multifp_rf_replay,27,142,67,0
zinc_finger,2,multifp_catboost,26,142,67,0
zinc_finger,3,multifp_rf_replay,31,152,75,0
zinc_finger,3,multifp_catboost,29,152,75,0
zinc_finger,4,multifp_rf_replay,29,152,67,0
zinc_finger,4,multifp_catboost,23,152,67,0
zinc_finger,5,multifp_rf_replay,30,138,66,0
zinc_finger,5,multifp_catboost,31,138,66,0
