target,seed,rep,fraction,boost,rf_weight,chemdep_hits,rf_hits,fusion_hits
CHEMBL222,35502,0,0.2,4.0,0.25,45,46,48
CHEMBL222,35502,0,0.2,4.0,0.5,45,46,48
CHEMBL222,35502,0,0.2,4.0,0.75,45,46,46
CHEMBL222,35502,0,0.2,6.0,0.25,46,46,49
CHEMBL222,35502,0,0.2,6.0,0.5,46,46,48
CHEMBL222,35502,0,0.2,6.0,0.75,46,46,47
CHEMBL222,35502,0,0.3,4.0,0.25,44,45,46
CHEMBL222,35502,0,0.3,4.0,0.5,44,45,46
CHEMBL222,35502,0,0.3,4.0,0.75,44,45,46
CHEMBL222,35502,0,0.3,6.0,0.25,44,45,46
CHEMBL222,35502,0,0.3,6.0,0.5,44,45,46
CHEMBL222,35502,0,0.3,6.0,0.75,44,45,46
CHEMBL222,35502,1,0.2,4.0,0.25,45,45,47
CHEMBL222,35502,1,0.2,4.0,0.5,45,45,46
CHEMBL222,35502,1,0.2,4.0,0.75,45,45,46
CHEMBL222,35502,1,0.2,6.0,0.25,45,45,49
CHEMBL222,35502,1,0.2,6.0,0.5,45,45,49
CHEMBL222,35502,1,0.2,6.0,0.75,45,45,48
CHEMBL222,35502,1,0.3,4.0,0.25,45,46,47
CHEMBL222,35502,1,0.3,4.0,0.5,45,46,47
CHEMBL222,35502,1,0.3,4.0,0.75,45,46,47
CHEMBL222,35502,1,0.3,6.0,0.25,44,46,46
CHEMBL222,35502,1,0.3,6.0,0.5,44,46,47
CHEMBL222,35502,1,0.3,6.0,0.75,44,46,48
CHEMBL222,35502,2,0.2,4.0,0.25,44,45,46
CHEMBL222,35502,2,0.2,4.0,0.5,44,45,46
CHEMBL222,35502,2,0.2,4.0,0.75,44,45,46
CHEMBL222,35502,2,0.2,6.0,0.25,44,45,47
CHEMBL222,35502,2,0.2,6.0,0.5,44,45,47
CHEMBL222,35502,2,0.2,6.0,0.75,44,45,46
CHEMBL222,35502,2,0.3,4.0,0.25,45,45,46
CHEMBL222,35502,2,0.3,4.0,0.5,45,45,45
CHEMBL222,35502,2,0.3,4.0,0.75,45,45,46
CHEMBL222,35502,2,0.3,6.0,0.25,46,45,47
CHEMBL222,35502,2,0.3,6.0,0.5,46,45,46
CHEMBL222,35502,2,0.3,6.0,0.75,46,45,46
CHEMBL222,35502,3,0.2,4.0,0.25,46,46,48
CHEMBL222,35502,3,0.2,4.0,0.5,46,46,47
CHEMBL222,35502,3,0.2,4.0,0.75,46,46,47
CHEMBL222,35502,3,0.2,6.0,0.25,47,46,48
CHEMBL222,35502,3,0.2,6.0,0.5,47,46,48
CHEMBL222,35502,3,0.2,6.0,0.75,47,46,48
CHEMBL222,35502,3,0.3,4.0,0.25,45,45,47
CHEMBL222,35502,3,0.3,4.0,0.5,45,45,47
CHEMBL222,35502,3,0.3,4.0,0.75,45,45,46
CHEMBL222,35502,3,0.3,6.0,0.25,43,45,46
CHEMBL222,35502,3,0.3,6.0,0.5,43,45,46
CHEMBL222,35502,3,0.3,6.0,0.75,43,45,46
CHEMBL222,35502,4,0.2,4.0,0.25,44,45,46
CHEMBL222,35502,4,0.2,4.0,0.5,44,45,45
CHEMBL222,35502,4,0.2,4.0,0.75,44,45,46
CHEMBL222,35502,4,0.2,6.0,0.25,45,45,49
CHEMBL222,35502,4,0.2,6.0,0.5,45,45,49
CHEMBL222,35502,4,0.2,6.0,0.75,45,45,47
CHEMBL222,35502,4,0.3,4.0,0.25,46,46,48
CHEMBL222,35502,4,0.3,4.0,0.5,46,46,48
CHEMBL222,35502,4,0.3,4.0,0.75,46,46,46
CHEMBL222,35502,4,0.3,6.0,0.25,44,46,47
CHEMBL222,35502,4,0.3,6.0,0.5,44,46,46
CHEMBL222,35502,4,0.3,6.0,0.75,44,46,47
CHEMBL222,35502,5,0.2,4.0,0.25,44,45,46
CHEMBL222,35502,5,0.2,4.0,0.5,44,45,47
CHEMBL222,35502,5,0.2,4.0,0.75,44,45,45
CHEMBL222,35502,5,0.2,6.0,0.25,45,45,47
CHEMBL222,35502,5,0.2,6.0,0.5,45,45,47
CHEMBL222,35502,5,0.2,6.0,0.75,45,45,46
CHEMBL222,35502,5,0.3,4.0,0.25,45,46,49
CHEMBL222,35502,5,0.3,4.0,0.5,45,46,48
CHEMBL222,35502,5,0.3,4.0,0.75,45,46,47
CHEMBL222,35502,5,0.3,6.0,0.25,46,46,48
CHEMBL222,35502,5,0.3,6.0,0.5,46,46,48
CHEMBL222,35502,5,0.3,6.0,0.75,46,46,48
CHEMBL222,35502,6,0.2,4.0,0.25,44,45,47
CHEMBL222,35502,6,0.2,4.0,0.5,44,45,46
CHEMBL222,35502,6,0.2,4.0,0.75,44,45,46
CHEMBL222,35502,6,0.2,6.0,0.25,44,45,47
CHEMBL222,35502,6,0.2,6.0,0.5,44,45,46
CHEMBL222,35502,6,0.2,6.0,0.75,44,45,46
CHEMBL222,35502,6,0.3,4.0,0.25,44,45,46
CHEMBL222,35502,6,0.3,4.0,0.5,44,45,45
CHEMBL222,35502,6,0.3,4.0,0.75,44,45,46
CHEMBL222,35502,6,0.3,6.0,0.25,46,45,48
CHEMBL222,35502,6,0.3,6.0,0.5,46,45,47
CHEMBL222,35502,6,0.3,6.0,0.75,46,45,46
CHEMBL222,35502,7,0.2,4.0,0.25,44,45,47
CHEMBL222,35502,7,0.2,4.0,0.5,44,45,46
CHEMBL222,35502,7,0.2,4.0,0.75,44,45,46
CHEMBL222,35502,7,0.2,6.0,0.25,46,45,49
CHEMBL222,35502,7,0.2,6.0,0.5,46,45,48
CHEMBL222,35502,7,0.2,6.0,0.75,46,45,47
CHEMBL222,35502,7,0.3,4.0,0.25,44,45,46
CHEMBL222,35502,7,0.3,4.0,0.5,44,45,45
CHEMBL222,35502,7,0.3,4.0,0.75,44,45,46
CHEMBL222,35502,7,0.3,6.0,0.25,45,45,47
CHEMBL222,35502,7,0.3,6.0,0.5,45,45,47
CHEMBL222,35502,7,0.3,6.0,0.75,45,45,47
CHEMBL222,35502,8,0.2,4.0,0.25,45,46,48
CHEMBL222,35502,8,0.2,4.0,0.5,45,46,47
CHEMBL222,35502,8,0.2,4.0,0.75,45,46,47
CHEMBL222,35502,8,0.2,6.0,0.25,46,46,48
CHEMBL222,35502,8,0.2,6.0,0.5,46,46,47
CHEMBL222,35502,8,0.2,6.0,0.75,46,46,47
CHEMBL222,35502,8,0.3,4.0,0.25,45,45,48
CHEMBL222,35502,8,0.3,4.0,0.5,45,45,47
CHEMBL222,35502,8,0.3,4.0,0.75,45,45,46
CHEMBL222,35502,8,0.3,6.0,0.25,46,45,48
CHEMBL222,35502,8,0.3,6.0,0.5,46,45,48
CHEMBL222,35502,8,0.3,6.0,0.75,46,45,47
CHEMBL222,35502,9,0.2,4.0,0.25,44,45,47
CHEMBL222,35502,9,0.2,4.0,0.5,44,45,46
CHEMBL222,35502,9,0.2,4.0,0.75,44,45,46
CHEMBL222,35502,9,0.2,6.0,0.25,45,45,48
CHEMBL222,35502,9,0.2,6.0,0.5,45,45,47
CHEMBL222,35502,9,0.2,6.0,0.75,45,45,47
CHEMBL222,35502,9,0.3,4.0,0.25,44,45,46
CHEMBL222,35502,9,0.3,4.0,0.5,44,45,46
CHEMBL222,35502,9,0.3,4.0,0.75,44,45,46
CHEMBL222,35502,9,0.3,6.0,0.25,46,45,48
CHEMBL222,35502,9,0.3,6.0,0.5,46,45,47
CHEMBL222,35502,9,0.3,6.0,0.75,46,45,47
CHEMBL225,35502,0,0.2,4.0,0.25,41,43,42
CHEMBL225,35502,0,0.2,4.0,0.5,41,43,43
CHEMBL225,35502,0,0.2,4.0,0.75,41,43,43
CHEMBL225,35502,0,0.2,6.0,0.25,42,43,43
CHEMBL225,35502,0,0.2,6.0,0.5,42,43,44
CHEMBL225,35502,0,0.2,6.0,0.75,42,43,44
CHEMBL225,35502,0,0.3,4.0,0.25,42,43,42
CHEMBL225,35502,0,0.3,4.0,0.5,42,43,43
CHEMBL225,35502,0,0.3,4.0,0.75,42,43,44
CHEMBL225,35502,0,0.3,6.0,0.25,43,43,43
CHEMBL225,35502,0,0.3,6.0,0.5,43,43,44
CHEMBL225,35502,0,0.3,6.0,0.75,43,43,44
CHEMBL225,35502,1,0.2,4.0,0.25,43,43,43
CHEMBL225,35502,1,0.2,4.0,0.5,43,43,43
CHEMBL225,35502,1,0.2,4.0,0.75,43,43,44
CHEMBL225,35502,1,0.2,6.0,0.25,43,43,44
CHEMBL225,35502,1,0.2,6.0,0.5,43,43,44
CHEMBL225,35502,1,0.2,6.0,0.75,43,43,45
CHEMBL225,35502,1,0.3,4.0,0.25,42,42,42
CHEMBL225,35502,1,0.3,4.0,0.5,42,42,42
CHEMBL225,35502,1,0.3,4.0,0.75,42,42,44
CHEMBL225,35502,1,0.3,6.0,0.25,43,42,43
CHEMBL225,35502,1,0.3,6.0,0.5,43,42,44
CHEMBL225,35502,1,0.3,6.0,0.75,43,42,44
CHEMBL225,35502,2,0.2,4.0,0.25,44,43,44
CHEMBL225,35502,2,0.2,4.0,0.5,44,43,44
CHEMBL225,35502,2,0.2,4.0,0.75,44,43,45
CHEMBL225,35502,2,0.2,6.0,0.25,44,43,44
CHEMBL225,35502,2,0.2,6.0,0.5,44,43,45
CHEMBL225,35502,2,0.2,6.0,0.75,44,43,45
CHEMBL225,35502,2,0.3,4.0,0.25,41,42,42
CHEMBL225,35502,2,0.3,4.0,0.5,41,42,43
CHEMBL225,35502,2,0.3,4.0,0.75,41,42,44
CHEMBL225,35502,2,0.3,6.0,0.25,43,42,44
CHEMBL225,35502,2,0.3,6.0,0.5,43,42,44
CHEMBL225,35502,2,0.3,6.0,0.75,43,42,44
CHEMBL225,35502,3,0.2,4.0,0.25,42,43,43
CHEMBL225,35502,3,0.2,4.0,0.5,42,43,44
CHEMBL225,35502,3,0.2,4.0,0.75,42,43,43
CHEMBL225,35502,3,0.2,6.0,0.25,42,43,43
CHEMBL225,35502,3,0.2,6.0,0.5,42,43,44
CHEMBL225,35502,3,0.2,6.0,0.75,42,43,43
CHEMBL225,35502,3,0.3,4.0,0.25,41,41,42
CHEMBL225,35502,3,0.3,4.0,0.5,41,41,43
CHEMBL225,35502,3,0.3,4.0,0.75,41,41,43
CHEMBL225,35502,3,0.3,6.0,0.25,43,41,43
CHEMBL225,35502,3,0.3,6.0,0.5,43,41,44
CHEMBL225,35502,3,0.3,6.0,0.75,43,41,43
CHEMBL225,35502,4,0.2,4.0,0.25,44,43,45
CHEMBL225,35502,4,0.2,4.0,0.5,44,43,45
CHEMBL225,35502,4,0.2,4.0,0.75,44,43,44
CHEMBL225,35502,4,0.2,6.0,0.25,44,43,45
CHEMBL225,35502,4,0.2,6.0,0.5,44,43,44
CHEMBL225,35502,4,0.2,6.0,0.75,44,43,44
CHEMBL225,35502,4,0.3,4.0,0.25,43,42,43
CHEMBL225,35502,4,0.3,4.0,0.5,43,42,44
CHEMBL225,35502,4,0.3,4.0,0.75,43,42,44
CHEMBL225,35502,4,0.3,6.0,0.25,44,42,44
CHEMBL225,35502,4,0.3,6.0,0.5,44,42,44
CHEMBL225,35502,4,0.3,6.0,0.75,44,42,44
CHEMBL225,35502,5,0.2,4.0,0.25,41,43,42
CHEMBL225,35502,5,0.2,4.0,0.5,41,43,43
CHEMBL225,35502,5,0.2,4.0,0.75,41,43,43
CHEMBL225,35502,5,0.2,6.0,0.25,42,43,43
CHEMBL225,35502,5,0.2,6.0,0.5,42,43,43
CHEMBL225,35502,5,0.2,6.0,0.75,42,43,44
CHEMBL225,35502,5,0.3,4.0,0.25,41,42,42
CHEMBL225,35502,5,0.3,4.0,0.5,41,42,43
CHEMBL225,35502,5,0.3,4.0,0.75,41,42,43
CHEMBL225,35502,5,0.3,6.0,0.25,41,42,43
CHEMBL225,35502,5,0.3,6.0,0.5,41,42,43
CHEMBL225,35502,5,0.3,6.0,0.75,41,42,43
CHEMBL225,35502,6,0.2,4.0,0.25,42,43,43
CHEMBL225,35502,6,0.2,4.0,0.5,42,43,44
CHEMBL225,35502,6,0.2,4.0,0.75,42,43,43
CHEMBL225,35502,6,0.2,6.0,0.25,44,43,44
CHEMBL225,35502,6,0.2,6.0,0.5,44,43,45
CHEMBL225,35502,6,0.2,6.0,0.75,44,43,43
CHEMBL225,35502,6,0.3,4.0,0.25,41,42,42
CHEMBL225,35502,6,0.3,4.0,0.5,41,42,43
CHEMBL225,35502,6,0.3,4.0,0.75,41,42,43
CHEMBL225,35502,6,0.3,6.0,0.25,42,42,42
CHEMBL225,35502,6,0.3,6.0,0.5,42,42,43
CHEMBL225,35502,6,0.3,6.0,0.75,42,42,44
CHEMBL225,35502,7,0.2,4.0,0.25,41,43,42
CHEMBL225,35502,7,0.2,4.0,0.5,41,43,43
CHEMBL225,35502,7,0.2,4.0,0.75,41,43,43
CHEMBL225,35502,7,0.2,6.0,0.25,42,43,43
CHEMBL225,35502,7,0.2,6.0,0.5,42,43,44
CHEMBL225,35502,7,0.2,6.0,0.75,42,43,43
CHEMBL225,35502,7,0.3,4.0,0.25,40,42,41
CHEMBL225,35502,7,0.3,4.0,0.5,40,42,42
CHEMBL225,35502,7,0.3,4.0,0.75,40,42,42
CHEMBL225,35502,7,0.3,6.0,0.25,41,42,42
CHEMBL225,35502,7,0.3,6.0,0.5,41,42,43
CHEMBL225,35502,7,0.3,6.0,0.75,41,42,43
CHEMBL225,35502,8,0.2,4.0,0.25,43,43,44
CHEMBL225,35502,8,0.2,4.0,0.5,43,43,44
CHEMBL225,35502,8,0.2,4.0,0.75,43,43,44
CHEMBL225,35502,8,0.2,6.0,0.25,44,43,44
CHEMBL225,35502,8,0.2,6.0,0.5,44,43,44
CHEMBL225,35502,8,0.2,6.0,0.75,44,43,44
CHEMBL225,35502,8,0.3,4.0,0.25,40,42,41
CHEMBL225,35502,8,0.3,4.0,0.5,40,42,42
CHEMBL225,35502,8,0.3,4.0,0.75,40,42,43
CHEMBL225,35502,8,0.3,6.0,0.25,41,42,43
CHEMBL225,35502,8,0.3,6.0,0.5,41,42,43
CHEMBL225,35502,8,0.3,6.0,0.75,41,42,43
CHEMBL225,35502,9,0.2,4.0,0.25,43,42,44
CHEMBL225,35502,9,0.2,4.0,0.5,43,42,44
CHEMBL225,35502,9,0.2,4.0,0.75,43,42,43
CHEMBL225,35502,9,0.2,6.0,0.25,43,42,44
CHEMBL225,35502,9,0.2,6.0,0.5,43,42,44
CHEMBL225,35502,9,0.2,6.0,0.75,43,42,43
CHEMBL225,35502,9,0.3,4.0,0.25,41,42,42
CHEMBL225,35502,9,0.3,4.0,0.5,41,42,42
CHEMBL225,35502,9,0.3,4.0,0.75,41,42,44
CHEMBL225,35502,9,0.3,6.0,0.25,43,42,43
CHEMBL225,35502,9,0.3,6.0,0.5,43,42,43
CHEMBL225,35502,9,0.3,6.0,0.75,43,42,44
CHEMBL226,35502,0,0.2,4.0,0.25,45,43,45
CHEMBL226,35502,0,0.2,4.0,0.5,45,43,43
CHEMBL226,35502,0,0.2,4.0,0.75,45,43,44
CHEMBL226,35502,0,0.2,6.0,0.25,46,43,46
CHEMBL226,35502,0,0.2,6.0,0.5,46,43,45
CHEMBL226,35502,0,0.2,6.0,0.75,46,43,45
CHEMBL226,35502,0,0.3,4.0,0.25,47,44,46
CHEMBL226,35502,0,0.3,4.0,0.5,47,44,44
CHEMBL226,35502,0,0.3,4.0,0.75,47,44,44
CHEMBL226,35502,0,0.3,6.0,0.25,47,44,47
CHEMBL226,35502,0,0.3,6.0,0.5,47,44,45
CHEMBL226,35502,0,0.3,6.0,0.75,47,44,45
CHEMBL226,35502,1,0.2,4.0,0.25,45,43,45
CHEMBL226,35502,1,0.2,4.0,0.5,45,43,46
CHEMBL226,35502,1,0.2,4.0,0.75,45,43,45
CHEMBL226,35502,1,0.2,6.0,0.25,46,43,45
CHEMBL226,35502,1,0.2,6.0,0.5,46,43,46
CHEMBL226,35502,1,0.2,6.0,0.75,46,43,45
CHEMBL226,35502,1,0.3,4.0,0.25,45,43,44
CHEMBL226,35502,1,0.3,4.0,0.5,45,43,45
CHEMBL226,35502,1,0.3,4.0,0.75,45,43,45
CHEMBL226,35502,1,0.3,6.0,0.25,46,43,46
CHEMBL226,35502,1,0.3,6.0,0.5,46,43,46
CHEMBL226,35502,1,0.3,6.0,0.75,46,43,45
CHEMBL226,35502,2,0.2,4.0,0.25,45,44,45
CHEMBL226,35502,2,0.2,4.0,0.5,45,44,43
CHEMBL226,35502,2,0.2,4.0,0.75,45,44,44
CHEMBL226,35502,2,0.2,6.0,0.25,45,44,46
CHEMBL226,35502,2,0.2,6.0,0.5,45,44,45
CHEMBL226,35502,2,0.2,6.0,0.75,45,44,44
CHEMBL226,35502,2,0.3,4.0,0.25,42,43,43
CHEMBL226,35502,2,0.3,4.0,0.5,42,43,42
CHEMBL226,35502,2,0.3,4.0,0.75,42,43,43
CHEMBL226,35502,2,0.3,6.0,0.25,46,43,46
CHEMBL226,35502,2,0.3,6.0,0.5,46,43,46
CHEMBL226,35502,2,0.3,6.0,0.75,46,43,44
CHEMBL226,35502,3,0.2,4.0,0.25,45,44,45
CHEMBL226,35502,3,0.2,4.0,0.5,45,44,42
CHEMBL226,35502,3,0.2,4.0,0.75,45,44,44
CHEMBL226,35502,3,0.2,6.0,0.25,45,44,46
CHEMBL226,35502,3,0.2,6.0,0.5,45,44,44
CHEMBL226,35502,3,0.2,6.0,0.75,45,44,44
CHEMBL226,35502,3,0.3,4.0,0.25,44,44,44
CHEMBL226,35502,3,0.3,4.0,0.5,44,44,43
CHEMBL226,35502,3,0.3,4.0,0.75,44,44,44
CHEMBL226,35502,3,0.3,6.0,0.25,46,44,46
CHEMBL226,35502,3,0.3,6.0,0.5,46,44,45
CHEMBL226,35502,3,0.3,6.0,0.75,46,44,45
CHEMBL226,35502,4,0.2,4.0,0.25,45,42,44
CHEMBL226,35502,4,0.2,4.0,0.5,45,42,45
CHEMBL226,35502,4,0.2,4.0,0.75,45,42,45
CHEMBL226,35502,4,0.2,6.0,0.25,46,42,45
CHEMBL226,35502,4,0.2,6.0,0.5,46,42,46
CHEMBL226,35502,4,0.2,6.0,0.75,46,42,45
CHEMBL226,35502,4,0.3,4.0,0.25,44,44,44
CHEMBL226,35502,4,0.3,4.0,0.5,44,44,43
CHEMBL226,35502,4,0.3,4.0,0.75,44,44,44
CHEMBL226,35502,4,0.3,6.0,0.25,47,44,47
CHEMBL226,35502,4,0.3,6.0,0.5,47,44,46
CHEMBL226,35502,4,0.3,6.0,0.75,47,44,45
CHEMBL226,35502,5,0.2,4.0,0.25,44,42,44
CHEMBL226,35502,5,0.2,4.0,0.5,44,42,44
CHEMBL226,35502,5,0.2,4.0,0.75,44,42,44
CHEMBL226,35502,5,0.2,6.0,0.25,46,42,46
CHEMBL226,35502,5,0.2,6.0,0.5,46,42,45
CHEMBL226,35502,5,0.2,6.0,0.75,46,42,45
CHEMBL226,35502,5,0.3,4.0,0.25,45,42,43
CHEMBL226,35502,5,0.3,4.0,0.5,45,42,45
CHEMBL226,35502,5,0.3,4.0,0.75,45,42,44
CHEMBL226,35502,5,0.3,6.0,0.25,46,42,45
CHEMBL226,35502,5,0.3,6.0,0.5,46,42,46
CHEMBL226,35502,5,0.3,6.0,0.75,46,42,44
CHEMBL226,35502,6,0.2,4.0,0.25,45,44,45
CHEMBL226,35502,6,0.2,4.0,0.5,45,44,42
CHEMBL226,35502,6,0.2,4.0,0.75,45,44,44
CHEMBL226,35502,6,0.2,6.0,0.25,46,44,47
CHEMBL226,35502,6,0.2,6.0,0.5,46,44,44
CHEMBL226,35502,6,0.2,6.0,0.75,46,44,44
CHEMBL226,35502,6,0.3,4.0,0.25,45,43,46
CHEMBL226,35502,6,0.3,4.0,0.5,45,43,43
CHEMBL226,35502,6,0.3,4.0,0.75,45,43,45
CHEMBL226,35502,6,0.3,6.0,0.25,47,43,47
CHEMBL226,35502,6,0.3,6.0,0.5,47,43,46
CHEMBL226,35502,6,0.3,6.0,0.75,47,43,46
CHEMBL226,35502,7,0.2,4.0,0.25,45,42,45
CHEMBL226,35502,7,0.2,4.0,0.5,45,42,43
CHEMBL226,35502,7,0.2,4.0,0.75,45,42,43
CHEMBL226,35502,7,0.2,6.0,0.25,46,42,46
CHEMBL226,35502,7,0.2,6.0,0.5,46,42,43
CHEMBL226,35502,7,0.2,6.0,0.75,46,42,44
CHEMBL226,35502,7,0.3,4.0,0.25,45,44,44
CHEMBL226,35502,7,0.3,4.0,0.5,45,44,43
CHEMBL226,35502,7,0.3,4.0,0.75,45,44,44
CHEMBL226,35502,7,0.3,6.0,0.25,46,44,46
CHEMBL226,35502,7,0.3,6.0,0.5,46,44,45
CHEMBL226,35502,7,0.3,6.0,0.75,46,44,45
CHEMBL226,35502,8,0.2,4.0,0.25,45,44,46
CHEMBL226,35502,8,0.2,4.0,0.5,45,44,45
CHEMBL226,35502,8,0.2,4.0,0.75,45,44,44
CHEMBL226,35502,8,0.2,6.0,0.25,46,44,46
CHEMBL226,35502,8,0.2,6.0,0.5,46,44,47
CHEMBL226,35502,8,0.2,6.0,0.75,46,44,45
CHEMBL226,35502,8,0.3,4.0,0.25,44,44,44
CHEMBL226,35502,8,0.3,4.0,0.5,44,44,44
CHEMBL226,35502,8,0.3,4.0,0.75,44,44,44
CHEMBL226,35502,8,0.3,6.0,0.25,45,44,45
CHEMBL226,35502,8,0.3,6.0,0.5,45,44,45
CHEMBL226,35502,8,0.3,6.0,0.75,45,44,45
CHEMBL226,35502,9,0.2,4.0,0.25,44,44,44
CHEMBL226,35502,9,0.2,4.0,0.5,44,44,45
CHEMBL226,35502,9,0.2,4.0,0.75,44,44,44
CHEMBL226,35502,9,0.2,6.0,0.25,45,44,45
CHEMBL226,35502,9,0.2,6.0,0.5,45,44,46
CHEMBL226,35502,9,0.2,6.0,0.75,45,44,45
CHEMBL226,35502,9,0.3,4.0,0.25,44,42,44
CHEMBL226,35502,9,0.3,4.0,0.5,44,42,44
CHEMBL226,35502,9,0.3,4.0,0.75,44,42,44
CHEMBL226,35502,9,0.3,6.0,0.25,46,42,46
CHEMBL226,35502,9,0.3,6.0,0.5,46,42,46
CHEMBL226,35502,9,0.3,6.0,0.75,46,42,45
CHEMBL227,35502,0,0.2,4.0,0.25,49,49,49
CHEMBL227,35502,0,0.2,4.0,0.5,49,49,49
CHEMBL227,35502,0,0.2,4.0,0.75,49,49,49
CHEMBL227,35502,0,0.2,6.0,0.25,49,49,49
CHEMBL227,35502,0,0.2,6.0,0.5,49,49,49
CHEMBL227,35502,0,0.2,6.0,0.75,49,49,49
CHEMBL227,35502,0,0.3,4.0,0.25,49,49,49
CHEMBL227,35502,0,0.3,4.0,0.5,49,49,49
CHEMBL227,35502,0,0.3,4.0,0.75,49,49,49
CHEMBL227,35502,0,0.3,6.0,0.25,49,49,49
CHEMBL227,35502,0,0.3,6.0,0.5,49,49,49
CHEMBL227,35502,0,0.3,6.0,0.75,49,49,49
CHEMBL227,35502,1,0.2,4.0,0.25,49,49,49
CHEMBL227,35502,1,0.2,4.0,0.5,49,49,49
CHEMBL227,35502,1,0.2,4.0,0.75,49,49,49
CHEMBL227,35502,1,0.2,6.0,0.25,49,49,49
CHEMBL227,35502,1,0.2,6.0,0.5,49,49,49
CHEMBL227,35502,1,0.2,6.0,0.75,49,49,49
CHEMBL227,35502,1,0.3,4.0,0.25,49,49,49
CHEMBL227,35502,1,0.3,4.0,0.5,49,49,49
CHEMBL227,35502,1,0.3,4.0,0.75,49,49,49
CHEMBL227,35502,1,0.3,6.0,0.25,49,49,49
CHEMBL227,35502,1,0.3,6.0,0.5,49,49,49
CHEMBL227,35502,1,0.3,6.0,0.75,49,49,49
CHEMBL227,35502,2,0.2,4.0,0.25,49,49,49
CHEMBL227,35502,2,0.2,4.0,0.5,49,49,49
CHEMBL227,35502,2,0.2,4.0,0.75,49,49,49
CHEMBL227,35502,2,0.2,6.0,0.25,49,49,49
CHEMBL227,35502,2,0.2,6.0,0.5,49,49,49
CHEMBL227,35502,2,0.2,6.0,0.75,49,49,49
CHEMBL227,35502,2,0.3,4.0,0.25,49,49,49
CHEMBL227,35502,2,0.3,4.0,0.5,49,49,49
CHEMBL227,35502,2,0.3,4.0,0.75,49,49,49
CHEMBL227,35502,2,0.3,6.0,0.25,49,49,49
CHEMBL227,35502,2,0.3,6.0,0.5,49,49,49
CHEMBL227,35502,2,0.3,6.0,0.75,49,49,49
CHEMBL227,35502,3,0.2,4.0,0.25,49,49,49
CHEMBL227,35502,3,0.2,4.0,0.5,49,49,49
CHEMBL227,35502,3,0.2,4.0,0.75,49,49,49
CHEMBL227,35502,3,0.2,6.0,0.25,49,49,49
CHEMBL227,35502,3,0.2,6.0,0.5,49,49,49
CHEMBL227,35502,3,0.2,6.0,0.75,49,49,49
CHEMBL227,35502,3,0.3,4.0,0.25,49,49,49
CHEMBL227,35502,3,0.3,4.0,0.5,49,49,49
CHEMBL227,35502,3,0.3,4.0,0.75,49,49,49
CHEMBL227,35502,3,0.3,6.0,0.25,49,49,49
CHEMBL227,35502,3,0.3,6.0,0.5,49,49,49
CHEMBL227,35502,3,0.3,6.0,0.75,49,49,49
CHEMBL227,35502,4,0.2,4.0,0.25,49,49,49
CHEMBL227,35502,4,0.2,4.0,0.5,49,49,49
CHEMBL227,35502,4,0.2,4.0,0.75,49,49,49
CHEMBL227,35502,4,0.2,6.0,0.25,49,49,49
CHEMBL227,35502,4,0.2,6.0,0.5,49,49,49
CHEMBL227,35502,4,0.2,6.0,0.75,49,49,49
CHEMBL227,35502,4,0.3,4.0,0.25,49,49,49
CHEMBL227,35502,4,0.3,4.0,0.5,49,49,49
CHEMBL227,35502,4,0.3,4.0,0.75,49,49,49
CHEMBL227,35502,4,0.3,6.0,0.25,49,49,49
CHEMBL227,35502,4,0.3,6.0,0.5,49,49,49
CHEMBL227,35502,4,0.3,6.0,0.75,49,49,49
CHEMBL227,35502,5,0.2,4.0,0.25,49,49,49
CHEMBL227,35502,5,0.2,4.0,0.5,49,49,49
CHEMBL227,35502,5,0.2,4.0,0.75,49,49,49
CHEMBL227,35502,5,0.2,6.0,0.25,49,49,49
CHEMBL227,35502,5,0.2,6.0,0.5,49,49,49
CHEMBL227,35502,5,0.2,6.0,0.75,49,49,49
CHEMBL227,35502,5,0.3,4.0,0.25,49,49,49
CHEMBL227,35502,5,0.3,4.0,0.5,49,49,49
CHEMBL227,35502,5,0.3,4.0,0.75,49,49,49
CHEMBL227,35502,5,0.3,6.0,0.25,49,49,49
CHEMBL227,35502,5,0.3,6.0,0.5,49,49,49
CHEMBL227,35502,5,0.3,6.0,0.75,49,49,49
CHEMBL227,35502,6,0.2,4.0,0.25,49,49,49
CHEMBL227,35502,6,0.2,4.0,0.5,49,49,49
CHEMBL227,35502,6,0.2,4.0,0.75,49,49,49
CHEMBL227,35502,6,0.2,6.0,0.25,49,49,49
CHEMBL227,35502,6,0.2,6.0,0.5,49,49,49
CHEMBL227,35502,6,0.2,6.0,0.75,49,49,49
CHEMBL227,35502,6,0.3,4.0,0.25,49,49,49
CHEMBL227,35502,6,0.3,4.0,0.5,49,49,49
CHEMBL227,35502,6,0.3,4.0,0.75,49,49,49
CHEMBL227,35502,6,0.3,6.0,0.25,49,49,49
CHEMBL227,35502,6,0.3,6.0,0.5,49,49,49
CHEMBL227,35502,6,0.3,6.0,0.75,49,49,49
CHEMBL227,35502,7,0.2,4.0,0.25,49,49,49
CHEMBL227,35502,7,0.2,4.0,0.5,49,49,49
CHEMBL227,35502,7,0.2,4.0,0.75,49,49,49
CHEMBL227,35502,7,0.2,6.0,0.25,49,49,49
CHEMBL227,35502,7,0.2,6.0,0.5,49,49,49
CHEMBL227,35502,7,0.2,6.0,0.75,49,49,49
CHEMBL227,35502,7,0.3,4.0,0.25,49,49,49
CHEMBL227,35502,7,0.3,4.0,0.5,49,49,49
CHEMBL227,35502,7,0.3,4.0,0.75,49,49,49
CHEMBL227,35502,7,0.3,6.0,0.25,49,49,49
CHEMBL227,35502,7,0.3,6.0,0.5,49,49,49
CHEMBL227,35502,7,0.3,6.0,0.75,49,49,49
CHEMBL227,35502,8,0.2,4.0,0.25,49,49,49
CHEMBL227,35502,8,0.2,4.0,0.5,49,49,49
CHEMBL227,35502,8,0.2,4.0,0.75,49,49,49
CHEMBL227,35502,8,0.2,6.0,0.25,49,49,49
CHEMBL227,35502,8,0.2,6.0,0.5,49,49,49
CHEMBL227,35502,8,0.2,6.0,0.75,49,49,49
CHEMBL227,35502,8,0.3,4.0,0.25,49,49,49
CHEMBL227,35502,8,0.3,4.0,0.5,49,49,49
CHEMBL227,35502,8,0.3,4.0,0.75,49,49,49
CHEMBL227,35502,8,0.3,6.0,0.25,49,49,49
CHEMBL227,35502,8,0.3,6.0,0.5,49,49,49
CHEMBL227,35502,8,0.3,6.0,0.75,49,49,49
CHEMBL227,35502,9,0.2,4.0,0.25,49,49,49
CHEMBL227,35502,9,0.2,4.0,0.5,49,49,49
CHEMBL227,35502,9,0.2,4.0,0.75,49,49,49
CHEMBL227,35502,9,0.2,6.0,0.25,49,49,49
CHEMBL227,35502,9,0.2,6.0,0.5,49,49,49
CHEMBL227,35502,9,0.2,6.0,0.75,49,49,49
CHEMBL227,35502,9,0.3,4.0,0.25,49,49,49
CHEMBL227,35502,9,0.3,4.0,0.5,49,49,49
CHEMBL227,35502,9,0.3,4.0,0.75,49,49,49
CHEMBL227,35502,9,0.3,6.0,0.25,49,49,49
CHEMBL227,35502,9,0.3,6.0,0.5,49,49,49
CHEMBL227,35502,9,0.3,6.0,0.75,49,49,49
CHEMBL231,35502,0,0.2,4.0,0.25,48,48,48
CHEMBL231,35502,0,0.2,4.0,0.5,48,48,47
CHEMBL231,35502,0,0.2,4.0,0.75,48,48,48
CHEMBL231,35502,0,0.2,6.0,0.25,48,48,47
CHEMBL231,35502,0,0.2,6.0,0.5,48,48,46
CHEMBL231,35502,0,0.2,6.0,0.75,48,48,48
CHEMBL231,35502,0,0.3,4.0,0.25,46,48,46
CHEMBL231,35502,0,0.3,4.0,0.5,46,48,47
CHEMBL231,35502,0,0.3,4.0,0.75,46,48,48
CHEMBL231,35502,0,0.3,6.0,0.25,45,48,44
CHEMBL231,35502,0,0.3,6.0,0.5,45,48,45
CHEMBL231,35502,0,0.3,6.0,0.75,45,48,48
CHEMBL231,35502,1,0.2,4.0,0.25,47,47,46
CHEMBL231,35502,1,0.2,4.0,0.5,47,47,46
CHEMBL231,35502,1,0.2,4.0,0.75,47,47,47
CHEMBL231,35502,1,0.2,6.0,0.25,47,47,46
CHEMBL231,35502,1,0.2,6.0,0.5,47,47,46
CHEMBL231,35502,1,0.2,6.0,0.75,47,47,48
CHEMBL231,35502,1,0.3,4.0,0.25,46,48,45
CHEMBL231,35502,1,0.3,4.0,0.5,46,48,47
CHEMBL231,35502,1,0.3,4.0,0.75,46,48,48
CHEMBL231,35502,1,0.3,6.0,0.25,45,48,44
CHEMBL231,35502,1,0.3,6.0,0.5,45,48,46
CHEMBL231,35502,1,0.3,6.0,0.75,45,48,48
CHEMBL231,35502,2,0.2,4.0,0.25,47,48,47
CHEMBL231,35502,2,0.2,4.0,0.5,47,48,47
CHEMBL231,35502,2,0.2,4.0,0.75,47,48,48
CHEMBL231,35502,2,0.2,6.0,0.25,46,48,45
CHEMBL231,35502,2,0.2,6.0,0.5,46,48,45
CHEMBL231,35502,2,0.2,6.0,0.75,46,48,48
CHEMBL231,35502,2,0.3,4.0,0.25,48,47,47
CHEMBL231,35502,2,0.3,4.0,0.5,48,47,47
CHEMBL231,35502,2,0.3,4.0,0.75,48,47,47
CHEMBL231,35502,2,0.3,6.0,0.25,48,47,47
CHEMBL231,35502,2,0.3,6.0,0.5,48,47,46
CHEMBL231,35502,2,0.3,6.0,0.75,48,47,48
CHEMBL231,35502,3,0.2,4.0,0.25,47,48,47
CHEMBL231,35502,3,0.2,4.0,0.5,47,48,47
CHEMBL231,35502,3,0.2,4.0,0.75,47,48,48
CHEMBL231,35502,3,0.2,6.0,0.25,47,48,46
CHEMBL231,35502,3,0.2,6.0,0.5,47,48,46
CHEMBL231,35502,3,0.2,6.0,0.75,47,48,48
CHEMBL231,35502,3,0.3,4.0,0.25,47,47,47
CHEMBL231,35502,3,0.3,4.0,0.5,47,47,46
CHEMBL231,35502,3,0.3,4.0,0.75,47,47,47
CHEMBL231,35502,3,0.3,6.0,0.25,48,47,47
CHEMBL231,35502,3,0.3,6.0,0.5,48,47,46
CHEMBL231,35502,3,0.3,6.0,0.75,48,47,48
CHEMBL231,35502,4,0.2,4.0,0.25,47,48,46
CHEMBL231,35502,4,0.2,4.0,0.5,47,48,47
CHEMBL231,35502,4,0.2,4.0,0.75,47,48,48
CHEMBL231,35502,4,0.2,6.0,0.25,46,48,45
CHEMBL231,35502,4,0.2,6.0,0.5,46,48,46
CHEMBL231,35502,4,0.2,6.0,0.75,46,48,48
CHEMBL231,35502,4,0.3,4.0,0.25,46,48,46
CHEMBL231,35502,4,0.3,4.0,0.5,46,48,47
CHEMBL231,35502,4,0.3,4.0,0.75,46,48,48
CHEMBL231,35502,4,0.3,6.0,0.25,45,48,44
CHEMBL231,35502,4,0.3,6.0,0.5,45,48,45
CHEMBL231,35502,4,0.3,6.0,0.75,45,48,48
CHEMBL231,35502,5,0.2,4.0,0.25,47,48,46
CHEMBL231,35502,5,0.2,4.0,0.5,47,48,47
CHEMBL231,35502,5,0.2,4.0,0.75,47,48,48
CHEMBL231,35502,5,0.2,6.0,0.25,46,48,45
CHEMBL231,35502,5,0.2,6.0,0.5,46,48,46
CHEMBL231,35502,5,0.2,6.0,0.75,46,48,48
CHEMBL231,35502,5,0.3,4.0,0.25,46,48,46
CHEMBL231,35502,5,0.3,4.0,0.5,46,48,47
CHEMBL231,35502,5,0.3,4.0,0.75,46,48,48
CHEMBL231,35502,5,0.3,6.0,0.25,45,48,44
CHEMBL231,35502,5,0.3,6.0,0.5,45,48,45
CHEMBL231,35502,5,0.3,6.0,0.75,45,48,48
CHEMBL231,35502,6,0.2,4.0,0.25,47,48,46
CHEMBL231,35502,6,0.2,4.0,0.5,47,48,47
CHEMBL231,35502,6,0.2,4.0,0.75,47,48,48
CHEMBL231,35502,6,0.2,6.0,0.25,46,48,45
CHEMBL231,35502,6,0.2,6.0,0.5,46,48,46
CHEMBL231,35502,6,0.2,6.0,0.75,46,48,48
CHEMBL231,35502,6,0.3,4.0,0.25,48,47,47
CHEMBL231,35502,6,0.3,4.0,0.5,48,47,47
CHEMBL231,35502,6,0.3,4.0,0.75,48,47,47
CHEMBL231,35502,6,0.3,6.0,0.25,48,47,47
CHEMBL231,35502,6,0.3,6.0,0.5,48,47,46
CHEMBL231,35502,6,0.3,6.0,0.75,48,47,48
CHEMBL231,35502,7,0.2,4.0,0.25,47,48,47
CHEMBL231,35502,7,0.2,4.0,0.5,47,48,47
CHEMBL231,35502,7,0.2,4.0,0.75,47,48,48
CHEMBL231,35502,7,0.2,6.0,0.25,46,48,45
CHEMBL231,35502,7,0.2,6.0,0.5,46,48,45
CHEMBL231,35502,7,0.2,6.0,0.75,46,48,48
CHEMBL231,35502,7,0.3,4.0,0.25,47,48,46
CHEMBL231,35502,7,0.3,4.0,0.5,47,48,47
CHEMBL231,35502,7,0.3,4.0,0.75,47,48,48
CHEMBL231,35502,7,0.3,6.0,0.25,46,48,45
CHEMBL231,35502,7,0.3,6.0,0.5,46,48,46
CHEMBL231,35502,7,0.3,6.0,0.75,46,48,48
CHEMBL231,35502,8,0.2,4.0,0.25,47,47,46
CHEMBL231,35502,8,0.2,4.0,0.5,47,47,46
CHEMBL231,35502,8,0.2,4.0,0.75,47,47,47
CHEMBL231,35502,8,0.2,6.0,0.25,47,47,46
CHEMBL231,35502,8,0.2,6.0,0.5,47,47,46
CHEMBL231,35502,8,0.2,6.0,0.75,47,47,48
CHEMBL231,35502,8,0.3,4.0,0.25,46,48,46
CHEMBL231,35502,8,0.3,4.0,0.5,46,48,47
CHEMBL231,35502,8,0.3,4.0,0.75,46,48,48
CHEMBL231,35502,8,0.3,6.0,0.25,45,48,44
CHEMBL231,35502,8,0.3,6.0,0.5,45,48,45
CHEMBL231,35502,8,0.3,6.0,0.75,45,48,48
CHEMBL231,35502,9,0.2,4.0,0.25,46,48,46
CHEMBL231,35502,9,0.2,4.0,0.5,46,48,47
CHEMBL231,35502,9,0.2,4.0,0.75,46,48,48
CHEMBL231,35502,9,0.2,6.0,0.25,46,48,45
CHEMBL231,35502,9,0.2,6.0,0.5,46,48,46
CHEMBL231,35502,9,0.2,6.0,0.75,46,48,48
CHEMBL231,35502,9,0.3,4.0,0.25,46,47,45
CHEMBL231,35502,9,0.3,4.0,0.5,46,47,46
CHEMBL231,35502,9,0.3,4.0,0.75,46,47,47
CHEMBL231,35502,9,0.3,6.0,0.25,46,47,45
CHEMBL231,35502,9,0.3,6.0,0.5,46,47,46
CHEMBL231,35502,9,0.3,6.0,0.75,46,47,48
CHEMBL232,35502,0,0.2,4.0,0.25,40,43,41
CHEMBL232,35502,0,0.2,4.0,0.5,40,43,42
CHEMBL232,35502,0,0.2,4.0,0.75,40,43,43
CHEMBL232,35502,0,0.2,6.0,0.25,40,43,41
CHEMBL232,35502,0,0.2,6.0,0.5,40,43,41
CHEMBL232,35502,0,0.2,6.0,0.75,40,43,43
CHEMBL232,35502,0,0.3,4.0,0.25,42,43,42
CHEMBL232,35502,0,0.3,4.0,0.5,42,43,41
CHEMBL232,35502,0,0.3,4.0,0.75,42,43,43
CHEMBL232,35502,0,0.3,6.0,0.25,43,43,42
CHEMBL232,35502,0,0.3,6.0,0.5,43,43,42
CHEMBL232,35502,0,0.3,6.0,0.75,43,43,43
CHEMBL232,35502,1,0.2,4.0,0.25,40,41,40
CHEMBL232,35502,1,0.2,4.0,0.5,40,41,41
CHEMBL232,35502,1,0.2,4.0,0.75,40,41,41
CHEMBL232,35502,1,0.2,6.0,0.25,42,41,42
CHEMBL232,35502,1,0.2,6.0,0.5,42,41,41
CHEMBL232,35502,1,0.2,6.0,0.75,42,41,42
CHEMBL232,35502,1,0.3,4.0,0.25,40,42,41
CHEMBL232,35502,1,0.3,4.0,0.5,40,42,41
CHEMBL232,35502,1,0.3,4.0,0.75,40,42,41
CHEMBL232,35502,1,0.3,6.0,0.25,40,41,40
CHEMBL232,35502,1,0.3,6.0,0.5,40,41,41
CHEMBL232,35502,1,0.3,6.0,0.75,40,41,41
CHEMBL232,35502,2,0.2,4.0,0.25,41,42,42
CHEMBL232,35502,2,0.2,4.0,0.5,41,42,41
CHEMBL232,35502,2,0.2,4.0,0.75,41,42,42
CHEMBL232,35502,2,0.2,6.0,0.25,41,42,42
CHEMBL232,35502,2,0.2,6.0,0.5,41,42,42
CHEMBL232,35502,2,0.2,6.0,0.75,41,42,42
CHEMBL232,35502,2,0.3,4.0,0.25,40,40,40
CHEMBL232,35502,2,0.3,4.0,0.5,40,40,40
CHEMBL232,35502,2,0.3,4.0,0.75,40,40,40
CHEMBL232,35502,2,0.3,6.0,0.25,41,40,41
CHEMBL232,35502,2,0.3,6.0,0.5,41,40,40
CHEMBL232,35502,2,0.3,6.0,0.75,41,40,41
CHEMBL232,35502,3,0.2,4.0,0.25,40,42,40
CHEMBL232,35502,3,0.2,4.0,0.5,40,42,41
CHEMBL232,35502,3,0.2,4.0,0.75,40,42,42
CHEMBL232,35502,3,0.2,6.0,0.25,41,42,41
CHEMBL232,35502,3,0.2,6.0,0.5,41,42,42
CHEMBL232,35502,3,0.2,6.0,0.75,41,42,43
CHEMBL232,35502,3,0.3,4.0,0.25,40,43,40
CHEMBL232,35502,3,0.3,4.0,0.5,40,43,41
CHEMBL232,35502,3,0.3,4.0,0.75,40,43,43
CHEMBL232,35502,3,0.3,6.0,0.25,41,43,41
CHEMBL232,35502,3,0.3,6.0,0.5,41,43,41
CHEMBL232,35502,3,0.3,6.0,0.75,41,43,43
CHEMBL232,35502,4,0.2,4.0,0.25,40,42,41
CHEMBL232,35502,4,0.2,4.0,0.5,40,42,41
CHEMBL232,35502,4,0.2,4.0,0.75,40,42,42
CHEMBL232,35502,4,0.2,6.0,0.25,42,42,42
CHEMBL232,35502,4,0.2,6.0,0.5,42,42,41
CHEMBL232,35502,4,0.2,6.0,0.75,42,42,42
CHEMBL232,35502,4,0.3,4.0,0.25,40,41,40
CHEMBL232,35502,4,0.3,4.0,0.5,40,41,41
CHEMBL232,35502,4,0.3,4.0,0.75,40,41,41
CHEMBL232,35502,4,0.3,6.0,0.25,42,41,42
CHEMBL232,35502,4,0.3,6.0,0.5,42,41,41
CHEMBL232,35502,4,0.3,6.0,0.75,42,41,41
CHEMBL232,35502,5,0.2,4.0,0.25,40,42,40
CHEMBL232,35502,5,0.2,4.0,0.5,40,42,41
CHEMBL232,35502,5,0.2,4.0,0.75,40,42,42
CHEMBL232,35502,5,0.2,6.0,0.25,41,42,40
CHEMBL232,35502,5,0.2,6.0,0.5,41,42,41
CHEMBL232,35502,5,0.2,6.0,0.75,41,42,42
CHEMBL232,35502,5,0.3,4.0,0.25,40,43,41
CHEMBL232,35502,5,0.3,4.0,0.5,40,43,42
CHEMBL232,35502,5,0.3,4.0,0.75,40,43,43
CHEMBL232,35502,5,0.3,6.0,0.25,41,43,41
CHEMBL232,35502,5,0.3,6.0,0.5,41,43,41
CHEMBL232,35502,5,0.3,6.0,0.75,41,43,43
CHEMBL232,35502,6,0.2,4.0,0.25,40,41,40
CHEMBL232,35502,6,0.2,4.0,0.5,40,41,41
CHEMBL232,35502,6,0.2,4.0,0.75,40,41,41
CHEMBL232,35502,6,0.2,6.0,0.25,42,41,41
CHEMBL232,35502,6,0.2,6.0,0.5,42,41,41
CHEMBL232,35502,6,0.2,6.0,0.75,42,41,41
CHEMBL232,35502,6,0.3,4.0,0.25,40,42,40
CHEMBL232,35502,6,0.3,4.0,0.5,40,42,40
CHEMBL232,35502,6,0.3,4.0,0.75,40,42,41
CHEMBL232,35502,6,0.3,6.0,0.25,40,41,40
CHEMBL232,35502,6,0.3,6.0,0.5,40,41,40
CHEMBL232,35502,6,0.3,6.0,0.75,40,41,42
CHEMBL232,35502,7,0.2,4.0,0.25,40,42,40
CHEMBL232,35502,7,0.2,4.0,0.5,40,42,42
CHEMBL232,35502,7,0.2,4.0,0.75,40,42,42
CHEMBL232,35502,7,0.2,6.0,0.25,41,42,40
CHEMBL232,35502,7,0.2,6.0,0.5,41,42,41
CHEMBL232,35502,7,0.2,6.0,0.75,41,42,42
CHEMBL232,35502,7,0.3,4.0,0.25,40,42,41
CHEMBL232,35502,7,0.3,4.0,0.5,40,42,40
CHEMBL232,35502,7,0.3,4.0,0.75,40,42,42
CHEMBL232,35502,7,0.3,6.0,0.25,40,42,41
CHEMBL232,35502,7,0.3,6.0,0.5,40,42,41
CHEMBL232,35502,7,0.3,6.0,0.75,40,42,42
CHEMBL232,35502,8,0.2,4.0,0.25,40,43,41
CHEMBL232,35502,8,0.2,4.0,0.5,40,43,41
CHEMBL232,35502,8,0.2,4.0,0.75,40,43,42
CHEMBL232,35502,8,0.2,6.0,0.25,40,42,41
CHEMBL232,35502,8,0.2,6.0,0.5,40,42,41
CHEMBL232,35502,8,0.2,6.0,0.75,40,42,42
CHEMBL232,35502,8,0.3,4.0,0.25,40,42,41
CHEMBL232,35502,8,0.3,4.0,0.5,40,42,41
CHEMBL232,35502,8,0.3,4.0,0.75,40,42,42
CHEMBL232,35502,8,0.3,6.0,0.25,42,42,41
CHEMBL232,35502,8,0.3,6.0,0.5,42,42,41
CHEMBL232,35502,8,0.3,6.0,0.75,42,42,42
CHEMBL232,35502,9,0.2,4.0,0.25,41,42,41
CHEMBL232,35502,9,0.2,4.0,0.5,41,42,41
CHEMBL232,35502,9,0.2,4.0,0.75,41,42,42
CHEMBL232,35502,9,0.2,6.0,0.25,42,42,42
CHEMBL232,35502,9,0.2,6.0,0.5,42,42,41
CHEMBL232,35502,9,0.2,6.0,0.75,42,42,42
CHEMBL232,35502,9,0.3,4.0,0.25,40,42,41
CHEMBL232,35502,9,0.3,4.0,0.5,40,42,41
CHEMBL232,35502,9,0.3,4.0,0.75,40,42,42
CHEMBL232,35502,9,0.3,6.0,0.25,42,42,42
CHEMBL232,35502,9,0.3,6.0,0.5,42,42,41
CHEMBL232,35502,9,0.3,6.0,0.75,42,42,42
CHEMBL234,35502,0,0.2,4.0,0.25,47,48,47
CHEMBL234,35502,0,0.2,4.0,0.5,47,48,48
CHEMBL234,35502,0,0.2,4.0,0.75,47,48,48
CHEMBL234,35502,0,0.2,6.0,0.25,47,48,47
CHEMBL234,35502,0,0.2,6.0,0.5,47,48,48
CHEMBL234,35502,0,0.2,6.0,0.75,47,48,48
CHEMBL234,35502,0,0.3,4.0,0.25,47,48,47
CHEMBL234,35502,0,0.3,4.0,0.5,47,48,48
CHEMBL234,35502,0,0.3,4.0,0.75,47,48,48
CHEMBL234,35502,0,0.3,6.0,0.25,47,48,47
CHEMBL234,35502,0,0.3,6.0,0.5,47,48,48
CHEMBL234,35502,0,0.3,6.0,0.75,47,48,48
CHEMBL234,35502,1,0.2,4.0,0.25,47,48,47
CHEMBL234,35502,1,0.2,4.0,0.5,47,48,48
CHEMBL234,35502,1,0.2,4.0,0.75,47,48,48
CHEMBL234,35502,1,0.2,6.0,0.25,47,48,47
CHEMBL234,35502,1,0.2,6.0,0.5,47,48,48
CHEMBL234,35502,1,0.2,6.0,0.75,47,48,48
CHEMBL234,35502,1,0.3,4.0,0.25,47,48,47
CHEMBL234,35502,1,0.3,4.0,0.5,47,48,48
CHEMBL234,35502,1,0.3,4.0,0.75,47,48,48
CHEMBL234,35502,1,0.3,6.0,0.25,47,48,47
CHEMBL234,35502,1,0.3,6.0,0.5,47,48,48
CHEMBL234,35502,1,0.3,6.0,0.75,47,48,48
CHEMBL234,35502,2,0.2,4.0,0.25,47,48,47
CHEMBL234,35502,2,0.2,4.0,0.5,47,48,48
CHEMBL234,35502,2,0.2,4.0,0.75,47,48,48
CHEMBL234,35502,2,0.2,6.0,0.25,47,48,47
CHEMBL234,35502,2,0.2,6.0,0.5,47,48,48
CHEMBL234,35502,2,0.2,6.0,0.75,47,48,48
CHEMBL234,35502,2,0.3,4.0,0.25,47,48,47
CHEMBL234,35502,2,0.3,4.0,0.5,47,48,48
CHEMBL234,35502,2,0.3,4.0,0.75,47,48,48
CHEMBL234,35502,2,0.3,6.0,0.25,47,48,47
CHEMBL234,35502,2,0.3,6.0,0.5,47,48,48
CHEMBL234,35502,2,0.3,6.0,0.75,47,48,48
CHEMBL234,35502,3,0.2,4.0,0.25,47,48,47
CHEMBL234,35502,3,0.2,4.0,0.5,47,48,48
CHEMBL234,35502,3,0.2,4.0,0.75,47,48,48
CHEMBL234,35502,3,0.2,6.0,0.25,47,48,47
CHEMBL234,35502,3,0.2,6.0,0.5,47,48,48
CHEMBL234,35502,3,0.2,6.0,0.75,47,48,48
CHEMBL234,35502,3,0.3,4.0,0.25,47,48,47
CHEMBL234,35502,3,0.3,4.0,0.5,47,48,48
CHEMBL234,35502,3,0.3,4.0,0.75,47,48,48
CHEMBL234,35502,3,0.3,6.0,0.25,47,48,47
CHEMBL234,35502,3,0.3,6.0,0.5,47,48,48
CHEMBL234,35502,3,0.3,6.0,0.75,47,48,48
CHEMBL234,35502,4,0.2,4.0,0.25,47,48,47
CHEMBL234,35502,4,0.2,4.0,0.5,47,48,48
CHEMBL234,35502,4,0.2,4.0,0.75,47,48,48
CHEMBL234,35502,4,0.2,6.0,0.25,47,48,47
CHEMBL234,35502,4,0.2,6.0,0.5,47,48,48
CHEMBL234,35502,4,0.2,6.0,0.75,47,48,48
CHEMBL234,35502,4,0.3,4.0,0.25,47,48,47
CHEMBL234,35502,4,0.3,4.0,0.5,47,48,48
CHEMBL234,35502,4,0.3,4.0,0.75,47,48,48
CHEMBL234,35502,4,0.3,6.0,0.25,47,48,47
CHEMBL234,35502,4,0.3,6.0,0.5,47,48,48
CHEMBL234,35502,4,0.3,6.0,0.75,47,48,48
CHEMBL234,35502,5,0.2,4.0,0.25,47,48,47
CHEMBL234,35502,5,0.2,4.0,0.5,47,48,48
CHEMBL234,35502,5,0.2,4.0,0.75,47,48,48
CHEMBL234,35502,5,0.2,6.0,0.25,47,48,47
CHEMBL234,35502,5,0.2,6.0,0.5,47,48,48
CHEMBL234,35502,5,0.2,6.0,0.75,47,48,48
CHEMBL234,35502,5,0.3,4.0,0.25,47,48,47
CHEMBL234,35502,5,0.3,4.0,0.5,47,48,48
CHEMBL234,35502,5,0.3,4.0,0.75,47,48,48
CHEMBL234,35502,5,0.3,6.0,0.25,47,48,47
CHEMBL234,35502,5,0.3,6.0,0.5,47,48,48
CHEMBL234,35502,5,0.3,6.0,0.75,47,48,48
CHEMBL234,35502,6,0.2,4.0,0.25,47,48,47
CHEMBL234,35502,6,0.2,4.0,0.5,47,48,48
CHEMBL234,35502,6,0.2,4.0,0.75,47,48,48
CHEMBL234,35502,6,0.2,6.0,0.25,47,48,47
CHEMBL234,35502,6,0.2,6.0,0.5,47,48,48
CHEMBL234,35502,6,0.2,6.0,0.75,47,48,48
CHEMBL234,35502,6,0.3,4.0,0.25,47,48,47
CHEMBL234,35502,6,0.3,4.0,0.5,47,48,48
CHEMBL234,35502,6,0.3,4.0,0.75,47,48,48
CHEMBL234,35502,6,0.3,6.0,0.25,47,48,47
CHEMBL234,35502,6,0.3,6.0,0.5,47,48,48
CHEMBL234,35502,6,0.3,6.0,0.75,47,48,48
CHEMBL234,35502,7,0.2,4.0,0.25,47,48,47
CHEMBL234,35502,7,0.2,4.0,0.5,47,48,48
CHEMBL234,35502,7,0.2,4.0,0.75,47,48,48
CHEMBL234,35502,7,0.2,6.0,0.25,47,48,47
CHEMBL234,35502,7,0.2,6.0,0.5,47,48,48
CHEMBL234,35502,7,0.2,6.0,0.75,47,48,48
CHEMBL234,35502,7,0.3,4.0,0.25,47,48,47
CHEMBL234,35502,7,0.3,4.0,0.5,47,48,48
CHEMBL234,35502,7,0.3,4.0,0.75,47,48,48
CHEMBL234,35502,7,0.3,6.0,0.25,47,48,47
CHEMBL234,35502,7,0.3,6.0,0.5,47,48,48
CHEMBL234,35502,7,0.3,6.0,0.75,47,48,48
CHEMBL234,35502,8,0.2,4.0,0.25,47,48,47
CHEMBL234,35502,8,0.2,4.0,0.5,47,48,48
CHEMBL234,35502,8,0.2,4.0,0.75,47,48,48
CHEMBL234,35502,8,0.2,6.0,0.25,47,48,47
CHEMBL234,35502,8,0.2,6.0,0.5,47,48,48
CHEMBL234,35502,8,0.2,6.0,0.75,47,48,48
CHEMBL234,35502,8,0.3,4.0,0.25,47,48,47
CHEMBL234,35502,8,0.3,4.0,0.5,47,48,48
CHEMBL234,35502,8,0.3,4.0,0.75,47,48,48
CHEMBL234,35502,8,0.3,6.0,0.25,47,48,47
CHEMBL234,35502,8,0.3,6.0,0.5,47,48,48
CHEMBL234,35502,8,0.3,6.0,0.75,47,48,48
CHEMBL234,35502,9,0.2,4.0,0.25,47,48,47
CHEMBL234,35502,9,0.2,4.0,0.5,47,48,48
CHEMBL234,35502,9,0.2,4.0,0.75,47,48,48
CHEMBL234,35502,9,0.2,6.0,0.25,47,48,47
CHEMBL234,35502,9,0.2,6.0,0.5,47,48,48
CHEMBL234,35502,9,0.2,6.0,0.75,47,48,48
CHEMBL234,35502,9,0.3,4.0,0.25,47,48,47
CHEMBL234,35502,9,0.3,4.0,0.5,47,48,48
CHEMBL234,35502,9,0.3,4.0,0.75,47,48,48
CHEMBL234,35502,9,0.3,6.0,0.25,47,48,47
CHEMBL234,35502,9,0.3,6.0,0.5,47,48,48
CHEMBL234,35502,9,0.3,6.0,0.75,47,48,48
CHEMBL236,35502,0,0.2,4.0,0.25,50,50,50
CHEMBL236,35502,0,0.2,4.0,0.5,50,50,50
CHEMBL236,35502,0,0.2,4.0,0.75,50,50,50
CHEMBL236,35502,0,0.2,6.0,0.25,50,50,50
CHEMBL236,35502,0,0.2,6.0,0.5,50,50,50
CHEMBL236,35502,0,0.2,6.0,0.75,50,50,50
CHEMBL236,35502,0,0.3,4.0,0.25,49,50,50
CHEMBL236,35502,0,0.3,4.0,0.5,49,50,50
CHEMBL236,35502,0,0.3,4.0,0.75,49,50,50
CHEMBL236,35502,0,0.3,6.0,0.25,49,50,49
CHEMBL236,35502,0,0.3,6.0,0.5,49,50,50
CHEMBL236,35502,0,0.3,6.0,0.75,49,50,50
CHEMBL236,35502,1,0.2,4.0,0.25,48,50,49
CHEMBL236,35502,1,0.2,4.0,0.5,48,50,50
CHEMBL236,35502,1,0.2,4.0,0.75,48,50,50
CHEMBL236,35502,1,0.2,6.0,0.25,49,50,49
CHEMBL236,35502,1,0.2,6.0,0.5,49,50,50
CHEMBL236,35502,1,0.2,6.0,0.75,49,50,50
CHEMBL236,35502,1,0.3,4.0,0.25,50,50,50
CHEMBL236,35502,1,0.3,4.0,0.5,50,50,50
CHEMBL236,35502,1,0.3,4.0,0.75,50,50,50
CHEMBL236,35502,1,0.3,6.0,0.25,49,50,50
CHEMBL236,35502,1,0.3,6.0,0.5,49,50,50
CHEMBL236,35502,1,0.3,6.0,0.75,49,50,50
CHEMBL236,35502,2,0.2,4.0,0.25,49,50,49
CHEMBL236,35502,2,0.2,4.0,0.5,49,50,50
CHEMBL236,35502,2,0.2,4.0,0.75,49,50,50
CHEMBL236,35502,2,0.2,6.0,0.25,49,50,49
CHEMBL236,35502,2,0.2,6.0,0.5,49,50,50
CHEMBL236,35502,2,0.2,6.0,0.75,49,50,50
CHEMBL236,35502,2,0.3,4.0,0.25,49,50,50
CHEMBL236,35502,2,0.3,4.0,0.5,49,50,50
CHEMBL236,35502,2,0.3,4.0,0.75,49,50,50
CHEMBL236,35502,2,0.3,6.0,0.25,48,50,49
CHEMBL236,35502,2,0.3,6.0,0.5,48,50,50
CHEMBL236,35502,2,0.3,6.0,0.75,48,50,50
CHEMBL236,35502,3,0.2,4.0,0.25,49,50,49
CHEMBL236,35502,3,0.2,4.0,0.5,49,50,50
CHEMBL236,35502,3,0.2,4.0,0.75,49,50,50
CHEMBL236,35502,3,0.2,6.0,0.25,49,50,50
CHEMBL236,35502,3,0.2,6.0,0.5,49,50,50
CHEMBL236,35502,3,0.2,6.0,0.75,49,50,50
CHEMBL236,35502,3,0.3,4.0,0.25,48,50,49
CHEMBL236,35502,3,0.3,4.0,0.5,48,50,50
CHEMBL236,35502,3,0.3,4.0,0.75,48,50,50
CHEMBL236,35502,3,0.3,6.0,0.25,50,50,50
CHEMBL236,35502,3,0.3,6.0,0.5,50,50,50
CHEMBL236,35502,3,0.3,6.0,0.75,50,50,50
CHEMBL236,35502,4,0.2,4.0,0.25,49,50,50
CHEMBL236,35502,4,0.2,4.0,0.5,49,50,50
CHEMBL236,35502,4,0.2,4.0,0.75,49,50,50
CHEMBL236,35502,4,0.2,6.0,0.25,50,50,50
CHEMBL236,35502,4,0.2,6.0,0.5,50,50,50
CHEMBL236,35502,4,0.2,6.0,0.75,50,50,50
CHEMBL236,35502,4,0.3,4.0,0.25,49,50,50
CHEMBL236,35502,4,0.3,4.0,0.5,49,50,50
CHEMBL236,35502,4,0.3,4.0,0.75,49,50,50
CHEMBL236,35502,4,0.3,6.0,0.25,49,50,49
CHEMBL236,35502,4,0.3,6.0,0.5,49,50,50
CHEMBL236,35502,4,0.3,6.0,0.75,49,50,50
CHEMBL236,35502,5,0.2,4.0,0.25,49,50,50
CHEMBL236,35502,5,0.2,4.0,0.5,49,50,50
CHEMBL236,35502,5,0.2,4.0,0.75,49,50,50
CHEMBL236,35502,5,0.2,6.0,0.25,49,50,49
CHEMBL236,35502,5,0.2,6.0,0.5,49,50,50
CHEMBL236,35502,5,0.2,6.0,0.75,49,50,50
CHEMBL236,35502,5,0.3,4.0,0.25,48,50,50
CHEMBL236,35502,5,0.3,4.0,0.5,48,50,50
CHEMBL236,35502,5,0.3,4.0,0.75,48,50,50
CHEMBL236,35502,5,0.3,6.0,0.25,49,50,49
CHEMBL236,35502,5,0.3,6.0,0.5,49,50,50
CHEMBL236,35502,5,0.3,6.0,0.75,49,50,50
CHEMBL236,35502,6,0.2,4.0,0.25,47,50,49
CHEMBL236,35502,6,0.2,4.0,0.5,47,50,50
CHEMBL236,35502,6,0.2,4.0,0.75,47,50,50
CHEMBL236,35502,6,0.2,6.0,0.25,50,50,50
CHEMBL236,35502,6,0.2,6.0,0.5,50,50,50
CHEMBL236,35502,6,0.2,6.0,0.75,50,50,50
CHEMBL236,35502,6,0.3,4.0,0.25,48,50,50
CHEMBL236,35502,6,0.3,4.0,0.5,48,50,50
CHEMBL236,35502,6,0.3,4.0,0.75,48,50,50
CHEMBL236,35502,6,0.3,6.0,0.25,49,50,49
CHEMBL236,35502,6,0.3,6.0,0.5,49,50,50
CHEMBL236,35502,6,0.3,6.0,0.75,49,50,50
CHEMBL236,35502,7,0.2,4.0,0.25,48,50,49
CHEMBL236,35502,7,0.2,4.0,0.5,48,50,50
CHEMBL236,35502,7,0.2,4.0,0.75,48,50,50
CHEMBL236,35502,7,0.2,6.0,0.25,49,50,50
CHEMBL236,35502,7,0.2,6.0,0.5,49,50,50
CHEMBL236,35502,7,0.2,6.0,0.75,49,50,50
CHEMBL236,35502,7,0.3,4.0,0.25,49,50,50
CHEMBL236,35502,7,0.3,4.0,0.5,49,50,50
CHEMBL236,35502,7,0.3,4.0,0.75,49,50,50
CHEMBL236,35502,7,0.3,6.0,0.25,50,50,50
CHEMBL236,35502,7,0.3,6.0,0.5,50,50,50
CHEMBL236,35502,7,0.3,6.0,0.75,50,50,50
CHEMBL236,35502,8,0.2,4.0,0.25,49,50,49
CHEMBL236,35502,8,0.2,4.0,0.5,49,50,50
CHEMBL236,35502,8,0.2,4.0,0.75,49,50,50
CHEMBL236,35502,8,0.2,6.0,0.25,49,50,49
CHEMBL236,35502,8,0.2,6.0,0.5,49,50,50
CHEMBL236,35502,8,0.2,6.0,0.75,49,50,50
CHEMBL236,35502,8,0.3,4.0,0.25,48,50,50
CHEMBL236,35502,8,0.3,4.0,0.5,48,50,50
CHEMBL236,35502,8,0.3,4.0,0.75,48,50,50
CHEMBL236,35502,8,0.3,6.0,0.25,50,50,50
CHEMBL236,35502,8,0.3,6.0,0.5,50,50,50
CHEMBL236,35502,8,0.3,6.0,0.75,50,50,50
CHEMBL236,35502,9,0.2,4.0,0.25,50,50,50
CHEMBL236,35502,9,0.2,4.0,0.5,50,50,50
CHEMBL236,35502,9,0.2,4.0,0.75,50,50,50
CHEMBL236,35502,9,0.2,6.0,0.25,47,50,47
CHEMBL236,35502,9,0.2,6.0,0.5,47,50,50
CHEMBL236,35502,9,0.2,6.0,0.75,47,50,50
CHEMBL236,35502,9,0.3,4.0,0.25,49,50,49
CHEMBL236,35502,9,0.3,4.0,0.5,49,50,50
CHEMBL236,35502,9,0.3,4.0,0.75,49,50,50
CHEMBL236,35502,9,0.3,6.0,0.25,49,50,49
CHEMBL236,35502,9,0.3,6.0,0.5,49,50,50
CHEMBL236,35502,9,0.3,6.0,0.75,49,50,50
CHEMBL238,35502,0,0.2,4.0,0.25,44,44,44
CHEMBL238,35502,0,0.2,4.0,0.5,44,44,45
CHEMBL238,35502,0,0.2,4.0,0.75,44,44,45
CHEMBL238,35502,0,0.2,6.0,0.25,45,44,45
CHEMBL238,35502,0,0.2,6.0,0.5,45,44,46
CHEMBL238,35502,0,0.2,6.0,0.75,45,44,45
CHEMBL238,35502,0,0.3,4.0,0.25,45,45,45
CHEMBL238,35502,0,0.3,4.0,0.5,45,45,46
CHEMBL238,35502,0,0.3,4.0,0.75,45,45,45
CHEMBL238,35502,0,0.3,6.0,0.25,45,45,44
CHEMBL238,35502,0,0.3,6.0,0.5,45,45,46
CHEMBL238,35502,0,0.3,6.0,0.75,45,45,46
CHEMBL238,35502,1,0.2,4.0,0.25,47,45,47
CHEMBL238,35502,1,0.2,4.0,0.5,47,45,46
CHEMBL238,35502,1,0.2,4.0,0.75,47,45,46
CHEMBL238,35502,1,0.2,6.0,0.25,48,44,48
CHEMBL238,35502,1,0.2,6.0,0.5,48,44,45
CHEMBL238,35502,1,0.2,6.0,0.75,48,44,46
CHEMBL238,35502,1,0.3,4.0,0.25,45,44,45
CHEMBL238,35502,1,0.3,4.0,0.5,45,44,46
CHEMBL238,35502,1,0.3,4.0,0.75,45,44,45
CHEMBL238,35502,1,0.3,6.0,0.25,46,44,45
CHEMBL238,35502,1,0.3,6.0,0.5,46,44,46
CHEMBL238,35502,1,0.3,6.0,0.75,46,44,46
CHEMBL238,35502,2,0.2,4.0,0.25,46,45,46
CHEMBL238,35502,2,0.2,4.0,0.5,46,45,44
CHEMBL238,35502,2,0.2,4.0,0.75,46,45,46
CHEMBL238,35502,2,0.2,6.0,0.25,44,45,45
CHEMBL238,35502,2,0.2,6.0,0.5,44,45,44
CHEMBL238,35502,2,0.2,6.0,0.75,44,45,46
CHEMBL238,35502,2,0.3,4.0,0.25,46,44,45
CHEMBL238,35502,2,0.3,4.0,0.5,46,44,46
CHEMBL238,35502,2,0.3,4.0,0.75,46,44,46
CHEMBL238,35502,2,0.3,6.0,0.25,46,44,46
CHEMBL238,35502,2,0.3,6.0,0.5,46,44,46
CHEMBL238,35502,2,0.3,6.0,0.75,46,44,46
CHEMBL238,35502,3,0.2,4.0,0.25,48,44,47
CHEMBL238,35502,3,0.2,4.0,0.5,48,44,46
CHEMBL238,35502,3,0.2,4.0,0.75,48,44,45
CHEMBL238,35502,3,0.2,6.0,0.25,48,43,48
CHEMBL238,35502,3,0.2,6.0,0.5,48,43,47
CHEMBL238,35502,3,0.2,6.0,0.75,48,43,46
CHEMBL238,35502,3,0.3,4.0,0.25,45,44,46
CHEMBL238,35502,3,0.3,4.0,0.5,45,44,45
CHEMBL238,35502,3,0.3,4.0,0.75,45,44,46
CHEMBL238,35502,3,0.3,6.0,0.25,46,44,47
CHEMBL238,35502,3,0.3,6.0,0.5,46,44,45
CHEMBL238,35502,3,0.3,6.0,0.75,46,44,46
CHEMBL238,35502,4,0.2,4.0,0.25,47,45,47
CHEMBL238,35502,4,0.2,4.0,0.5,47,45,47
CHEMBL238,35502,4,0.2,4.0,0.75,47,45,46
CHEMBL238,35502,4,0.2,6.0,0.25,49,45,49
CHEMBL238,35502,4,0.2,6.0,0.5,49,45,47
CHEMBL238,35502,4,0.2,6.0,0.75,49,45,46
CHEMBL238,35502,4,0.3,4.0,0.25,46,43,46
CHEMBL238,35502,4,0.3,4.0,0.5,46,43,45
CHEMBL238,35502,4,0.3,4.0,0.75,46,43,44
CHEMBL238,35502,4,0.3,6.0,0.25,48,43,48
CHEMBL238,35502,4,0.3,6.0,0.5,48,43,46
CHEMBL238,35502,4,0.3,6.0,0.75,48,43,45
CHEMBL238,35502,5,0.2,4.0,0.25,46,45,45
CHEMBL238,35502,5,0.2,4.0,0.5,46,45,45
CHEMBL238,35502,5,0.2,4.0,0.75,46,45,45
CHEMBL238,35502,5,0.2,6.0,0.25,47,45,46
CHEMBL238,35502,5,0.2,6.0,0.5,47,45,45
CHEMBL238,35502,5,0.2,6.0,0.75,47,45,46
CHEMBL238,35502,5,0.3,4.0,0.25,47,44,47
CHEMBL238,35502,5,0.3,4.0,0.5,47,44,48
CHEMBL238,35502,5,0.3,4.0,0.75,47,44,47
CHEMBL238,35502,5,0.3,6.0,0.25,47,44,47
CHEMBL238,35502,5,0.3,6.0,0.5,47,44,48
CHEMBL238,35502,5,0.3,6.0,0.75,47,44,47
CHEMBL238,35502,6,0.2,4.0,0.25,46,45,45
CHEMBL238,35502,6,0.2,4.0,0.5,46,45,45
CHEMBL238,35502,6,0.2,4.0,0.75,46,45,45
CHEMBL238,35502,6,0.2,6.0,0.25,48,45,47
CHEMBL238,35502,6,0.2,6.0,0.5,48,45,46
CHEMBL238,35502,6,0.2,6.0,0.75,48,45,46
CHEMBL238,35502,6,0.3,4.0,0.25,45,45,45
CHEMBL238,35502,6,0.3,4.0,0.5,45,45,46
CHEMBL238,35502,6,0.3,4.0,0.75,45,45,47
CHEMBL238,35502,6,0.3,6.0,0.25,44,45,44
CHEMBL238,35502,6,0.3,6.0,0.5,44,45,47
CHEMBL238,35502,6,0.3,6.0,0.75,44,45,47
CHEMBL238,35502,7,0.2,4.0,0.25,46,44,46
CHEMBL238,35502,7,0.2,4.0,0.5,46,44,46
CHEMBL238,35502,7,0.2,4.0,0.75,46,44,46
CHEMBL238,35502,7,0.2,6.0,0.25,46,44,47
CHEMBL238,35502,7,0.2,6.0,0.5,46,44,46
CHEMBL238,35502,7,0.2,6.0,0.75,46,44,46
CHEMBL238,35502,7,0.3,4.0,0.25,44,45,44
CHEMBL238,35502,7,0.3,4.0,0.5,44,45,45
CHEMBL238,35502,7,0.3,4.0,0.75,44,45,45
CHEMBL238,35502,7,0.3,6.0,0.25,45,45,44
CHEMBL238,35502,7,0.3,6.0,0.5,45,45,45
CHEMBL238,35502,7,0.3,6.0,0.75,45,45,46
CHEMBL238,35502,8,0.2,4.0,0.25,46,45,45
CHEMBL238,35502,8,0.2,4.0,0.5,46,45,44
CHEMBL238,35502,8,0.2,4.0,0.75,46,45,46
CHEMBL238,35502,8,0.2,6.0,0.25,47,45,46
CHEMBL238,35502,8,0.2,6.0,0.5,47,45,45
CHEMBL238,35502,8,0.2,6.0,0.75,47,45,46
CHEMBL238,35502,8,0.3,4.0,0.25,45,45,45
CHEMBL238,35502,8,0.3,4.0,0.5,45,45,46
CHEMBL238,35502,8,0.3,4.0,0.75,45,45,47
CHEMBL238,35502,8,0.3,6.0,0.25,45,45,45
CHEMBL238,35502,8,0.3,6.0,0.5,45,45,46
CHEMBL238,35502,8,0.3,6.0,0.75,45,45,47
CHEMBL238,35502,9,0.2,4.0,0.25,47,44,47
CHEMBL238,35502,9,0.2,4.0,0.5,47,44,47
CHEMBL238,35502,9,0.2,4.0,0.75,47,44,47
CHEMBL238,35502,9,0.2,6.0,0.25,47,44,47
CHEMBL238,35502,9,0.2,6.0,0.5,47,44,47
CHEMBL238,35502,9,0.2,6.0,0.75,47,44,47
CHEMBL238,35502,9,0.3,4.0,0.25,45,44,46
CHEMBL238,35502,9,0.3,4.0,0.5,45,44,46
CHEMBL238,35502,9,0.3,4.0,0.75,45,44,46
CHEMBL238,35502,9,0.3,6.0,0.25,45,44,46
CHEMBL238,35502,9,0.3,6.0,0.5,45,44,47
CHEMBL238,35502,9,0.3,6.0,0.75,45,44,46
CHEMBL239,35502,0,0.2,4.0,0.25,34,32,33
CHEMBL239,35502,0,0.2,4.0,0.5,34,32,34
CHEMBL239,35502,0,0.2,4.0,0.75,34,32,33
CHEMBL239,35502,0,0.2,6.0,0.25,35,32,34
CHEMBL239,35502,0,0.2,6.0,0.5,35,32,34
CHEMBL239,35502,0,0.2,6.0,0.75,35,32,34
CHEMBL239,35502,0,0.3,4.0,0.25,34,31,34
CHEMBL239,35502,0,0.3,4.0,0.5,34,31,33
CHEMBL239,35502,0,0.3,4.0,0.75,34,31,34
CHEMBL239,35502,0,0.3,6.0,0.25,37,31,36
CHEMBL239,35502,0,0.3,6.0,0.5,37,31,36
CHEMBL239,35502,0,0.3,6.0,0.75,37,31,35
CHEMBL239,35502,1,0.2,4.0,0.25,31,32,31
CHEMBL239,35502,1,0.2,4.0,0.5,31,32,31
CHEMBL239,35502,1,0.2,4.0,0.75,31,32,32
CHEMBL239,35502,1,0.2,6.0,0.25,36,32,34
CHEMBL239,35502,1,0.2,6.0,0.5,36,32,34
CHEMBL239,35502,1,0.2,6.0,0.75,36,32,33
CHEMBL239,35502,1,0.3,4.0,0.25,31,31,31
CHEMBL239,35502,1,0.3,4.0,0.5,31,31,32
CHEMBL239,35502,1,0.3,4.0,0.75,31,31,31
CHEMBL239,35502,1,0.3,6.0,0.25,35,31,34
CHEMBL239,35502,1,0.3,6.0,0.5,35,31,34
CHEMBL239,35502,1,0.3,6.0,0.75,35,31,32
CHEMBL239,35502,2,0.2,4.0,0.25,34,31,34
CHEMBL239,35502,2,0.2,4.0,0.5,34,31,34
CHEMBL239,35502,2,0.2,4.0,0.75,34,31,34
CHEMBL239,35502,2,0.2,6.0,0.25,37,31,36
CHEMBL239,35502,2,0.2,6.0,0.5,37,31,36
CHEMBL239,35502,2,0.2,6.0,0.75,37,31,35
CHEMBL239,35502,2,0.3,4.0,0.25,34,31,33
CHEMBL239,35502,2,0.3,4.0,0.5,34,31,33
CHEMBL239,35502,2,0.3,4.0,0.75,34,31,33
CHEMBL239,35502,2,0.3,6.0,0.25,37,31,35
CHEMBL239,35502,2,0.3,6.0,0.5,37,31,35
CHEMBL239,35502,2,0.3,6.0,0.75,37,31,35
CHEMBL239,35502,3,0.2,4.0,0.25,34,32,34
CHEMBL239,35502,3,0.2,4.0,0.5,34,32,33
CHEMBL239,35502,3,0.2,4.0,0.75,34,32,34
CHEMBL239,35502,3,0.2,6.0,0.25,36,32,35
CHEMBL239,35502,3,0.2,6.0,0.5,36,32,35
CHEMBL239,35502,3,0.2,6.0,0.75,36,32,35
CHEMBL239,35502,3,0.3,4.0,0.25,31,28,31
CHEMBL239,35502,3,0.3,4.0,0.5,31,28,31
CHEMBL239,35502,3,0.3,4.0,0.75,31,28,31
CHEMBL239,35502,3,0.3,6.0,0.25,34,28,34
CHEMBL239,35502,3,0.3,6.0,0.5,34,28,33
CHEMBL239,35502,3,0.3,6.0,0.75,34,28,33
CHEMBL239,35502,4,0.2,4.0,0.25,31,32,32
CHEMBL239,35502,4,0.2,4.0,0.5,31,32,31
CHEMBL239,35502,4,0.2,4.0,0.75,31,32,32
CHEMBL239,35502,4,0.2,6.0,0.25,33,32,33
CHEMBL239,35502,4,0.2,6.0,0.5,33,32,33
CHEMBL239,35502,4,0.2,6.0,0.75,33,32,33
CHEMBL239,35502,4,0.3,4.0,0.25,31,30,32
CHEMBL239,35502,4,0.3,4.0,0.5,31,30,31
CHEMBL239,35502,4,0.3,4.0,0.75,31,30,31
CHEMBL239,35502,4,0.3,6.0,0.25,36,30,35
CHEMBL239,35502,4,0.3,6.0,0.5,36,30,35
CHEMBL239,35502,4,0.3,6.0,0.75,36,30,33
CHEMBL239,35502,5,0.2,4.0,0.25,36,32,33
CHEMBL239,35502,5,0.2,4.0,0.5,36,32,34
CHEMBL239,35502,5,0.2,4.0,0.75,36,32,32
CHEMBL239,35502,5,0.2,6.0,0.25,36,32,34
CHEMBL239,35502,5,0.2,6.0,0.5,36,32,36
CHEMBL239,35502,5,0.2,6.0,0.75,36,32,33
CHEMBL239,35502,5,0.3,4.0,0.25,30,30,29
CHEMBL239,35502,5,0.3,4.0,0.5,30,30,30
CHEMBL239,35502,5,0.3,4.0,0.75,30,30,30
CHEMBL239,35502,5,0.3,6.0,0.25,34,30,32
CHEMBL239,35502,5,0.3,6.0,0.5,34,30,32
CHEMBL239,35502,5,0.3,6.0,0.75,34,30,32
CHEMBL239,35502,6,0.2,4.0,0.25,32,32,32
CHEMBL239,35502,6,0.2,4.0,0.5,32,32,31
CHEMBL239,35502,6,0.2,4.0,0.75,32,32,31
CHEMBL239,35502,6,0.2,6.0,0.25,35,32,35
CHEMBL239,35502,6,0.2,6.0,0.5,35,32,34
CHEMBL239,35502,6,0.2,6.0,0.75,35,32,33
CHEMBL239,35502,6,0.3,4.0,0.25,31,31,31
CHEMBL239,35502,6,0.3,4.0,0.5,31,31,31
CHEMBL239,35502,6,0.3,4.0,0.75,31,31,32
CHEMBL239,35502,6,0.3,6.0,0.25,36,31,35
CHEMBL239,35502,6,0.3,6.0,0.5,36,31,34
CHEMBL239,35502,6,0.3,6.0,0.75,36,31,33
CHEMBL239,35502,7,0.2,4.0,0.25,33,32,33
CHEMBL239,35502,7,0.2,4.0,0.5,33,32,33
CHEMBL239,35502,7,0.2,4.0,0.75,33,32,33
CHEMBL239,35502,7,0.2,6.0,0.25,36,32,35
CHEMBL239,35502,7,0.2,6.0,0.5,36,32,35
CHEMBL239,35502,7,0.2,6.0,0.75,36,32,34
CHEMBL239,35502,7,0.3,4.0,0.25,34,31,32
CHEMBL239,35502,7,0.3,4.0,0.5,34,31,32
CHEMBL239,35502,7,0.3,4.0,0.75,34,31,33
CHEMBL239,35502,7,0.3,6.0,0.25,37,31,35
CHEMBL239,35502,7,0.3,6.0,0.5,37,31,34
CHEMBL239,35502,7,0.3,6.0,0.75,37,31,34
CHEMBL239,35502,8,0.2,4.0,0.25,32,31,32
CHEMBL239,35502,8,0.2,4.0,0.5,32,31,31
CHEMBL239,35502,8,0.2,4.0,0.75,32,31,31
CHEMBL239,35502,8,0.2,6.0,0.25,35,31,34
CHEMBL239,35502,8,0.2,6.0,0.5,35,31,33
CHEMBL239,35502,8,0.2,6.0,0.75,35,31,33
CHEMBL239,35502,8,0.3,4.0,0.25,31,29,31
CHEMBL239,35502,8,0.3,4.0,0.5,31,29,31
CHEMBL239,35502,8,0.3,4.0,0.75,31,29,31
CHEMBL239,35502,8,0.3,6.0,0.25,34,29,33
CHEMBL239,35502,8,0.3,6.0,0.5,34,29,32
CHEMBL239,35502,8,0.3,6.0,0.75,34,29,32
CHEMBL239,35502,9,0.2,4.0,0.25,31,32,33
CHEMBL239,35502,9,0.2,4.0,0.5,31,32,32
CHEMBL239,35502,9,0.2,4.0,0.75,31,32,33
CHEMBL239,35502,9,0.2,6.0,0.25,34,32,34
CHEMBL239,35502,9,0.2,6.0,0.5,34,32,34
CHEMBL239,35502,9,0.2,6.0,0.75,34,32,33
CHEMBL239,35502,9,0.3,4.0,0.25,32,30,33
CHEMBL239,35502,9,0.3,4.0,0.5,32,30,31
CHEMBL239,35502,9,0.3,4.0,0.75,32,30,32
CHEMBL239,35502,9,0.3,6.0,0.25,37,30,35
CHEMBL239,35502,9,0.3,6.0,0.5,37,30,35
CHEMBL239,35502,9,0.3,6.0,0.75,37,30,33
