scorer_seed,method,hits,fdp,selected,blocks
35501,chemdeprc_cap1,42.4475,0.15105000000000002,50.0,50.0
35501,meta_calibration,44.7425,0.10515000000000001,50.0,50.0
35501,minp_block_bh_cap1,42.9175,0.14165,50.0,50.0
35501,minp_score_fill,42.9175,0.14165,50.0,50.0
35501,opdiv_tanimoto0.7,36.37,0.2726,50.0,31.7525
35501,score_cap1,41.96,0.16080000000000003,50.0,50.0
35501,weighted_bh,41.25,0.175,50.0,40.1375
35501,weighted_bh_cap1_fill,42.8775,0.14245000000000002,50.0,50.0
35502,chemdeprc_cap1,42.48,0.1504,50.0,50.0
35502,meta_calibration,44.46,0.1108,50.0,50.0
35502,minp_block_bh_cap1,42.5625,0.14660519973947025,49.875,49.875
35502,minp_score_fill,42.62,0.1476,50.0,50.0
35502,opdiv_tanimoto0.7,36.1925,0.27615,50.0,31.75
35502,score_cap1,42.21,0.1558,50.0,50.0
35502,weighted_bh,41.635,0.1673,50.0,40.1325
35502,weighted_bh_cap1_fill,42.685,0.1463,50.0,50.0
35503,chemdeprc_cap1,42.52,0.1496,50.0,50.0
35503,meta_calibration,44.3825,0.11234999999999999,50.0,50.0
35503,minp_block_bh_cap1,43.0875,0.13824999999999998,50.0,50.0
35503,minp_score_fill,43.0875,0.13824999999999998,50.0,50.0
35503,opdiv_tanimoto0.7,36.29,0.2742,50.0,32.01
35503,score_cap1,42.24,0.1552,50.0,50.0
35503,weighted_bh,41.455,0.1709,50.0,39.975
35503,weighted_bh_cap1_fill,43.1275,0.13745000000000002,50.0,50.0
35504,chemdeprc_cap1,42.285,0.1543,50.0,50.0
35504,meta_calibration,44.34,0.11320000000000001,50.0,50.0
35504,minp_block_bh_cap1,42.525,0.14739529327688522,49.8775,49.8775
35504,minp_score_fill,42.585,0.1483,50.0,50.0
35504,opdiv_tanimoto0.7,36.1025,0.27795000000000003,50.0,31.7825
35504,score_cap1,42.095,0.15810000000000002,50.0,50.0
35504,weighted_bh,41.4625,0.17074999999999999,50.0,39.9975
35504,weighted_bh_cap1_fill,42.68,0.1464,50.0,50.0
35505,chemdeprc_cap1,42.2725,0.15455,50.0,50.0
35505,meta_calibration,44.2975,0.11405000000000001,50.0,50.0
35505,minp_block_bh_cap1,42.74,0.144675,49.97,49.97
35505,minp_score_fill,42.755,0.1449,50.0,50.0
35505,opdiv_tanimoto0.7,36.145,0.2771,50.0,31.765
35505,score_cap1,42.1075,0.15785,50.0,50.0
35505,weighted_bh,41.29,0.17420000000000002,50.0,40.7575
35505,weighted_bh_cap1_fill,42.7975,0.14405,50.0,50.0
