target,seed,rep,fraction,boost,chemdep_hits,scorecap_hits,multifp_rf_hits,selected,scaffolds
CHEMBL222,35501,0,0.2,4.0,46,44,46,50,50
CHEMBL222,35501,0,0.2,6.0,48,44,46,50,50
CHEMBL222,35501,0,0.3,4.0,45,44,45,50,50
CHEMBL222,35501,0,0.3,6.0,46,44,45,50,50
CHEMBL222,35501,1,0.2,4.0,46,44,45,50,50
CHEMBL222,35501,1,0.2,6.0,48,44,45,50,50
CHEMBL222,35501,1,0.3,4.0,46,44,46,50,50
CHEMBL222,35501,1,0.3,6.0,45,44,46,50,50
CHEMBL222,35501,2,0.2,4.0,45,44,45,50,50
CHEMBL222,35501,2,0.2,6.0,47,44,45,50,50
CHEMBL222,35501,2,0.3,4.0,46,43,45,50,50
CHEMBL222,35501,2,0.3,6.0,48,43,45,50,50
CHEMBL222,35501,3,0.2,4.0,48,45,46,50,50
CHEMBL222,35501,3,0.2,6.0,48,44,46,50,50
CHEMBL222,35501,3,0.3,4.0,46,44,45,50,50
CHEMBL222,35501,3,0.3,6.0,46,44,45,50,50
CHEMBL222,35501,4,0.2,4.0,45,45,45,50,50
CHEMBL222,35501,4,0.2,6.0,48,45,45,50,50
CHEMBL222,35501,4,0.3,4.0,47,45,45,50,50
CHEMBL222,35501,4,0.3,6.0,46,44,45,50,50
CHEMBL222,35501,5,0.2,4.0,45,45,45,50,50
CHEMBL222,35501,5,0.2,6.0,47,45,45,50,50
CHEMBL222,35501,5,0.3,4.0,46,44,46,50,50
CHEMBL222,35501,5,0.3,6.0,47,44,46,50,50
CHEMBL222,35501,6,0.2,4.0,45,46,45,50,50
CHEMBL222,35501,6,0.2,6.0,46,45,45,50,50
CHEMBL222,35501,6,0.3,4.0,45,44,44,50,50
CHEMBL222,35501,6,0.3,6.0,48,44,44,50,50
CHEMBL222,35501,7,0.2,4.0,45,44,45,50,50
CHEMBL222,35501,7,0.2,6.0,48,44,45,50,50
CHEMBL222,35501,7,0.3,4.0,45,45,44,50,50
CHEMBL222,35501,7,0.3,6.0,47,44,44,50,50
CHEMBL222,35501,8,0.2,4.0,47,46,45,50,50
CHEMBL222,35501,8,0.2,6.0,47,45,45,50,50
CHEMBL222,35501,8,0.3,4.0,47,43,45,50,50
CHEMBL222,35501,8,0.3,6.0,48,43,45,50,50
CHEMBL222,35501,9,0.2,4.0,46,45,45,50,50
CHEMBL222,35501,9,0.2,6.0,47,44,45,50,50
CHEMBL222,35501,9,0.3,4.0,45,44,45,50,50
CHEMBL222,35501,9,0.3,6.0,47,44,45,50,50
CHEMBL225,35501,0,0.2,4.0,40,39,43,50,50
CHEMBL225,35501,0,0.2,6.0,42,39,43,50,50
CHEMBL225,35501,0,0.3,4.0,41,38,44,50,50
CHEMBL225,35501,0,0.3,6.0,42,38,44,50,50
CHEMBL225,35501,1,0.2,4.0,42,39,43,50,50
CHEMBL225,35501,1,0.2,6.0,44,39,43,50,50
CHEMBL225,35501,1,0.3,4.0,41,38,43,50,50
CHEMBL225,35501,1,0.3,6.0,42,38,43,50,50
CHEMBL225,35501,2,0.2,4.0,43,39,44,50,50
CHEMBL225,35501,2,0.2,6.0,43,39,44,50,50
CHEMBL225,35501,2,0.3,4.0,40,38,43,50,50
CHEMBL225,35501,2,0.3,6.0,43,38,43,50,50
CHEMBL225,35501,3,0.2,4.0,41,38,44,50,50
CHEMBL225,35501,3,0.2,6.0,41,38,44,50,50
CHEMBL225,35501,3,0.3,4.0,39,37,42,50,50
CHEMBL225,35501,3,0.3,6.0,43,37,42,50,50
CHEMBL225,35501,4,0.2,4.0,43,39,44,50,50
CHEMBL225,35501,4,0.2,6.0,43,39,44,50,50
CHEMBL225,35501,4,0.3,4.0,42,37,43,50,50
CHEMBL225,35501,4,0.3,6.0,43,37,43,50,50
CHEMBL225,35501,5,0.2,4.0,40,39,44,50,50
CHEMBL225,35501,5,0.2,6.0,41,39,44,50,50
CHEMBL225,35501,5,0.3,4.0,39,37,43,50,50
CHEMBL225,35501,5,0.3,6.0,40,37,43,50,50
CHEMBL225,35501,6,0.2,4.0,41,38,43,50,50
CHEMBL225,35501,6,0.2,6.0,43,38,43,50,50
CHEMBL225,35501,6,0.3,4.0,40,38,43,50,50
CHEMBL225,35501,6,0.3,6.0,42,38,43,50,50
CHEMBL225,35501,7,0.2,4.0,40,39,43,50,50
CHEMBL225,35501,7,0.2,6.0,42,39,43,50,50
CHEMBL225,35501,7,0.3,4.0,39,37,43,50,50
CHEMBL225,35501,7,0.3,6.0,40,37,43,50,50
CHEMBL225,35501,8,0.2,4.0,42,39,43,50,50
CHEMBL225,35501,8,0.2,6.0,43,39,43,50,50
CHEMBL225,35501,8,0.3,4.0,39,37,43,50,50
CHEMBL225,35501,8,0.3,6.0,41,37,43,50,50
CHEMBL225,35501,9,0.2,4.0,42,39,43,50,50
CHEMBL225,35501,9,0.2,6.0,43,39,43,50,50
CHEMBL225,35501,9,0.3,4.0,40,38,43,50,50
CHEMBL225,35501,9,0.3,6.0,43,38,43,50,50
CHEMBL226,35501,0,0.2,4.0,43,39,45,50,50
CHEMBL226,35501,0,0.2,6.0,45,38,45,50,50
CHEMBL226,35501,0,0.3,4.0,46,37,45,50,50
CHEMBL226,35501,0,0.3,6.0,47,37,45,50,50
CHEMBL226,35501,1,0.2,4.0,45,38,43,50,50
CHEMBL226,35501,1,0.2,6.0,45,38,43,50,50
CHEMBL226,35501,1,0.3,4.0,43,36,45,50,50
CHEMBL226,35501,1,0.3,6.0,46,36,45,50,50
CHEMBL226,35501,2,0.2,4.0,42,38,45,50,50
CHEMBL226,35501,2,0.2,6.0,45,38,45,50,50
CHEMBL226,35501,2,0.3,4.0,43,37,44,50,50
CHEMBL226,35501,2,0.3,6.0,45,36,44,50,50
CHEMBL226,35501,3,0.2,4.0,44,38,44,50,50
CHEMBL226,35501,3,0.2,6.0,44,37,44,50,50
CHEMBL226,35501,3,0.3,4.0,43,36,45,50,50
CHEMBL226,35501,3,0.3,6.0,45,36,45,50,50
CHEMBL226,35501,4,0.2,4.0,43,38,44,50,50
CHEMBL226,35501,4,0.2,6.0,45,38,44,50,50
CHEMBL226,35501,4,0.3,4.0,43,36,44,50,50
CHEMBL226,35501,4,0.3,6.0,46,36,44,50,50
CHEMBL226,35501,5,0.2,4.0,44,39,44,50,50
CHEMBL226,35501,5,0.2,6.0,45,38,44,50,50
CHEMBL226,35501,5,0.3,4.0,44,36,45,50,50
CHEMBL226,35501,5,0.3,6.0,45,36,45,50,50
CHEMBL226,35501,6,0.2,4.0,44,37,45,50,50
CHEMBL226,35501,6,0.2,6.0,45,37,45,50,50
CHEMBL226,35501,6,0.3,4.0,44,36,43,50,50
CHEMBL226,35501,6,0.3,6.0,46,36,43,50,50
CHEMBL226,35501,7,0.2,4.0,44,37,44,50,50
CHEMBL226,35501,7,0.2,6.0,44,37,44,50,50
CHEMBL226,35501,7,0.3,4.0,44,36,45,50,50
CHEMBL226,35501,7,0.3,6.0,45,36,45,50,50
CHEMBL226,35501,8,0.2,4.0,44,39,45,50,50
CHEMBL226,35501,8,0.2,6.0,46,39,45,50,50
CHEMBL226,35501,8,0.3,4.0,43,36,45,50,50
CHEMBL226,35501,8,0.3,6.0,45,36,45,50,50
CHEMBL226,35501,9,0.2,4.0,44,39,44,50,50
CHEMBL226,35501,9,0.2,6.0,45,38,44,50,50
CHEMBL226,35501,9,0.3,4.0,42,36,44,50,50
CHEMBL226,35501,9,0.3,6.0,46,36,44,50,50
CHEMBL227,35501,0,0.2,4.0,49,49,49,50,50
CHEMBL227,35501,0,0.2,6.0,49,49,49,50,50
CHEMBL227,35501,0,0.3,4.0,49,50,49,50,50
CHEMBL227,35501,0,0.3,6.0,49,50,49,50,50
CHEMBL227,35501,1,0.2,4.0,49,50,49,50,50
CHEMBL227,35501,1,0.2,6.0,49,50,49,50,50
CHEMBL227,35501,1,0.3,4.0,49,49,49,50,50
CHEMBL227,35501,1,0.3,6.0,49,49,49,50,50
CHEMBL227,35501,2,0.2,4.0,49,50,49,50,50
CHEMBL227,35501,2,0.2,6.0,49,50,49,50,50
CHEMBL227,35501,2,0.3,4.0,49,49,49,50,50
CHEMBL227,35501,2,0.3,6.0,49,49,49,50,50
CHEMBL227,35501,3,0.2,4.0,49,49,49,50,50
CHEMBL227,35501,3,0.2,6.0,49,49,49,50,50
CHEMBL227,35501,3,0.3,4.0,49,49,49,50,50
CHEMBL227,35501,3,0.3,6.0,49,49,49,50,50
CHEMBL227,35501,4,0.2,4.0,49,50,49,50,50
CHEMBL227,35501,4,0.2,6.0,49,50,49,50,50
CHEMBL227,35501,4,0.3,4.0,49,49,49,50,50
CHEMBL227,35501,4,0.3,6.0,49,49,49,50,50
CHEMBL227,35501,5,0.2,4.0,49,50,49,50,50
CHEMBL227,35501,5,0.2,6.0,49,50,49,50,50
CHEMBL227,35501,5,0.3,4.0,49,49,49,50,50
CHEMBL227,35501,5,0.3,6.0,49,49,49,50,50
CHEMBL227,35501,6,0.2,4.0,49,49,49,50,50
CHEMBL227,35501,6,0.2,6.0,49,49,49,50,50
CHEMBL227,35501,6,0.3,4.0,49,49,49,50,50
CHEMBL227,35501,6,0.3,6.0,49,49,49,50,50
CHEMBL227,35501,7,0.2,4.0,49,50,49,50,50
CHEMBL227,35501,7,0.2,6.0,49,50,49,50,50
CHEMBL227,35501,7,0.3,4.0,49,49,49,50,50
CHEMBL227,35501,7,0.3,6.0,49,49,49,50,50
CHEMBL227,35501,8,0.2,4.0,49,49,49,50,50
CHEMBL227,35501,8,0.2,6.0,49,49,49,50,50
CHEMBL227,35501,8,0.3,4.0,49,49,49,50,50
CHEMBL227,35501,8,0.3,6.0,49,49,49,50,50
CHEMBL227,35501,9,0.2,4.0,49,49,49,50,50
CHEMBL227,35501,9,0.2,6.0,49,49,49,50,50
CHEMBL227,35501,9,0.3,4.0,49,49,49,50,50
CHEMBL227,35501,9,0.3,6.0,49,49,49,50,50
CHEMBL231,35501,0,0.2,4.0,48,46,48,50,50
CHEMBL231,35501,0,0.2,6.0,48,46,48,50,50
CHEMBL231,35501,0,0.3,4.0,46,46,48,50,50
CHEMBL231,35501,0,0.3,6.0,45,45,48,50,50
CHEMBL231,35501,1,0.2,4.0,47,46,47,50,50
CHEMBL231,35501,1,0.2,6.0,47,46,47,50,50
CHEMBL231,35501,1,0.3,4.0,46,45,48,50,50
CHEMBL231,35501,1,0.3,6.0,45,45,48,50,50
CHEMBL231,35501,2,0.2,4.0,47,46,48,50,50
CHEMBL231,35501,2,0.2,6.0,46,46,48,50,50
CHEMBL231,35501,2,0.3,4.0,48,46,47,50,50
CHEMBL231,35501,2,0.3,6.0,48,46,47,50,50
CHEMBL231,35501,3,0.2,4.0,48,46,48,50,50
CHEMBL231,35501,3,0.2,6.0,47,46,48,50,50
CHEMBL231,35501,3,0.3,4.0,47,46,47,50,50
CHEMBL231,35501,3,0.3,6.0,48,46,47,50,50
CHEMBL231,35501,4,0.2,4.0,47,46,48,50,50
CHEMBL231,35501,4,0.2,6.0,46,46,48,50,50
CHEMBL231,35501,4,0.3,4.0,46,46,48,50,50
CHEMBL231,35501,4,0.3,6.0,45,45,48,50,50
CHEMBL231,35501,5,0.2,4.0,47,46,48,50,50
CHEMBL231,35501,5,0.2,6.0,46,46,48,50,50
CHEMBL231,35501,5,0.3,4.0,46,46,48,50,50
CHEMBL231,35501,5,0.3,6.0,45,45,48,50,50
CHEMBL231,35501,6,0.2,4.0,47,46,48,50,50
CHEMBL231,35501,6,0.2,6.0,46,46,48,50,50
CHEMBL231,35501,6,0.3,4.0,48,46,47,50,50
CHEMBL231,35501,6,0.3,6.0,48,46,47,50,50
CHEMBL231,35501,7,0.2,4.0,47,46,48,50,50
CHEMBL231,35501,7,0.2,6.0,46,46,48,50,50
CHEMBL231,35501,7,0.3,4.0,47,45,48,50,50
CHEMBL231,35501,7,0.3,6.0,46,45,48,50,50
CHEMBL231,35501,8,0.2,4.0,47,46,47,50,50
CHEMBL231,35501,8,0.2,6.0,47,46,47,50,50
CHEMBL231,35501,8,0.3,4.0,46,46,48,50,50
CHEMBL231,35501,8,0.3,6.0,45,45,48,50,50
CHEMBL231,35501,9,0.2,4.0,46,46,48,50,50
CHEMBL231,35501,9,0.2,6.0,46,46,48,50,50
CHEMBL231,35501,9,0.3,4.0,46,45,47,50,50
CHEMBL231,35501,9,0.3,6.0,46,45,47,50,50
CHEMBL232,35501,0,0.2,4.0,42,40,42,50,50
CHEMBL232,35501,0,0.2,6.0,41,40,42,50,50
CHEMBL232,35501,0,0.3,4.0,43,40,43,50,50
CHEMBL232,35501,0,0.3,6.0,44,40,43,50,50
CHEMBL232,35501,1,0.2,4.0,41,41,42,50,50
CHEMBL232,35501,1,0.2,6.0,43,40,42,50,50
CHEMBL232,35501,1,0.3,4.0,42,39,42,50,50
CHEMBL232,35501,1,0.3,6.0,41,39,42,50,50
CHEMBL232,35501,2,0.2,4.0,43,41,41,50,50
CHEMBL232,35501,2,0.2,6.0,43,40,41,50,50
CHEMBL232,35501,2,0.3,4.0,41,40,41,50,50
CHEMBL232,35501,2,0.3,6.0,43,39,41,50,50
CHEMBL232,35501,3,0.2,4.0,41,41,42,50,50
CHEMBL232,35501,3,0.2,6.0,42,40,42,50,50
CHEMBL232,35501,3,0.3,4.0,40,40,43,50,50
CHEMBL232,35501,3,0.3,6.0,43,40,43,50,50
CHEMBL232,35501,4,0.2,4.0,42,40,43,50,50
CHEMBL232,35501,4,0.2,6.0,44,40,43,50,50
CHEMBL232,35501,4,0.3,4.0,40,40,42,50,50
CHEMBL232,35501,4,0.3,6.0,43,40,42,50,50
CHEMBL232,35501,5,0.2,4.0,41,40,42,50,50
CHEMBL232,35501,5,0.2,6.0,42,40,42,50,50
CHEMBL232,35501,5,0.3,4.0,42,40,43,50,50
CHEMBL232,35501,5,0.3,6.0,42,40,43,50,50
CHEMBL232,35501,6,0.2,4.0,41,40,42,50,50
CHEMBL232,35501,6,0.2,6.0,43,40,42,50,50
CHEMBL232,35501,6,0.3,4.0,41,40,42,50,50
CHEMBL232,35501,6,0.3,6.0,41,39,42,50,50
CHEMBL232,35501,7,0.2,4.0,41,40,42,50,50
CHEMBL232,35501,7,0.2,6.0,42,40,42,50,50
CHEMBL232,35501,7,0.3,4.0,43,40,42,50,50
CHEMBL232,35501,7,0.3,6.0,43,39,42,50,50
CHEMBL232,35501,8,0.2,4.0,42,40,42,50,50
CHEMBL232,35501,8,0.2,6.0,41,40,41,50,50
CHEMBL232,35501,8,0.3,4.0,42,39,43,50,50
CHEMBL232,35501,8,0.3,6.0,43,39,43,50,50
CHEMBL232,35501,9,0.2,4.0,41,41,43,50,50
CHEMBL232,35501,9,0.2,6.0,42,41,43,50,50
CHEMBL232,35501,9,0.3,4.0,41,40,43,50,50
CHEMBL232,35501,9,0.3,6.0,43,40,43,50,50
CHEMBL234,35501,0,0.2,4.0,48,48,48,50,50
CHEMBL234,35501,0,0.2,6.0,48,47,48,50,50
CHEMBL234,35501,0,0.3,4.0,48,49,48,50,50
CHEMBL234,35501,0,0.3,6.0,48,46,48,50,50
CHEMBL234,35501,1,0.2,4.0,48,49,48,50,50
CHEMBL234,35501,1,0.2,6.0,48,47,48,50,50
CHEMBL234,35501,1,0.3,4.0,48,48,48,50,50
CHEMBL234,35501,1,0.3,6.0,48,46,48,50,50
CHEMBL234,35501,2,0.2,4.0,48,48,48,50,50
CHEMBL234,35501,2,0.2,6.0,48,47,48,50,50
CHEMBL234,35501,2,0.3,4.0,48,48,48,50,50
CHEMBL234,35501,2,0.3,6.0,48,46,48,50,50
CHEMBL234,35501,3,0.2,4.0,48,48,48,50,50
CHEMBL234,35501,3,0.2,6.0,48,47,48,50,50
CHEMBL234,35501,3,0.3,4.0,48,49,48,50,50
CHEMBL234,35501,3,0.3,6.0,48,46,48,50,50
CHEMBL234,35501,4,0.2,4.0,48,48,48,50,50
CHEMBL234,35501,4,0.2,6.0,48,47,48,50,50
CHEMBL234,35501,4,0.3,4.0,48,49,48,50,50
CHEMBL234,35501,4,0.3,6.0,48,46,48,50,50
CHEMBL234,35501,5,0.2,4.0,48,48,48,50,50
CHEMBL234,35501,5,0.2,6.0,48,47,48,50,50
CHEMBL234,35501,5,0.3,4.0,48,48,48,50,50
CHEMBL234,35501,5,0.3,6.0,48,46,48,50,50
CHEMBL234,35501,6,0.2,4.0,48,49,48,50,50
CHEMBL234,35501,6,0.2,6.0,48,47,48,50,50
CHEMBL234,35501,6,0.3,4.0,48,48,48,50,50
CHEMBL234,35501,6,0.3,6.0,48,46,48,50,50
CHEMBL234,35501,7,0.2,4.0,48,49,48,50,50
CHEMBL234,35501,7,0.2,6.0,48,47,48,50,50
CHEMBL234,35501,7,0.3,4.0,48,48,48,50,50
CHEMBL234,35501,7,0.3,6.0,48,46,48,50,50
CHEMBL234,35501,8,0.2,4.0,48,49,48,50,50
CHEMBL234,35501,8,0.2,6.0,48,47,48,50,50
CHEMBL234,35501,8,0.3,4.0,48,49,48,50,50
CHEMBL234,35501,8,0.3,6.0,48,46,48,50,50
CHEMBL234,35501,9,0.2,4.0,48,49,48,50,50
CHEMBL234,35501,9,0.2,6.0,48,47,48,50,50
CHEMBL234,35501,9,0.3,4.0,48,48,48,50,50
CHEMBL234,35501,9,0.3,6.0,48,46,48,50,50
CHEMBL236,35501,0,0.2,4.0,49,47,49,50,50
CHEMBL236,35501,0,0.2,6.0,50,46,49,50,50
CHEMBL236,35501,0,0.3,4.0,49,47,49,50,50
CHEMBL236,35501,0,0.3,6.0,50,45,49,50,50
CHEMBL236,35501,1,0.2,4.0,50,49,50,50,50
CHEMBL236,35501,1,0.2,6.0,49,46,50,50,50
CHEMBL236,35501,1,0.3,4.0,50,46,50,50,50
CHEMBL236,35501,1,0.3,6.0,50,45,50,50,50
CHEMBL236,35501,2,0.2,4.0,50,49,50,50,50
CHEMBL236,35501,2,0.2,6.0,50,47,50,50,50
CHEMBL236,35501,2,0.3,4.0,49,47,49,50,50
CHEMBL236,35501,2,0.3,6.0,49,45,49,50,50
CHEMBL236,35501,3,0.2,4.0,50,48,50,50,50
CHEMBL236,35501,3,0.2,6.0,50,46,50,50,50
CHEMBL236,35501,3,0.3,4.0,50,47,50,50,50
CHEMBL236,35501,3,0.3,6.0,50,44,50,50,50
CHEMBL236,35501,4,0.2,4.0,50,47,50,50,50
CHEMBL236,35501,4,0.2,6.0,50,46,50,50,50
CHEMBL236,35501,4,0.3,4.0,50,47,50,50,50
CHEMBL236,35501,4,0.3,6.0,50,44,50,50,50
CHEMBL236,35501,5,0.2,4.0,50,49,50,50,50
CHEMBL236,35501,5,0.2,6.0,50,46,50,50,50
CHEMBL236,35501,5,0.3,4.0,50,47,50,50,50
CHEMBL236,35501,5,0.3,6.0,50,45,50,50,50
CHEMBL236,35501,6,0.2,4.0,50,49,50,50,50
CHEMBL236,35501,6,0.2,6.0,50,46,50,50,50
CHEMBL236,35501,6,0.3,4.0,50,47,50,50,50
CHEMBL236,35501,6,0.3,6.0,50,46,50,50,50
CHEMBL236,35501,7,0.2,4.0,50,49,50,50,50
CHEMBL236,35501,7,0.2,6.0,50,46,50,50,50
CHEMBL236,35501,7,0.3,4.0,50,46,50,50,50
CHEMBL236,35501,7,0.3,6.0,50,44,50,50,50
CHEMBL236,35501,8,0.2,4.0,50,48,50,50,50
CHEMBL236,35501,8,0.2,6.0,50,46,50,50,50
CHEMBL236,35501,8,0.3,4.0,50,46,50,50,50
CHEMBL236,35501,8,0.3,6.0,50,44,50,50,50
CHEMBL236,35501,9,0.2,4.0,50,50,50,50,50
CHEMBL236,35501,9,0.2,6.0,49,47,50,50,50
CHEMBL236,35501,9,0.3,4.0,50,46,50,50,50
CHEMBL236,35501,9,0.3,6.0,49,45,50,50,50
CHEMBL238,35501,0,0.2,4.0,43,42,45,50,50
CHEMBL238,35501,0,0.2,6.0,45,41,45,50,50
CHEMBL238,35501,0,0.3,4.0,45,41,45,50,50
CHEMBL238,35501,0,0.3,6.0,45,38,45,50,50
CHEMBL238,35501,1,0.2,4.0,45,44,45,50,50
CHEMBL238,35501,1,0.2,6.0,44,42,45,50,50
CHEMBL238,35501,1,0.3,4.0,45,42,45,50,50
CHEMBL238,35501,1,0.3,6.0,44,40,45,50,50
CHEMBL238,35501,2,0.2,4.0,44,43,45,50,50
CHEMBL238,35501,2,0.2,6.0,43,41,45,50,50
CHEMBL238,35501,2,0.3,4.0,44,42,45,50,50
CHEMBL238,35501,2,0.3,6.0,45,39,45,50,50
CHEMBL238,35501,3,0.2,4.0,46,45,45,50,50
CHEMBL238,35501,3,0.2,6.0,45,42,45,50,50
CHEMBL238,35501,3,0.3,4.0,44,42,45,50,50
CHEMBL238,35501,3,0.3,6.0,44,39,45,50,50
CHEMBL238,35501,4,0.2,4.0,45,43,45,50,50
CHEMBL238,35501,4,0.2,6.0,46,42,45,50,50
CHEMBL238,35501,4,0.3,4.0,44,41,44,50,50
CHEMBL238,35501,4,0.3,6.0,45,40,44,50,50
CHEMBL238,35501,5,0.2,4.0,44,43,45,50,50
CHEMBL238,35501,5,0.2,6.0,44,42,45,50,50
CHEMBL238,35501,5,0.3,4.0,45,40,45,50,50
CHEMBL238,35501,5,0.3,6.0,46,39,45,50,50
CHEMBL238,35501,6,0.2,4.0,44,44,45,50,50
CHEMBL238,35501,6,0.2,6.0,45,42,45,50,50
CHEMBL238,35501,6,0.3,4.0,44,41,45,50,50
CHEMBL238,35501,6,0.3,6.0,45,38,45,50,50
CHEMBL238,35501,7,0.2,4.0,45,42,45,50,50
CHEMBL238,35501,7,0.2,6.0,45,41,45,50,50
CHEMBL238,35501,7,0.3,4.0,44,41,45,50,50
CHEMBL238,35501,7,0.3,6.0,44,39,45,50,50
CHEMBL238,35501,8,0.2,4.0,45,44,45,50,50
CHEMBL238,35501,8,0.2,6.0,44,43,45,50,50
CHEMBL238,35501,8,0.3,4.0,44,41,45,50,50
CHEMBL238,35501,8,0.3,6.0,44,39,45,50,50
CHEMBL238,35501,9,0.2,4.0,45,44,45,50,50
CHEMBL238,35501,9,0.2,6.0,46,42,45,50,50
CHEMBL238,35501,9,0.3,4.0,44,40,45,50,50
CHEMBL238,35501,9,0.3,6.0,44,38,45,50,50
CHEMBL239,35501,0,0.2,4.0,34,30,33,50,50
CHEMBL239,35501,0,0.2,6.0,36,30,33,50,50
CHEMBL239,35501,0,0.3,4.0,37,29,33,50,50
CHEMBL239,35501,0,0.3,6.0,38,29,33,50,50
CHEMBL239,35501,1,0.2,4.0,33,31,33,50,50
CHEMBL239,35501,1,0.2,6.0,36,31,33,50,50
CHEMBL239,35501,1,0.3,4.0,32,29,32,50,50
CHEMBL239,35501,1,0.3,6.0,37,29,32,50,50
CHEMBL239,35501,2,0.2,4.0,36,30,32,50,50
CHEMBL239,35501,2,0.2,6.0,37,30,32,50,50
CHEMBL239,35501,2,0.3,4.0,35,29,32,50,50
CHEMBL239,35501,2,0.3,6.0,38,29,32,50,50
CHEMBL239,35501,3,0.2,4.0,36,31,33,50,50
CHEMBL239,35501,3,0.2,6.0,37,31,33,50,50
CHEMBL239,35501,3,0.3,4.0,33,28,31,50,50
CHEMBL239,35501,3,0.3,6.0,37,28,31,50,50
CHEMBL239,35501,4,0.2,4.0,33,31,33,50,50
CHEMBL239,35501,4,0.2,6.0,35,31,33,50,50
CHEMBL239,35501,4,0.3,4.0,33,29,32,50,50
CHEMBL239,35501,4,0.3,6.0,37,29,32,50,50
CHEMBL239,35501,5,0.2,4.0,35,31,33,50,50
CHEMBL239,35501,5,0.2,6.0,36,31,33,50,50
CHEMBL239,35501,5,0.3,4.0,31,30,32,50,50
CHEMBL239,35501,5,0.3,6.0,35,30,32,50,50
CHEMBL239,35501,6,0.2,4.0,33,31,33,50,50
CHEMBL239,35501,6,0.2,6.0,36,31,33,50,50
CHEMBL239,35501,6,0.3,4.0,33,30,32,50,50
CHEMBL239,35501,6,0.3,6.0,37,30,32,50,50
CHEMBL239,35501,7,0.2,4.0,35,30,33,50,50
CHEMBL239,35501,7,0.2,6.0,37,30,33,50,50
CHEMBL239,35501,7,0.3,4.0,35,29,32,50,50
CHEMBL239,35501,7,0.3,6.0,37,29,32,50,50
CHEMBL239,35501,8,0.2,4.0,33,31,32,50,50
CHEMBL239,35501,8,0.2,6.0,36,31,32,50,50
CHEMBL239,35501,8,0.3,4.0,32,28,31,50,50
CHEMBL239,35501,8,0.3,6.0,36,28,31,50,50
CHEMBL239,35501,9,0.2,4.0,34,30,33,50,50
CHEMBL239,35501,9,0.2,6.0,36,30,33,50,50
CHEMBL239,35501,9,0.3,4.0,33,30,32,50,50
CHEMBL239,35501,9,0.3,6.0,37,30,32,50,50
