aid,split_seed,method,hits,selected,scaffolds,test_active,testpool_size,score_boundary_tied_leaders,scorecap_tie_random_mean,scorecap_tie_random_sd
AID1798,3,chemdep_cal,7,50,50,35,233,1,,
AID1798,3,score_only_ranker,8,50,50,35,233,1,,
AID1798,3,xgb_pairwise_cap1,5,50,50,35,233,1,,
AID1798,3,score_cap1,14,50,50,35,233,1,,
AID435034,3,chemdep_cal,1,50,50,12,200,1,,
AID435034,3,score_only_ranker,2,50,50,12,200,1,,
AID435034,3,xgb_pairwise_cap1,2,50,50,12,200,1,,
AID435034,3,score_cap1,5,50,50,12,200,1,,
AID463087,3,chemdep_cal,39,50,50,110,151,1,,
AID463087,3,score_only_ranker,39,50,50,110,151,1,,
AID463087,3,xgb_pairwise_cap1,34,50,50,110,151,1,,
AID463087,3,score_cap1,36,50,50,110,151,1,,
