aid,seed,method,hits,selected,scaffolds,n_train,train_actives,n_test,test_actives
AID1798,1,fp_only,6,50,50,873,123,219,29
AID1798,1,fp_score,13,50,50,873,123,219,29
AID1798,1,evidence_only,14,50,50,873,123,219,29
AID1798,1,fp_evidence,12,50,50,873,123,219,29
AID1798,1,score_cap1,12,50,50,873,123,219,29
AID435034,1,fp_only,6,50,50,804,46,195,11
AID435034,1,fp_score,5,50,50,804,46,195,11
AID435034,1,evidence_only,6,50,50,804,46,195,11
AID435034,1,fp_evidence,6,50,50,804,46,195,11
AID435034,1,score_cap1,5,50,50,804,46,195,11
AID463087,1,fp_only,39,50,50,595,438,139,104
AID463087,1,fp_score,39,50,50,595,438,139,104
AID463087,1,evidence_only,36,50,50,595,438,139,104
AID463087,1,fp_evidence,39,50,50,595,438,139,104
AID463087,1,score_cap1,39,50,50,595,438,139,104
