target,seed,rep,fraction,boost,score_cap1_hits,multifp_rf_hits,augmented_score_rf_hits,equal_rank_fusion_hits
CHEMBL1785,35703,0,0.2,4.0,18,19,20,19
CHEMBL1785,35703,0,0.2,6.0,18,19,20,19
CHEMBL1785,35703,0,0.3,4.0,18,19,20,19
CHEMBL1785,35703,0,0.3,6.0,18,19,20,19
CHEMBL1785,35703,1,0.2,4.0,19,20,20,20
CHEMBL1785,35703,1,0.2,6.0,19,20,20,20
CHEMBL1785,35703,1,0.3,4.0,17,18,19,18
CHEMBL1785,35703,1,0.3,6.0,17,18,19,18
CHEMBL1785,35703,2,0.2,4.0,18,20,20,20
CHEMBL1785,35703,2,0.2,6.0,18,20,20,20
CHEMBL1785,35703,2,0.3,4.0,16,18,19,18
CHEMBL1785,35703,2,0.3,6.0,16,18,19,18
CHEMBL1785,35703,3,0.2,4.0,19,20,20,20
CHEMBL1785,35703,3,0.2,6.0,19,20,20,20
CHEMBL1785,35703,3,0.3,4.0,18,19,20,19
CHEMBL1785,35703,3,0.3,6.0,18,19,20,19
CHEMBL1785,35703,4,0.2,4.0,19,20,20,20
CHEMBL1785,35703,4,0.2,6.0,19,20,20,20
CHEMBL1785,35703,4,0.3,4.0,17,18,19,18
CHEMBL1785,35703,4,0.3,6.0,17,18,19,18
CHEMBL1785,35703,5,0.2,4.0,18,19,20,19
CHEMBL1785,35703,5,0.2,6.0,18,19,20,19
CHEMBL1785,35703,5,0.3,4.0,18,19,20,19
CHEMBL1785,35703,5,0.3,6.0,18,19,20,19
CHEMBL1785,35703,6,0.2,4.0,18,19,20,19
CHEMBL1785,35703,6,0.2,6.0,18,19,20,19
CHEMBL1785,35703,6,0.3,4.0,18,20,20,20
CHEMBL1785,35703,6,0.3,6.0,18,20,20,20
CHEMBL1785,35703,7,0.2,4.0,18,19,20,19
CHEMBL1785,35703,7,0.2,6.0,18,19,20,19
CHEMBL1785,35703,7,0.3,4.0,18,19,20,19
CHEMBL1785,35703,7,0.3,6.0,18,19,20,19
CHEMBL1785,35703,8,0.2,4.0,18,20,20,20
CHEMBL1785,35703,8,0.2,6.0,18,20,20,20
CHEMBL1785,35703,8,0.3,4.0,19,20,20,20
CHEMBL1785,35703,8,0.3,6.0,19,20,20,20
CHEMBL1785,35703,9,0.2,4.0,18,19,20,19
CHEMBL1785,35703,9,0.2,6.0,18,19,20,19
CHEMBL1785,35703,9,0.3,4.0,18,20,20,20
CHEMBL1785,35703,9,0.3,6.0,18,20,20,20
CHEMBL1801,35703,0,0.2,4.0,15,14,15,14
CHEMBL1801,35703,0,0.2,6.0,15,14,15,14
CHEMBL1801,35703,0,0.3,4.0,15,14,15,14
CHEMBL1801,35703,0,0.3,6.0,15,14,15,14
CHEMBL1801,35703,1,0.2,4.0,15,14,15,14
CHEMBL1801,35703,1,0.2,6.0,15,14,15,14
CHEMBL1801,35703,1,0.3,4.0,15,14,15,14
CHEMBL1801,35703,1,0.3,6.0,15,14,15,14
CHEMBL1801,35703,2,0.2,4.0,15,14,15,14
CHEMBL1801,35703,2,0.2,6.0,15,14,15,14
CHEMBL1801,35703,2,0.3,4.0,15,14,15,14
CHEMBL1801,35703,2,0.3,6.0,15,14,15,14
CHEMBL1801,35703,3,0.2,4.0,15,14,15,14
CHEMBL1801,35703,3,0.2,6.0,15,14,15,14
CHEMBL1801,35703,3,0.3,4.0,15,14,15,14
CHEMBL1801,35703,3,0.3,6.0,15,14,15,14
CHEMBL1801,35703,4,0.2,4.0,15,14,15,14
CHEMBL1801,35703,4,0.2,6.0,15,14,15,14
CHEMBL1801,35703,4,0.3,4.0,15,14,15,14
CHEMBL1801,35703,4,0.3,6.0,15,14,15,14
CHEMBL1801,35703,5,0.2,4.0,15,14,15,14
CHEMBL1801,35703,5,0.2,6.0,15,14,15,14
CHEMBL1801,35703,5,0.3,4.0,15,14,15,14
CHEMBL1801,35703,5,0.3,6.0,15,14,15,14
CHEMBL1801,35703,6,0.2,4.0,15,14,15,14
CHEMBL1801,35703,6,0.2,6.0,15,14,15,14
CHEMBL1801,35703,6,0.3,4.0,15,14,15,14
CHEMBL1801,35703,6,0.3,6.0,15,14,15,14
CHEMBL1801,35703,7,0.2,4.0,15,14,15,14
CHEMBL1801,35703,7,0.2,6.0,15,14,15,14
CHEMBL1801,35703,7,0.3,4.0,15,14,15,14
CHEMBL1801,35703,7,0.3,6.0,15,14,15,14
CHEMBL1801,35703,8,0.2,4.0,15,14,15,14
CHEMBL1801,35703,8,0.2,6.0,15,14,15,14
CHEMBL1801,35703,8,0.3,4.0,15,14,15,14
CHEMBL1801,35703,8,0.3,6.0,15,14,15,14
CHEMBL1801,35703,9,0.2,4.0,15,14,15,14
CHEMBL1801,35703,9,0.2,6.0,15,14,15,14
CHEMBL1801,35703,9,0.3,4.0,15,14,15,14
CHEMBL1801,35703,9,0.3,6.0,15,14,15,14
CHEMBL1821,35703,0,0.2,4.0,40,45,43,43
CHEMBL1821,35703,0,0.2,6.0,40,45,43,43
CHEMBL1821,35703,0,0.3,4.0,39,44,43,43
CHEMBL1821,35703,0,0.3,6.0,39,44,43,43
CHEMBL1821,35703,1,0.2,4.0,40,45,43,44
CHEMBL1821,35703,1,0.2,6.0,40,45,43,44
CHEMBL1821,35703,1,0.3,4.0,39,44,43,44
CHEMBL1821,35703,1,0.3,6.0,39,44,43,44
CHEMBL1821,35703,2,0.2,4.0,40,44,43,43
CHEMBL1821,35703,2,0.2,6.0,40,44,43,43
CHEMBL1821,35703,2,0.3,4.0,39,43,43,43
CHEMBL1821,35703,2,0.3,6.0,39,43,43,43
CHEMBL1821,35703,3,0.2,4.0,40,44,43,43
CHEMBL1821,35703,3,0.2,6.0,40,44,43,43
CHEMBL1821,35703,3,0.3,4.0,39,43,43,44
CHEMBL1821,35703,3,0.3,6.0,39,43,43,44
CHEMBL1821,35703,4,0.2,4.0,41,44,43,43
CHEMBL1821,35703,4,0.2,6.0,41,43,43,43
CHEMBL1821,35703,4,0.3,4.0,39,43,43,43
CHEMBL1821,35703,4,0.3,6.0,39,43,43,43
CHEMBL1821,35703,5,0.2,4.0,41,45,43,43
CHEMBL1821,35703,5,0.2,6.0,41,45,43,43
CHEMBL1821,35703,5,0.3,4.0,39,45,43,44
CHEMBL1821,35703,5,0.3,6.0,39,45,43,44
CHEMBL1821,35703,6,0.2,4.0,40,44,43,43
CHEMBL1821,35703,6,0.2,6.0,40,44,43,43
CHEMBL1821,35703,6,0.3,4.0,39,45,43,44
CHEMBL1821,35703,6,0.3,6.0,39,45,43,44
CHEMBL1821,35703,7,0.2,4.0,41,45,43,43
CHEMBL1821,35703,7,0.2,6.0,41,45,43,43
CHEMBL1821,35703,7,0.3,4.0,39,45,43,44
CHEMBL1821,35703,7,0.3,6.0,39,45,43,44
CHEMBL1821,35703,8,0.2,4.0,40,45,43,43
CHEMBL1821,35703,8,0.2,6.0,40,45,43,43
CHEMBL1821,35703,8,0.3,4.0,39,44,43,43
CHEMBL1821,35703,8,0.3,6.0,39,44,43,43
CHEMBL1821,35703,9,0.2,4.0,41,44,43,43
CHEMBL1821,35703,9,0.2,6.0,41,44,43,43
CHEMBL1821,35703,9,0.3,4.0,39,44,43,44
CHEMBL1821,35703,9,0.3,6.0,39,44,43,44
