task,seed,cross_task_smiles_removed,cohort_n,cohort_pos,cal_n,cal_pos,test_n,test_pos,cal_distinct_scores,cal_iqr,test_scaffolds,eligible,failed_checks
GPCR,1,239,1566,764,1268,616,298,148,66,8.0,255,True,
GPCR,2,239,1566,764,1262,617,304,147,70,8.0,250,True,
GPCR,3,239,1566,764,1256,608,310,156,67,8.0,249,True,
GPCR,4,239,1566,764,1206,590,360,174,67,8.0,254,True,
GPCR,5,239,1566,764,1266,612,300,152,69,8.0,256,True,
GPCR_2,1,117,1073,205,865,167,208,38,64,9.0,182,True,
GPCR_2,2,117,1073,205,865,172,208,33,65,9.0,186,True,
GPCR_2,3,117,1073,205,869,166,204,39,59,8.0,179,True,
GPCR_2,4,117,1073,205,851,163,222,42,62,9.0,183,True,
GPCR_2,5,117,1073,205,867,170,206,35,64,9.0,182,True,
RNA_binding,1,179,1000,7,801,5,199,2,638,4.830917874396135,161,False,cal_pos_ge20;test_pos_ge10
RNA_binding,2,179,1000,7,800,4,200,3,639,4.755682268155539,163,False,cal_pos_ge20;test_pos_ge10
RNA_binding,3,179,1000,7,804,6,196,1,645,4.79725984002534,165,False,cal_pos_ge20;test_pos_ge10
RNA_binding,4,179,1000,7,784,7,216,0,627,4.613130593173361,165,False,cal_pos_ge20;test_pos_ge10
RNA_binding,5,179,1000,7,802,6,198,1,639,4.6071909400490965,165,False,cal_pos_ge20;test_pos_ge10
channel_atp,1,173,968,488,773,380,195,108,31,5.0,166,True,
channel_atp,2,173,968,488,781,399,187,89,33,5.0,164,True,
channel_atp,3,173,968,488,770,372,198,116,34,5.0,163,True,
channel_atp,4,173,968,488,780,398,188,90,32,5.0,170,True,
channel_atp,5,173,968,488,775,384,193,104,34,5.0,168,True,
cysteine_protease,1,184,627,269,485,214,142,55,59,17.0,114,True,
cysteine_protease,2,184,627,269,490,215,137,54,60,19.0,115,True,
cysteine_protease,3,184,627,269,506,217,121,52,58,17.0,113,True,
cysteine_protease,4,184,627,269,500,222,127,47,58,19.0,114,True,
cysteine_protease,5,184,627,269,496,213,131,56,59,19.0,110,True,
dna_repair,1,234,707,426,568,346,139,80,60,28.0,103,True,
dna_repair,2,234,707,426,574,334,133,92,61,27.0,101,True,
dna_repair,3,234,707,426,577,350,130,76,62,28.0,104,True,
dna_repair,4,234,707,426,571,342,136,84,60,27.5,108,True,
dna_repair,5,234,707,426,559,326,148,100,61,27.0,108,True,
fatty_acid_synthase,1,118,892,849,729,699,163,150,328,37.64940239043824,127,True,
fatty_acid_synthase,2,118,892,849,716,682,176,167,323,37.10159362549801,125,False,test_neg_ge10
fatty_acid_synthase,3,118,892,849,734,696,158,153,326,36.50398406374502,128,False,test_neg_ge10
fatty_acid_synthase,4,118,892,849,708,677,184,172,313,37.051792828685244,129,True,
fatty_acid_synthase,5,118,892,849,709,672,183,177,321,36.05577689243026,128,False,test_neg_ge10
hsf1,1,208,1385,339,1100,267,285,72,167,30.0,240,True,
hsf1,2,208,1385,339,1113,264,272,75,166,29.0,264,True,
hsf1,3,208,1385,339,1115,264,270,75,171,29.0,262,True,
hsf1,4,208,1385,339,1110,267,275,72,174,30.0,265,True,
hsf1,5,208,1385,339,1116,275,269,64,166,30.0,263,True,
methylation,1,356,1147,209,928,175,219,34,107,41.25,197,True,
methylation,2,356,1147,209,931,167,216,42,108,40.0,203,True,
methylation,3,356,1147,209,915,172,232,37,109,40.0,206,True,
methylation,4,356,1147,209,913,168,234,41,108,42.0,205,True,
methylation,5,356,1147,209,925,166,222,43,110,39.0,201,True,
serine,1,93,1165,87,910,67,255,20,46,7.0,195,True,
serine,2,93,1165,87,938,63,227,24,47,7.0,207,True,
serine,3,93,1165,87,929,74,236,13,45,7.0,207,True,
serine,4,93,1165,87,913,74,252,13,45,7.0,206,True,
serine,5,93,1165,87,940,76,225,11,46,8.0,209,True,
splicing,1,583,1522,1329,1252,1094,270,235,71,36.25,194,True,
splicing,2,583,1522,1329,1179,1021,343,308,71,36.0,194,True,
splicing,3,583,1522,1329,1200,1048,322,281,71,37.0,194,True,
splicing,4,583,1522,1329,1219,1062,303,267,71,37.5,191,True,
splicing,5,583,1522,1329,1193,1040,329,289,71,38.0,188,True,
streptokinase,1,448,2299,536,1815,435,484,101,78,32.0,339,True,
streptokinase,2,448,2299,536,1861,412,438,124,79,32.0,335,True,
streptokinase,3,448,2299,536,1840,432,459,104,78,32.25,336,True,
streptokinase,4,448,2299,536,1855,430,444,106,79,31.0,336,True,
streptokinase,5,448,2299,536,1865,441,434,95,79,32.0,338,True,
toxin_B,1,58,757,42,613,34,144,8,44,5.0,119,False,test_pos_ge10
toxin_B,2,58,757,42,618,33,139,9,40,5.0,121,False,test_pos_ge10
toxin_B,3,58,757,42,612,40,145,2,41,5.0,124,False,test_pos_ge10
toxin_B,4,58,757,42,610,34,147,8,40,5.0,124,False,test_pos_ge10
toxin_B,5,58,757,42,614,35,143,7,41,5.0,123,False,test_pos_ge10
transcription,1,189,870,416,692,317,178,99,55,21.0,155,True,
transcription,2,189,870,416,704,330,166,86,54,21.0,151,True,
transcription,3,189,870,416,701,334,169,82,56,21.0,158,True,
transcription,4,189,870,416,705,351,165,65,55,21.0,158,True,
transcription,5,189,870,416,704,334,166,82,56,21.0,157,True,
transcription2,1,223,1604,306,1296,255,308,51,48,18.0,289,True,
transcription2,2,223,1604,306,1295,248,309,58,48,18.0,298,True,
transcription2,3,223,1604,306,1251,231,353,75,47,18.0,298,True,
transcription2,4,223,1604,306,1285,234,319,72,47,18.0,297,True,
transcription2,5,223,1604,306,1279,254,325,52,48,18.0,301,True,
transcription3,1,129,1248,242,984,177,264,65,792,14.558246516033016,199,True,
transcription3,2,129,1248,242,996,197,252,45,782,14.368826951698004,201,True,
transcription3,3,129,1248,242,1002,192,246,50,805,15.26518739006901,207,True,
transcription3,4,129,1248,242,997,197,251,45,790,15.167095115681235,199,True,
transcription3,5,129,1248,242,981,177,267,65,785,14.828845893654442,207,True,
transcription_4,1,284,1489,1337,1200,1075,289,262,75,16.0,148,True,
transcription_4,2,284,1489,1337,1044,923,445,414,73,17.0,154,True,
transcription_4,3,284,1489,1337,1225,1096,264,241,77,16.0,154,True,
transcription_4,4,284,1489,1337,1149,1025,340,312,77,17.0,158,True,
transcription_4,5,284,1489,1337,1159,1039,330,298,75,17.0,156,True,
transcription_5,1,12,446,69,343,54,103,15,43,15.0,60,True,
transcription_5,2,12,446,69,366,56,80,13,44,15.0,64,True,
transcription_5,3,12,446,69,371,50,75,19,44,14.5,66,True,
transcription_5,4,12,446,69,342,47,104,22,42,14.0,67,True,
transcription_5,5,12,446,69,372,57,74,12,44,15.0,66,True,
ubiquitin,1,212,995,278,850,240,145,38,1,0.0,111,False,cal_scores_ge20;cal_iqr_positive
ubiquitin,2,212,995,278,808,232,187,46,1,0.0,128,False,cal_scores_ge20;cal_iqr_positive
ubiquitin,3,212,995,278,806,234,189,44,1,0.0,132,False,cal_scores_ge20;cal_iqr_positive
ubiquitin,4,212,995,278,778,222,217,56,1,0.0,133,False,cal_scores_ge20;cal_iqr_positive
ubiquitin,5,212,995,278,799,222,196,56,1,0.0,124,False,cal_scores_ge20;cal_iqr_positive
zinc_finger,1,185,727,363,578,283,149,80,76,20.0,116,True,
zinc_finger,2,185,727,363,585,296,142,67,80,23.0,116,True,
zinc_finger,3,185,727,363,575,288,152,75,76,21.0,115,True,
zinc_finger,4,185,727,363,575,296,152,67,77,21.0,115,True,
zinc_finger,5,185,727,363,589,297,138,66,79,23.0,116,True,
