budget,method,hits,hits_target_sd,fdp,selected,blocks
10,chemdeprc_cap1,7.907500000000001,2.0565630038705085,0.20925,10.0,10.0
10,meta_calibration,9.825,0.3736085295243316,0.017499999999999998,10.0,10.0
10,minp_block_bh_cap1,9.605,0.6642456038410961,0.0395,10.0,10.0
10,score_cap1,6.9,2.451275178351056,0.31,10.0,10.0
10,weighted_bh,9.5725,0.672934081302008,0.042749999999999996,10.0,9.865
50,chemdeprc_cap1,42.2725,5.974511253836769,0.15455000000000002,50.0,50.0
50,meta_calibration,44.2975,4.936351132162298,0.11405000000000001,50.0,50.0
50,minp_block_bh_cap1,42.739999999999995,6.000893451997144,0.144675,49.97,49.97
50,score_cap1,42.1075,5.912827980097358,0.15785,50.0,50.0
50,weighted_bh,41.29,8.31927313865554,0.1742,50.0,40.7575
75,chemdeprc_cap1,59.355,8.492691302264292,0.20467829012437216,74.615,74.615
75,meta_calibration,61.575,8.160601489269446,0.179,75.0,75.0
75,minp_block_bh_cap1,57.4575,10.668353056795809,0.20118607385760767,71.9,71.9
75,score_cap1,59.629999999999995,8.377390206183946,0.20493333333333336,75.0,75.0
75,weighted_bh,59.435,14.669385164726949,0.2075333333333333,75.0,52.19500000000001
