target,rep,fraction,boost,budget,method,status,solver_gap,selected,hits,fdp,blocks,seconds,score_cap1_sanity_hits
CHEMBL222,0,0.2,4.0,50,opdiv_tanimoto0.7,optimal,2.3850066366293277e-10,50,43,0.14,21,0.049009392969310284,44
CHEMBL222,0,0.2,6.0,50,opdiv_tanimoto0.7,optimal,2.4805857368193074e-10,50,37,0.26,21,0.04566598287783563,44
CHEMBL222,0,0.3,4.0,50,opdiv_tanimoto0.7,optimal,2.2870361160443053e-10,50,44,0.12,20,0.03940958809107542,44
CHEMBL222,0,0.3,6.0,50,opdiv_tanimoto0.7,optimal,2.3907176238679995e-10,50,35,0.3,21,0.043177030980587006,44
CHEMBL222,1,0.2,4.0,50,opdiv_tanimoto0.7,optimal,2.3208601707125354e-10,50,45,0.1,19,0.04007362597621977,44
CHEMBL222,1,0.2,6.0,50,opdiv_tanimoto0.7,optimal,2.2263735299787868e-10,50,32,0.36,20,0.04235828388482332,44
CHEMBL222,1,0.3,4.0,50,opdiv_tanimoto0.7,optimal,2.4774582385589383e-10,50,48,0.04,19,0.04156696586869657,44
CHEMBL222,1,0.3,6.0,50,opdiv_tanimoto0.7,optimal,2.2130541843523588e-10,50,34,0.32,21,0.052356912987306714,44
CHEMBL222,2,0.2,4.0,50,opdiv_tanimoto0.7,optimal,2.2948365430153217e-10,50,44,0.12,20,0.03956890502013266,44
CHEMBL222,2,0.2,6.0,50,opdiv_tanimoto0.7,optimal,2.3462520815087373e-10,50,36,0.28,21,0.04038197407498956,44
CHEMBL222,2,0.3,4.0,50,opdiv_tanimoto0.7,optimal,2.368784057793505e-10,50,42,0.16,20,0.04546042694710195,43
CHEMBL222,2,0.3,6.0,50,opdiv_tanimoto0.7,optimal,2.351808747746986e-10,50,34,0.32,20,0.047038654098287225,43
CHEMBL222,3,0.2,4.0,50,opdiv_tanimoto0.7,optimal,2.4609569937439346e-10,50,48,0.04,18,0.04429050721228123,45
CHEMBL222,3,0.2,6.0,50,opdiv_tanimoto0.7,optimal,2.2551871481368835e-10,50,40,0.2,20,0.048272689105942845,44
CHEMBL222,3,0.3,4.0,50,opdiv_tanimoto0.7,optimal,2.0018253721332258e-10,50,44,0.12,21,0.04312017606571317,44
CHEMBL222,3,0.3,6.0,50,opdiv_tanimoto0.7,optimal,2.153129896598216e-10,50,37,0.26,22,0.043017995078116655,44
CHEMBL222,4,0.2,4.0,50,opdiv_tanimoto0.7,optimal,2.367981366546701e-10,50,47,0.06,18,0.04172358009964228,45
CHEMBL222,4,0.2,6.0,50,opdiv_tanimoto0.7,optimal,2.491024053696833e-10,50,36,0.28,21,0.04648401797749102,45
CHEMBL222,4,0.3,4.0,50,opdiv_tanimoto0.7,optimal,2.4210766724763744e-10,50,44,0.12,21,0.04479051986709237,45
CHEMBL222,4,0.3,6.0,50,opdiv_tanimoto0.7,optimal,2.1997004218121674e-10,50,35,0.3,21,0.04117366182617843,44
CHEMBL222,5,0.2,4.0,50,opdiv_tanimoto0.7,optimal,1.984832298518313e-10,50,47,0.06,19,0.042408427922055125,45
CHEMBL222,5,0.2,6.0,50,opdiv_tanimoto0.7,optimal,2.2138368915847195e-10,50,42,0.16,21,0.047345400089398026,45
CHEMBL222,5,0.3,4.0,50,opdiv_tanimoto0.7,optimal,2.3793822467865766e-10,50,43,0.14,20,0.04367360984906554,44
CHEMBL222,5,0.3,6.0,50,opdiv_tanimoto0.7,optimal,2.3413404548477956e-10,50,33,0.34,21,0.0440226998180151,44
CHEMBL222,6,0.2,4.0,50,opdiv_tanimoto0.7,optimal,2.3642954261049454e-10,50,47,0.06,18,0.043330118991434574,46
CHEMBL222,6,0.2,6.0,50,opdiv_tanimoto0.7,optimal,2.4913604512732945e-10,50,41,0.18,21,0.04834356508217752,45
CHEMBL222,6,0.3,4.0,50,opdiv_tanimoto0.7,optimal,2.3152180173013903e-10,50,44,0.12,21,0.04791663005016744,44
CHEMBL222,6,0.3,6.0,50,opdiv_tanimoto0.7,optimal,1.9427248698633548e-10,50,34,0.32,22,0.05058281612582505,44
CHEMBL222,7,0.2,4.0,50,opdiv_tanimoto0.7,optimal,2.2572399505094154e-10,50,43,0.14,20,0.047321715857833624,44
CHEMBL222,7,0.2,6.0,50,opdiv_tanimoto0.7,optimal,2.4825752564794357e-10,50,35,0.3,20,0.05339297489263117,44
CHEMBL222,7,0.3,4.0,50,opdiv_tanimoto0.7,optimal,2.475030180804083e-10,50,45,0.1,20,0.04449548292905092,45
CHEMBL222,7,0.3,6.0,50,opdiv_tanimoto0.7,optimal,2.022177980620654e-10,50,34,0.32,21,0.047911041881889105,44
CHEMBL222,8,0.2,4.0,50,opdiv_tanimoto0.7,optimal,2.4224777739334513e-10,50,47,0.06,19,0.0422722059302032,46
CHEMBL222,8,0.2,6.0,50,opdiv_tanimoto0.7,optimal,2.0883328399889933e-10,50,38,0.24,21,0.051155297085642815,45
CHEMBL222,8,0.3,4.0,50,opdiv_tanimoto0.7,optimal,2.233934148776484e-10,50,41,0.18,20,0.044249627040699124,43
CHEMBL222,8,0.3,6.0,50,opdiv_tanimoto0.7,optimal,2.264808340868285e-10,50,30,0.4,19,0.04467579093761742,43
CHEMBL222,9,0.2,4.0,50,opdiv_tanimoto0.7,optimal,2.3075452659782059e-10,50,45,0.1,19,0.041786283953115344,45
CHEMBL222,9,0.2,6.0,50,opdiv_tanimoto0.7,optimal,2.326171477662342e-10,50,37,0.26,20,0.053042774088680744,44
CHEMBL222,9,0.3,4.0,50,opdiv_tanimoto0.7,optimal,2.389225484122903e-10,50,42,0.16,20,0.045315152034163475,44
CHEMBL222,9,0.3,6.0,50,opdiv_tanimoto0.7,optimal,2.199630477761616e-10,50,31,0.38,22,0.04667807905934751,44
CHEMBL225,0,0.2,4.0,50,opdiv_tanimoto0.7,optimal,2.422828604409233e-10,50,38,0.24,23,0.03039361909031868,39
CHEMBL225,0,0.2,6.0,50,opdiv_tanimoto0.7,optimal,2.3263813098139963e-10,50,38,0.24,23,0.02729561203159392,39
CHEMBL225,0,0.3,4.0,50,opdiv_tanimoto0.7,optimal,2.4596835679346896e-10,50,30,0.4,22,0.03445218596607447,38
CHEMBL225,0,0.3,6.0,50,opdiv_tanimoto0.7,optimal,2.133477838839326e-10,50,30,0.4,22,0.03179548494517803,38
CHEMBL225,1,0.2,4.0,50,opdiv_tanimoto0.7,optimal,2.550293309866447e-10,50,40,0.2,25,0.030425087083131075,39
CHEMBL225,1,0.2,6.0,50,opdiv_tanimoto0.7,optimal,2.037235935503645e-10,50,40,0.2,25,0.03137545008212328,39
CHEMBL225,1,0.3,4.0,50,opdiv_tanimoto0.7,optimal,2.5113289225942026e-10,50,32,0.36,22,0.03386913798749447,38
CHEMBL225,1,0.3,6.0,50,opdiv_tanimoto0.7,optimal,2.0698276426145412e-10,50,32,0.36,22,0.03053257684223354,38
CHEMBL225,2,0.2,4.0,50,opdiv_tanimoto0.7,optimal,2.4760116179578517e-10,50,40,0.2,25,0.028761723078787327,39
CHEMBL225,2,0.2,6.0,50,opdiv_tanimoto0.7,optimal,2.1544555028896184e-10,50,40,0.2,25,0.027628398034721613,39
CHEMBL225,2,0.3,4.0,50,opdiv_tanimoto0.7,optimal,2.4725976821571294e-10,50,32,0.36,22,0.033598717069253325,38
CHEMBL225,2,0.3,6.0,50,opdiv_tanimoto0.7,optimal,1.981189656774518e-10,50,32,0.36,22,0.030316365184262395,38
CHEMBL225,3,0.2,4.0,50,opdiv_tanimoto0.7,optimal,2.355848849333597e-10,50,33,0.34,20,0.029352462152019143,38
CHEMBL225,3,0.2,6.0,50,opdiv_tanimoto0.7,optimal,2.0936574696150956e-10,50,33,0.34,20,0.029189207823947072,38
CHEMBL225,3,0.3,4.0,50,opdiv_tanimoto0.7,optimal,1.9552459651350773e-10,50,37,0.26,25,0.028572091134265065,37
CHEMBL225,3,0.3,6.0,50,opdiv_tanimoto0.7,optimal,2.1039936459743558e-10,50,37,0.26,25,0.029435815988108516,37
CHEMBL225,4,0.2,4.0,50,opdiv_tanimoto0.7,optimal,2.1552037932082158e-10,50,35,0.3,22,0.030841135885566473,39
CHEMBL225,4,0.2,6.0,50,opdiv_tanimoto0.7,optimal,2.228991435870853e-10,50,35,0.3,22,0.03061772300861776,39
CHEMBL225,4,0.3,4.0,50,opdiv_tanimoto0.7,optimal,2.507702934195777e-10,50,32,0.36,21,0.0325523701030761,37
CHEMBL225,4,0.3,6.0,50,opdiv_tanimoto0.7,optimal,2.0868218264524785e-10,50,32,0.36,21,0.03101173904724419,37
CHEMBL225,5,0.2,4.0,50,opdiv_tanimoto0.7,optimal,2.3944113358709274e-10,50,33,0.34,21,0.03088136506266892,39
CHEMBL225,5,0.2,6.0,50,opdiv_tanimoto0.7,optimal,2.281306255014215e-10,50,33,0.34,21,0.029848829843103886,39
CHEMBL225,5,0.3,4.0,50,opdiv_tanimoto0.7,optimal,2.0075541229402916e-10,50,33,0.34,23,0.03333002584986389,37
CHEMBL225,5,0.3,6.0,50,opdiv_tanimoto0.7,optimal,2.2342439010003545e-10,50,32,0.36,23,0.030451406026259065,37
CHEMBL225,6,0.2,4.0,50,opdiv_tanimoto0.7,optimal,2.357057882207414e-10,50,41,0.18,25,0.025449567940086126,38
CHEMBL225,6,0.2,6.0,50,opdiv_tanimoto0.7,optimal,2.0049029103574867e-10,50,41,0.18,25,0.025503819109871984,38
CHEMBL225,6,0.3,4.0,50,opdiv_tanimoto0.7,optimal,2.496916007288519e-10,50,30,0.4,22,0.034150256076827645,38
CHEMBL225,6,0.3,6.0,50,opdiv_tanimoto0.7,optimal,2.033871959739031e-10,50,30,0.4,22,0.032064554980024695,38
CHEMBL225,7,0.2,4.0,50,opdiv_tanimoto0.7,optimal,2.4478663540605794e-10,50,40,0.2,25,0.030530974036082625,39
CHEMBL225,7,0.2,6.0,50,opdiv_tanimoto0.7,optimal,2.3476764976493314e-10,50,40,0.2,25,0.03234569285996258,39
CHEMBL225,7,0.3,4.0,50,opdiv_tanimoto0.7,optimal,2.3636526069736874e-10,50,32,0.36,23,0.03278571809642017,37
CHEMBL225,7,0.3,6.0,50,opdiv_tanimoto0.7,optimal,2.425327716437664e-10,50,31,0.38,23,0.029647330986335874,37
CHEMBL225,8,0.2,4.0,50,opdiv_tanimoto0.7,optimal,2.1123314208892907e-10,50,40,0.2,25,0.026938993018120527,39
CHEMBL225,8,0.2,6.0,50,opdiv_tanimoto0.7,optimal,2.219305850204023e-10,50,40,0.2,25,0.02722960594110191,39
CHEMBL225,8,0.3,4.0,50,opdiv_tanimoto0.7,optimal,2.2449631043031104e-10,50,31,0.38,23,0.034091319888830185,37
CHEMBL225,8,0.3,6.0,50,opdiv_tanimoto0.7,optimal,2.324264114506036e-10,50,29,0.42,23,0.031464152969419956,37
CHEMBL225,9,0.2,4.0,50,opdiv_tanimoto0.7,optimal,2.054231229564607e-10,50,35,0.3,22,0.030458688037469983,39
CHEMBL225,9,0.2,6.0,50,opdiv_tanimoto0.7,optimal,2.215381211811973e-10,50,35,0.3,22,0.029982049018144608,39
CHEMBL225,9,0.3,4.0,50,opdiv_tanimoto0.7,optimal,2.574713775516102e-10,50,31,0.38,22,0.034261493012309074,38
CHEMBL225,9,0.3,6.0,50,opdiv_tanimoto0.7,optimal,1.960978046611217e-10,50,31,0.38,22,0.03096707398071885,38
CHEMBL226,0,0.2,4.0,50,opdiv_tanimoto0.7,optimal,2.1113044645915124e-10,50,36,0.28,38,0.037386338924989104,39
CHEMBL226,0,0.2,6.0,50,opdiv_tanimoto0.7,optimal,2.2550306066904113e-10,50,34,0.32,37,0.021634995006024837,38
CHEMBL226,0,0.3,4.0,50,opdiv_tanimoto0.7,optimal,2.2467872007325695e-10,50,25,0.5,32,0.03207377786748111,37
CHEMBL226,0,0.3,6.0,50,opdiv_tanimoto0.7,optimal,2.2232526930565655e-10,50,23,0.54,30,0.031130455899983644,37
CHEMBL226,1,0.2,4.0,50,opdiv_tanimoto0.7,optimal,2.5544943937916287e-10,50,30,0.4,32,0.02749707200564444,38
CHEMBL226,1,0.2,6.0,50,opdiv_tanimoto0.7,optimal,2.2710888725185896e-10,50,30,0.4,32,0.027378286002203822,38
CHEMBL226,1,0.3,4.0,50,opdiv_tanimoto0.7,optimal,2.5938817760362554e-10,50,25,0.5,32,0.032338461838662624,36
CHEMBL226,1,0.3,6.0,50,opdiv_tanimoto0.7,optimal,2.3477420008077843e-10,50,23,0.54,30,0.038914141012355685,36
CHEMBL226,2,0.2,4.0,50,opdiv_tanimoto0.7,optimal,2.0362256325512362e-10,50,35,0.3,37,0.02556126401759684,38
CHEMBL226,2,0.2,6.0,50,opdiv_tanimoto0.7,optimal,2.2591439829966475e-10,50,32,0.36,35,0.01911150198429823,38
CHEMBL226,2,0.3,4.0,50,opdiv_tanimoto0.7,optimal,2.373540253230999e-10,50,28,0.44,30,0.032568013994023204,37
CHEMBL226,2,0.3,6.0,50,opdiv_tanimoto0.7,optimal,2.2071400263001806e-10,50,23,0.54,30,0.035201810067519546,36
CHEMBL226,3,0.2,4.0,50,opdiv_tanimoto0.7,optimal,2.2480450834194698e-10,50,31,0.38,32,0.029000808019191027,38
CHEMBL226,3,0.2,6.0,50,opdiv_tanimoto0.7,optimal,2.2344359695836147e-10,50,29,0.42,32,0.02083653793670237,37
CHEMBL226,3,0.3,4.0,50,opdiv_tanimoto0.7,optimal,2.542965837903921e-10,50,23,0.54,29,0.035329600097611547,36
CHEMBL226,3,0.3,6.0,50,opdiv_tanimoto0.7,optimal,2.185295278067656e-10,50,20,0.6,27,0.03667979803867638,36
CHEMBL226,4,0.2,4.0,50,opdiv_tanimoto0.7,optimal,2.528046660899008e-10,50,28,0.44,31,0.028933709021657705,38
CHEMBL226,4,0.2,6.0,50,opdiv_tanimoto0.7,optimal,2.322937397991609e-10,50,28,0.44,30,0.028944974998012185,38
CHEMBL226,4,0.3,4.0,50,opdiv_tanimoto0.7,optimal,2.355807771081686e-10,50,25,0.5,31,0.031979748979210854,36
CHEMBL226,4,0.3,6.0,50,opdiv_tanimoto0.7,optimal,2.346890459747897e-10,50,23,0.54,30,0.03771411697380245,36
CHEMBL226,5,0.2,4.0,50,opdiv_tanimoto0.7,optimal,2.006542709764858e-10,50,35,0.3,37,0.030612434959039092,39
CHEMBL226,5,0.2,6.0,50,opdiv_tanimoto0.7,optimal,2.2841128988204673e-10,50,33,0.34,36,0.031048734905198216,38
CHEMBL226,5,0.3,4.0,50,opdiv_tanimoto0.7,optimal,2.511333363486301e-10,50,24,0.52,31,0.038242883048951626,36
CHEMBL226,5,0.3,6.0,50,opdiv_tanimoto0.7,optimal,2.0968038416668833e-10,50,20,0.6,27,0.039662454975768924,36
CHEMBL226,6,0.2,4.0,50,opdiv_tanimoto0.7,optimal,2.184000758020943e-10,50,31,0.38,33,0.027969423914328218,37
CHEMBL226,6,0.2,6.0,50,opdiv_tanimoto0.7,optimal,2.5566448957903276e-10,50,30,0.4,32,0.025867108022794127,37
CHEMBL226,6,0.3,4.0,50,opdiv_tanimoto0.7,optimal,2.352380512604668e-10,50,30,0.4,34,0.0315804248675704,36
CHEMBL226,6,0.3,6.0,50,opdiv_tanimoto0.7,optimal,2.3120205749904699e-10,50,29,0.42,35,0.03350546793080866,36
CHEMBL226,7,0.2,4.0,50,opdiv_tanimoto0.7,optimal,2.532875020833103e-10,50,32,0.36,35,0.02906332118436694,37
CHEMBL226,7,0.2,6.0,50,opdiv_tanimoto0.7,optimal,2.3204460575243502e-10,50,32,0.36,34,0.028437491040676832,37
CHEMBL226,7,0.3,4.0,50,opdiv_tanimoto0.7,optimal,2.502347218324985e-10,50,20,0.6,27,0.037696189945563674,36
CHEMBL226,7,0.3,6.0,50,opdiv_tanimoto0.7,optimal,2.239716190288732e-10,50,19,0.62,26,0.0352955712005496,36
CHEMBL226,8,0.2,4.0,50,opdiv_tanimoto0.7,optimal,2.378074404063568e-10,50,31,0.38,32,0.03370422497391701,39
CHEMBL226,8,0.2,6.0,50,opdiv_tanimoto0.7,optimal,2.217173111773718e-10,50,30,0.4,32,0.032503477996215224,39
CHEMBL226,8,0.3,4.0,50,opdiv_tanimoto0.7,optimal,2.4627222483530886e-10,50,26,0.48,31,0.031144026899710298,36
CHEMBL226,8,0.3,6.0,50,opdiv_tanimoto0.7,optimal,2.3065738208316588e-10,50,22,0.56,29,0.033360492903739214,36
CHEMBL226,9,0.2,4.0,50,opdiv_tanimoto0.7,optimal,2.4205437654245543e-10,50,31,0.38,32,0.02712623099796474,39
CHEMBL226,9,0.2,6.0,50,opdiv_tanimoto0.7,optimal,2.2929347309741388e-10,50,29,0.42,32,0.028392315143719316,38
CHEMBL226,9,0.3,4.0,50,opdiv_tanimoto0.7,optimal,2.464072279551033e-10,50,27,0.46,32,0.032611569156870246,36
CHEMBL226,9,0.3,6.0,50,opdiv_tanimoto0.7,optimal,2.275429844544874e-10,50,23,0.54,30,0.03290356323122978,36
CHEMBL227,0,0.2,4.0,50,opdiv_tanimoto0.7,optimal,2.032728430023667e-10,50,48,0.04,41,0.02489178697578609,49
CHEMBL227,0,0.2,6.0,50,opdiv_tanimoto0.7,optimal,1.8286716585436125e-10,50,48,0.04,41,0.02155534503981471,49
CHEMBL227,0,0.3,4.0,50,opdiv_tanimoto0.7,optimal,2.4391322295258533e-10,50,49,0.02,41,0.02223154087550938,50
CHEMBL227,0,0.3,6.0,50,opdiv_tanimoto0.7,optimal,2.4346891169813034e-10,50,49,0.02,41,0.022173414938151836,50
CHEMBL227,1,0.2,4.0,50,opdiv_tanimoto0.7,optimal,2.0608548201295207e-10,50,49,0.02,41,0.02081440296024084,50
CHEMBL227,1,0.2,6.0,50,opdiv_tanimoto0.7,optimal,2.0634816078057838e-10,50,49,0.02,41,0.021133478032425046,50
CHEMBL227,1,0.3,4.0,50,opdiv_tanimoto0.7,optimal,2.0374457676552993e-10,50,48,0.04,41,0.021217753877863288,49
CHEMBL227,1,0.3,6.0,50,opdiv_tanimoto0.7,optimal,1.821947037683458e-10,50,48,0.04,41,0.021215969929471612,49
CHEMBL227,2,0.2,4.0,50,opdiv_tanimoto0.7,optimal,2.0415402701701169e-10,50,49,0.02,41,0.02114095981232822,50
CHEMBL227,2,0.2,6.0,50,opdiv_tanimoto0.7,optimal,2.0497081809622841e-10,50,49,0.02,41,0.02080195606686175,50
CHEMBL227,2,0.3,4.0,50,opdiv_tanimoto0.7,optimal,2.032728430023667e-10,50,48,0.04,41,0.020573155023157597,49
CHEMBL227,2,0.3,6.0,50,opdiv_tanimoto0.7,optimal,1.8430457160434344e-10,50,48,0.04,41,0.023166741942986846,49
CHEMBL227,3,0.2,4.0,50,opdiv_tanimoto0.7,optimal,2.0494517194435957e-10,50,48,0.04,41,0.020078819943591952,49
CHEMBL227,3,0.2,6.0,50,opdiv_tanimoto0.7,optimal,1.8255208455997263e-10,50,48,0.04,41,0.019826974952593446,49
CHEMBL227,3,0.3,4.0,50,opdiv_tanimoto0.7,optimal,2.0472379347324932e-10,50,48,0.04,41,0.02006069291383028,49
CHEMBL227,3,0.3,6.0,50,opdiv_tanimoto0.7,optimal,1.8188461847756798e-10,50,48,0.04,41,0.019931321032345295,49
CHEMBL227,4,0.2,4.0,50,opdiv_tanimoto0.7,optimal,2.0659107757836637e-10,50,49,0.02,41,0.02055480913259089,50
CHEMBL227,4,0.2,6.0,50,opdiv_tanimoto0.7,optimal,2.0560098068500565e-10,50,49,0.02,41,0.020875135203823447,50
CHEMBL227,4,0.3,4.0,50,opdiv_tanimoto0.7,optimal,2.390988518286008e-10,50,48,0.04,41,0.022019336000084877,49
CHEMBL227,4,0.3,6.0,50,opdiv_tanimoto0.7,optimal,2.2047608183584089e-10,50,48,0.04,41,0.02266518701799214,49
CHEMBL227,5,0.2,4.0,50,opdiv_tanimoto0.7,optimal,2.0488488683412243e-10,50,49,0.02,41,0.022372121224179864,50
CHEMBL227,5,0.2,6.0,50,opdiv_tanimoto0.7,optimal,2.0522927801636115e-10,50,49,0.02,41,0.022244350984692574,50
CHEMBL227,5,0.3,4.0,50,opdiv_tanimoto0.7,optimal,1.9645751692110025e-10,50,48,0.04,41,0.021020571002736688,49
CHEMBL227,5,0.3,6.0,50,opdiv_tanimoto0.7,optimal,2.4133128828651706e-10,50,48,0.04,41,0.02121203509159386,49
CHEMBL227,6,0.2,4.0,50,opdiv_tanimoto0.7,optimal,2.032728430023667e-10,50,48,0.04,41,0.020440337946638465,49
CHEMBL227,6,0.2,6.0,50,opdiv_tanimoto0.7,optimal,1.8286716585436125e-10,50,48,0.04,41,0.021890584146603942,49
CHEMBL227,6,0.3,4.0,50,opdiv_tanimoto0.7,optimal,2.032728430023667e-10,50,48,0.04,41,0.02050710702314973,49
CHEMBL227,6,0.3,6.0,50,opdiv_tanimoto0.7,optimal,1.8430457160434344e-10,50,48,0.04,41,0.023114144103601575,49
CHEMBL227,7,0.2,4.0,50,opdiv_tanimoto0.7,optimal,2.4334834147765605e-10,50,49,0.02,41,0.020753243006765842,50
CHEMBL227,7,0.2,6.0,50,opdiv_tanimoto0.7,optimal,2.429175749441015e-10,50,49,0.02,41,0.01999530615285039,50
CHEMBL227,7,0.3,4.0,50,opdiv_tanimoto0.7,optimal,2.0501755848556513e-10,50,48,0.04,41,0.01989577803760767,49
CHEMBL227,7,0.3,6.0,50,opdiv_tanimoto0.7,optimal,1.8441226323773208e-10,50,48,0.04,41,0.020438685081899166,49
CHEMBL227,8,0.2,4.0,50,opdiv_tanimoto0.7,optimal,2.0430701574980503e-10,50,48,0.04,41,0.0193667309358716,49
CHEMBL227,8,0.2,6.0,50,opdiv_tanimoto0.7,optimal,1.8255708056358344e-10,50,48,0.04,41,0.02030559699051082,49
CHEMBL227,8,0.3,4.0,50,opdiv_tanimoto0.7,optimal,2.0386037302699833e-10,50,48,0.04,41,0.020288721891120076,49
CHEMBL227,8,0.3,6.0,50,opdiv_tanimoto0.7,optimal,1.8378365496118931e-10,50,48,0.04,41,0.020998948952183127,49
CHEMBL227,9,0.2,4.0,50,opdiv_tanimoto0.7,optimal,2.0454127280800094e-10,50,48,0.04,41,0.019428383093327284,49
CHEMBL227,9,0.2,6.0,50,opdiv_tanimoto0.7,optimal,1.8319212813366903e-10,50,48,0.04,41,0.020155354170128703,49
CHEMBL227,9,0.3,4.0,50,opdiv_tanimoto0.7,optimal,2.0472379347324932e-10,50,48,0.04,41,0.021694842958822846,49
CHEMBL227,9,0.3,6.0,50,opdiv_tanimoto0.7,optimal,1.8188461847756798e-10,50,48,0.04,41,0.019893214106559753,49
CHEMBL231,0,0.2,4.0,50,opdiv_tanimoto0.7,optimal,2.4208002269432427e-10,50,48,0.04,40,0.025932504096999764,46
CHEMBL231,0,0.2,6.0,50,opdiv_tanimoto0.7,optimal,2.1583734799435206e-10,50,45,0.1,38,0.02172409719787538,46
CHEMBL231,0,0.3,4.0,50,opdiv_tanimoto0.7,optimal,1.648312597524182e-10,50,47,0.06,40,0.023380268830806017,46
CHEMBL231,0,0.3,6.0,50,opdiv_tanimoto0.7,optimal,1.5966949984402845e-10,50,43,0.14,39,0.022417136933654547,45
CHEMBL231,1,0.2,4.0,50,opdiv_tanimoto0.7,optimal,1.6312085016068067e-10,50,47,0.06,40,0.022530456073582172,46
CHEMBL231,1,0.2,6.0,50,opdiv_tanimoto0.7,optimal,2.0327572958223072e-10,50,44,0.12,38,0.021443147910758853,46
CHEMBL231,1,0.3,4.0,50,opdiv_tanimoto0.7,optimal,1.6305634620294995e-10,50,46,0.08,40,0.022337498841807246,45
CHEMBL231,1,0.3,6.0,50,opdiv_tanimoto0.7,optimal,1.5626133720303415e-10,50,43,0.14,39,0.022225563181564212,45
CHEMBL231,2,0.2,4.0,50,opdiv_tanimoto0.7,optimal,1.6630774535286719e-10,50,48,0.04,40,0.022671375889331102,46
CHEMBL231,2,0.2,6.0,50,opdiv_tanimoto0.7,optimal,1.6132539748525687e-10,50,44,0.12,38,0.021742504090070724,46
CHEMBL231,2,0.3,4.0,50,opdiv_tanimoto0.7,optimal,2.4012947186236033e-10,50,47,0.06,40,0.022160766879096627,46
CHEMBL231,2,0.3,6.0,50,opdiv_tanimoto0.7,optimal,2.2164314827932685e-10,50,44,0.12,38,0.02138382103294134,46
CHEMBL231,3,0.2,4.0,50,opdiv_tanimoto0.7,optimal,2.514070063242002e-10,50,46,0.08,39,0.022396556800231338,46
CHEMBL231,3,0.2,6.0,50,opdiv_tanimoto0.7,optimal,2.3238844182316143e-10,50,44,0.12,38,0.02177608502097428,46
CHEMBL231,3,0.3,4.0,50,opdiv_tanimoto0.7,optimal,2.388800268704472e-10,50,47,0.06,40,0.020764901069924235,46
CHEMBL231,3,0.3,6.0,50,opdiv_tanimoto0.7,optimal,2.2587876014057429e-10,50,45,0.1,39,0.020413958001881838,46
CHEMBL231,4,0.2,4.0,50,opdiv_tanimoto0.7,optimal,1.648312597524182e-10,50,47,0.06,40,0.022463707020506263,46
CHEMBL231,4,0.2,6.0,50,opdiv_tanimoto0.7,optimal,1.6079026998738755e-10,50,44,0.12,38,0.021984074031934142,46
CHEMBL231,4,0.3,4.0,50,opdiv_tanimoto0.7,optimal,1.6106105338309362e-10,50,47,0.06,40,0.023297686828300357,46
CHEMBL231,4,0.3,6.0,50,opdiv_tanimoto0.7,optimal,1.5572587663825743e-10,50,42,0.16,38,0.023290276061743498,45
CHEMBL231,5,0.2,4.0,50,opdiv_tanimoto0.7,optimal,1.6106105338309362e-10,50,47,0.06,40,0.02220358094200492,46
CHEMBL231,5,0.2,6.0,50,opdiv_tanimoto0.7,optimal,1.5791723484426257e-10,50,44,0.12,38,0.02264029998332262,46
CHEMBL231,5,0.3,4.0,50,opdiv_tanimoto0.7,optimal,1.6106105338309362e-10,50,47,0.06,40,0.023406689055263996,46
CHEMBL231,5,0.3,6.0,50,opdiv_tanimoto0.7,optimal,1.5572587663825743e-10,50,42,0.16,38,0.022224521962925792,45
CHEMBL231,6,0.2,4.0,50,opdiv_tanimoto0.7,optimal,1.648312597524182e-10,50,47,0.06,40,0.02241241093724966,46
CHEMBL231,6,0.2,6.0,50,opdiv_tanimoto0.7,optimal,1.6079026998738755e-10,50,44,0.12,38,0.02188490703701973,46
CHEMBL231,6,0.3,4.0,50,opdiv_tanimoto0.7,optimal,2.4012947186236033e-10,50,47,0.06,40,0.022313403896987438,46
CHEMBL231,6,0.3,6.0,50,opdiv_tanimoto0.7,optimal,2.2164314827932685e-10,50,44,0.12,38,0.0215470630209893,46
CHEMBL231,7,0.2,4.0,50,opdiv_tanimoto0.7,optimal,1.6630774535286719e-10,50,48,0.04,40,0.022585056954994798,46
CHEMBL231,7,0.2,6.0,50,opdiv_tanimoto0.7,optimal,1.6132539748525687e-10,50,44,0.12,38,0.021689355140551925,46
CHEMBL231,7,0.3,4.0,50,opdiv_tanimoto0.7,optimal,2.5465163311366723e-10,50,45,0.1,39,0.02232249709777534,45
CHEMBL231,7,0.3,6.0,50,opdiv_tanimoto0.7,optimal,2.305347024389448e-10,50,43,0.14,39,0.021258824970573187,45
CHEMBL231,8,0.2,4.0,50,opdiv_tanimoto0.7,optimal,1.6312085016068067e-10,50,47,0.06,40,0.022448003059253097,46
CHEMBL231,8,0.2,6.0,50,opdiv_tanimoto0.7,optimal,2.0327572958223072e-10,50,44,0.12,38,0.02143917395733297,46
CHEMBL231,8,0.3,4.0,50,opdiv_tanimoto0.7,optimal,1.648312597524182e-10,50,47,0.06,40,0.02317191008478403,46
CHEMBL231,8,0.3,6.0,50,opdiv_tanimoto0.7,optimal,1.5966949984402845e-10,50,43,0.14,39,0.023021476808935404,45
CHEMBL231,9,0.2,4.0,50,opdiv_tanimoto0.7,optimal,1.620367173771342e-10,50,47,0.06,40,0.020996114006265998,46
CHEMBL231,9,0.2,6.0,50,opdiv_tanimoto0.7,optimal,1.5310874790230855e-10,50,44,0.12,38,0.020625012228265405,46
CHEMBL231,9,0.3,4.0,50,opdiv_tanimoto0.7,optimal,1.6511625400283947e-10,50,46,0.08,40,0.022521232021972537,45
CHEMBL231,9,0.3,6.0,50,opdiv_tanimoto0.7,optimal,1.991600218076428e-10,50,44,0.12,39,0.02154676290228963,45
CHEMBL232,0,0.2,4.0,50,opdiv_tanimoto0.7,optimal,1.9719492705405628e-10,50,39,0.22,44,0.01317880884744227,40
CHEMBL232,0,0.2,6.0,50,opdiv_tanimoto0.7,optimal,2.0720747340163825e-10,50,38,0.24,43,0.009488409850746393,40
CHEMBL232,0,0.3,4.0,50,opdiv_tanimoto0.7,optimal,1.9931833961095435e-10,50,38,0.24,41,0.008479350013658404,40
CHEMBL232,0,0.3,6.0,50,opdiv_tanimoto0.7,optimal,2.2236279484388888e-10,50,38,0.24,41,0.008378569968044758,40
CHEMBL232,1,0.2,4.0,50,opdiv_tanimoto0.7,optimal,1.9809842655149623e-10,50,38,0.24,42,0.012042969930917025,41
CHEMBL232,1,0.2,6.0,50,opdiv_tanimoto0.7,optimal,2.0342172390996893e-10,50,38,0.24,41,0.013014284195378423,40
CHEMBL232,1,0.3,4.0,50,opdiv_tanimoto0.7,optimal,1.981553809926595e-10,50,38,0.24,42,0.009129635989665985,39
CHEMBL232,1,0.3,6.0,50,opdiv_tanimoto0.7,optimal,1.7894119519468177e-10,50,36,0.28,40,0.008482914883643389,39
CHEMBL232,2,0.2,4.0,50,opdiv_tanimoto0.7,optimal,1.948656791483927e-10,50,38,0.24,42,0.00926197413355112,41
CHEMBL232,2,0.2,6.0,50,opdiv_tanimoto0.7,optimal,1.646502933994043e-10,50,38,0.24,41,0.008950831135734916,40
CHEMBL232,2,0.3,4.0,50,opdiv_tanimoto0.7,optimal,2.0049650828468657e-10,50,38,0.24,42,0.009505465859547257,40
CHEMBL232,2,0.3,6.0,50,opdiv_tanimoto0.7,optimal,2.0081347695821705e-10,50,37,0.26,41,0.009163337061181664,39
CHEMBL232,3,0.2,4.0,50,opdiv_tanimoto0.7,optimal,2.0113211096628447e-10,50,38,0.24,43,0.012157690012827516,41
CHEMBL232,3,0.2,6.0,50,opdiv_tanimoto0.7,optimal,2.0095514141615922e-10,50,38,0.24,42,0.01304084318690002,40
CHEMBL232,3,0.3,4.0,50,opdiv_tanimoto0.7,optimal,2.0434021141824132e-10,50,38,0.24,41,0.011673019966110587,40
CHEMBL232,3,0.3,6.0,50,opdiv_tanimoto0.7,optimal,1.9055135247469934e-10,50,37,0.26,41,0.012373080011457205,40
CHEMBL232,4,0.2,4.0,50,opdiv_tanimoto0.7,optimal,2.1630830460139805e-10,50,37,0.26,40,0.012349044904112816,40
CHEMBL232,4,0.2,6.0,50,opdiv_tanimoto0.7,optimal,1.7801915497273058e-10,50,37,0.26,40,0.012998991180211306,40
CHEMBL232,4,0.3,4.0,50,opdiv_tanimoto0.7,optimal,2.127684695096832e-10,50,36,0.28,40,0.012362545123323798,40
CHEMBL232,4,0.3,6.0,50,opdiv_tanimoto0.7,optimal,1.926985238043244e-10,50,36,0.28,40,0.013571513118222356,40
CHEMBL232,5,0.2,4.0,50,opdiv_tanimoto0.7,optimal,1.9447488064372465e-10,50,38,0.24,42,0.011774820974096656,40
CHEMBL232,5,0.2,6.0,50,opdiv_tanimoto0.7,optimal,2.0036561299008326e-10,50,38,0.24,42,0.012876790016889572,40
CHEMBL232,5,0.3,4.0,50,opdiv_tanimoto0.7,optimal,2.0406443201892444e-10,50,38,0.24,43,0.011507413117215037,40
CHEMBL232,5,0.3,6.0,50,opdiv_tanimoto0.7,optimal,2.1342339007190958e-10,50,38,0.24,42,0.0124143420252949,40
CHEMBL232,6,0.2,4.0,50,opdiv_tanimoto0.7,optimal,2.0423240876255022e-10,50,38,0.24,41,0.012316466076299548,40
CHEMBL232,6,0.2,6.0,50,opdiv_tanimoto0.7,optimal,2.0484103302464973e-10,50,38,0.24,41,0.01261480012908578,40
CHEMBL232,6,0.3,4.0,50,opdiv_tanimoto0.7,optimal,1.913879055237544e-10,50,39,0.22,45,0.009015507064759731,40
CHEMBL232,6,0.3,6.0,50,opdiv_tanimoto0.7,optimal,1.953570638590918e-10,50,38,0.24,42,0.008936370024457574,39
CHEMBL232,7,0.2,4.0,50,opdiv_tanimoto0.7,optimal,1.9932466788219472e-10,50,38,0.24,42,0.011679959949105978,40
CHEMBL232,7,0.2,6.0,50,opdiv_tanimoto0.7,optimal,2.0237445053084002e-10,50,38,0.24,42,0.012924070004373789,40
CHEMBL232,7,0.3,4.0,50,opdiv_tanimoto0.7,optimal,2.0190216165616448e-10,50,39,0.22,44,0.009020153898745775,40
CHEMBL232,7,0.3,6.0,50,opdiv_tanimoto0.7,optimal,2.1446566744742768e-10,50,38,0.24,42,0.008653007913380861,39
CHEMBL232,8,0.2,4.0,50,opdiv_tanimoto0.7,optimal,1.9142420981665964e-10,50,39,0.22,44,0.009089288068935275,40
CHEMBL232,8,0.2,6.0,50,opdiv_tanimoto0.7,optimal,2.052572556365817e-10,50,38,0.24,42,0.009314290946349502,40
CHEMBL232,8,0.3,4.0,50,opdiv_tanimoto0.7,optimal,2.173092816804001e-10,50,36,0.28,40,0.015424958895891905,39
CHEMBL232,8,0.3,6.0,50,opdiv_tanimoto0.7,optimal,1.8694312764466758e-10,50,35,0.3,39,0.016060755122452974,39
CHEMBL232,9,0.2,4.0,50,opdiv_tanimoto0.7,optimal,1.983084807477553e-10,50,39,0.22,44,0.00957453902810812,41
CHEMBL232,9,0.2,6.0,50,opdiv_tanimoto0.7,optimal,2.2372315111596208e-10,50,39,0.22,44,0.009384436067193747,41
CHEMBL232,9,0.3,4.0,50,opdiv_tanimoto0.7,optimal,1.9859891509099725e-10,50,38,0.24,42,0.012372149154543877,40
CHEMBL232,9,0.3,6.0,50,opdiv_tanimoto0.7,optimal,2.1891077839342188e-10,50,38,0.24,42,0.012531716842204332,40
CHEMBL234,0,0.2,4.0,50,opdiv_tanimoto0.7,optimal,2.4151403099637037e-10,50,46,0.08,38,0.04130074102431536,48
CHEMBL234,0,0.2,6.0,50,opdiv_tanimoto0.7,optimal,2.1644519510033433e-10,50,43,0.14,37,0.0390141902025789,47
CHEMBL234,0,0.3,4.0,50,opdiv_tanimoto0.7,optimal,2.425872835942755e-10,50,48,0.04,39,0.03946145600639284,49
CHEMBL234,0,0.3,6.0,50,opdiv_tanimoto0.7,optimal,2.407394283920894e-10,50,44,0.12,38,0.03954885504208505,46
CHEMBL234,1,0.2,4.0,50,opdiv_tanimoto0.7,optimal,2.425872835942755e-10,50,48,0.04,39,0.03882796294055879,49
CHEMBL234,1,0.2,6.0,50,opdiv_tanimoto0.7,optimal,2.429140222304227e-10,50,46,0.08,39,0.03831171500496566,47
CHEMBL234,1,0.3,4.0,50,opdiv_tanimoto0.7,optimal,2.412289257236466e-10,50,47,0.06,39,0.03814803087152541,48
CHEMBL234,1,0.3,6.0,50,opdiv_tanimoto0.7,optimal,2.316909997190919e-10,50,43,0.14,37,0.03813275881111622,46
CHEMBL234,2,0.2,4.0,50,opdiv_tanimoto0.7,optimal,2.412289257236466e-10,50,47,0.06,39,0.03808713098987937,48
CHEMBL234,2,0.2,6.0,50,opdiv_tanimoto0.7,optimal,2.316909997190919e-10,50,43,0.14,37,0.03877549502067268,47
CHEMBL234,2,0.3,4.0,50,opdiv_tanimoto0.7,optimal,2.407742893950626e-10,50,47,0.06,39,0.038639582926407456,48
CHEMBL234,2,0.3,6.0,50,opdiv_tanimoto0.7,optimal,2.3571067320204975e-10,50,43,0.14,38,0.04107287200167775,46
CHEMBL234,3,0.2,4.0,50,opdiv_tanimoto0.7,optimal,2.4029622736065903e-10,50,47,0.06,39,0.03846169891767204,48
CHEMBL234,3,0.2,6.0,50,opdiv_tanimoto0.7,optimal,2.388657049934295e-10,50,44,0.12,37,0.03873850987292826,47
CHEMBL234,3,0.3,4.0,50,opdiv_tanimoto0.7,optimal,2.434207280188616e-10,50,48,0.04,39,0.03895249799825251,49
CHEMBL234,3,0.3,6.0,50,opdiv_tanimoto0.7,optimal,2.3127466608485747e-10,50,43,0.14,38,0.03951812000013888,46
CHEMBL234,4,0.2,4.0,50,opdiv_tanimoto0.7,optimal,2.41088593533334e-10,50,46,0.08,38,0.03799041802994907,48
CHEMBL234,4,0.2,6.0,50,opdiv_tanimoto0.7,optimal,2.2037904834348865e-10,50,45,0.1,38,0.03999575995840132,47
CHEMBL234,4,0.3,4.0,50,opdiv_tanimoto0.7,optimal,2.4343782545344084e-10,50,48,0.04,39,0.03740810207091272,49
CHEMBL234,4,0.3,6.0,50,opdiv_tanimoto0.7,optimal,2.393302223069327e-10,50,43,0.14,38,0.040274044033139944,46
CHEMBL234,5,0.2,4.0,50,opdiv_tanimoto0.7,optimal,2.4029622736065903e-10,50,47,0.06,39,0.03847222402691841,48
CHEMBL234,5,0.2,6.0,50,opdiv_tanimoto0.7,optimal,2.2277968358963562e-10,50,45,0.1,38,0.03958409791812301,47
CHEMBL234,5,0.3,4.0,50,opdiv_tanimoto0.7,optimal,2.4151403099637037e-10,50,46,0.08,38,0.03681848500855267,48
CHEMBL234,5,0.3,6.0,50,opdiv_tanimoto0.7,optimal,2.1486112888879916e-10,50,42,0.16,37,0.03700049500912428,46
CHEMBL234,6,0.2,4.0,50,opdiv_tanimoto0.7,optimal,2.4343782545344084e-10,50,48,0.04,39,0.03745061601512134,49
CHEMBL234,6,0.2,6.0,50,opdiv_tanimoto0.7,optimal,2.325208914299992e-10,50,44,0.12,37,0.039301787968724966,47
CHEMBL234,6,0.3,4.0,50,opdiv_tanimoto0.7,optimal,2.4167168266586714e-10,50,47,0.06,39,0.0375772740226239,48
CHEMBL234,6,0.3,6.0,50,opdiv_tanimoto0.7,optimal,2.3224688838752172e-10,50,42,0.16,37,0.03802836500108242,46
CHEMBL234,7,0.2,4.0,50,opdiv_tanimoto0.7,optimal,2.425872835942755e-10,50,48,0.04,39,0.03885509492829442,49
CHEMBL234,7,0.2,6.0,50,opdiv_tanimoto0.7,optimal,2.429140222304227e-10,50,46,0.08,39,0.03799306298606098,47
CHEMBL234,7,0.3,4.0,50,opdiv_tanimoto0.7,optimal,2.4167168266586714e-10,50,47,0.06,39,0.03753312793560326,48
CHEMBL234,7,0.3,6.0,50,opdiv_tanimoto0.7,optimal,2.3224688838752172e-10,50,42,0.16,37,0.03754254197701812,46
CHEMBL234,8,0.2,4.0,50,opdiv_tanimoto0.7,optimal,2.425701861596963e-10,50,48,0.04,39,0.03944702516309917,49
CHEMBL234,8,0.2,6.0,50,opdiv_tanimoto0.7,optimal,2.3988866448831914e-10,50,46,0.08,39,0.03877400397323072,47
CHEMBL234,8,0.3,4.0,50,opdiv_tanimoto0.7,optimal,2.4301272105731186e-10,50,48,0.04,39,0.03918190998956561,49
CHEMBL234,8,0.3,6.0,50,opdiv_tanimoto0.7,optimal,2.3885826649916453e-10,50,43,0.14,37,0.03925706306472421,46
CHEMBL234,9,0.2,4.0,50,opdiv_tanimoto0.7,optimal,2.425701861596963e-10,50,48,0.04,39,0.039516357937827706,49
CHEMBL234,9,0.2,6.0,50,opdiv_tanimoto0.7,optimal,2.340515559140499e-10,50,45,0.1,38,0.0387857211753726,47
CHEMBL234,9,0.3,4.0,50,opdiv_tanimoto0.7,optimal,2.412289257236466e-10,50,47,0.06,39,0.038752791937440634,48
CHEMBL234,9,0.3,6.0,50,opdiv_tanimoto0.7,optimal,2.4026125533538334e-10,50,41,0.18,36,0.03842552495189011,46
CHEMBL236,0,0.2,4.0,50,opdiv_tanimoto0.7,optimal,2.470010862509753e-10,50,41,0.18,36,0.08401779690757394,47
CHEMBL236,0,0.2,6.0,50,opdiv_tanimoto0.7,optimal,2.608727678321543e-10,50,37,0.26,34,0.07921294216066599,46
CHEMBL236,0,0.3,4.0,50,opdiv_tanimoto0.7,optimal,2.4829138745019463e-10,50,41,0.18,36,0.0831918390467763,47
CHEMBL236,0,0.3,6.0,50,opdiv_tanimoto0.7,optimal,2.689153344448414e-10,50,36,0.28,34,0.09081220207735896,45
CHEMBL236,1,0.2,4.0,50,opdiv_tanimoto0.7,optimal,2.548675714919568e-10,50,46,0.08,37,0.07679431512951851,49
CHEMBL236,1,0.2,6.0,50,opdiv_tanimoto0.7,optimal,2.3094426371272903e-10,50,42,0.16,36,0.08086594007909298,46
CHEMBL236,1,0.3,4.0,50,opdiv_tanimoto0.7,optimal,2.7172530892016766e-10,50,39,0.22,34,0.07043322501704097,46
CHEMBL236,1,0.3,6.0,50,opdiv_tanimoto0.7,optimal,2.387831044003974e-10,50,38,0.24,34,0.07197697088122368,45
CHEMBL236,2,0.2,4.0,50,opdiv_tanimoto0.7,optimal,2.5429558458966994e-10,50,46,0.08,37,0.07784072100184858,49
CHEMBL236,2,0.2,6.0,50,opdiv_tanimoto0.7,optimal,2.2762169926693332e-10,50,42,0.16,36,0.07773710694164038,47
CHEMBL236,2,0.3,4.0,50,opdiv_tanimoto0.7,optimal,2.5266000402979216e-10,50,43,0.14,37,0.08634189399890602,47
CHEMBL236,2,0.3,6.0,50,opdiv_tanimoto0.7,optimal,2.3883595101636956e-10,50,38,0.24,34,0.07777275005355477,45
CHEMBL236,3,0.2,4.0,50,opdiv_tanimoto0.7,optimal,2.2576995828416102e-10,50,44,0.12,37,0.07464573089964688,48
CHEMBL236,3,0.2,6.0,50,opdiv_tanimoto0.7,optimal,2.4950219668085083e-10,50,41,0.18,37,0.0779646378941834,46
CHEMBL236,3,0.3,4.0,50,opdiv_tanimoto0.7,optimal,2.689755085327761e-10,50,40,0.2,34,0.07948245387524366,47
CHEMBL236,3,0.3,6.0,50,opdiv_tanimoto0.7,optimal,2.324122005958884e-10,50,35,0.3,33,0.06749952305108309,44
CHEMBL236,4,0.2,4.0,50,opdiv_tanimoto0.7,optimal,2.827399425697763e-10,50,38,0.24,32,0.0751789438072592,47
CHEMBL236,4,0.2,6.0,50,opdiv_tanimoto0.7,optimal,2.374375140945517e-10,50,37,0.26,33,0.07548324717208743,46
CHEMBL236,4,0.3,4.0,50,opdiv_tanimoto0.7,optimal,2.6843172129531467e-10,50,40,0.2,34,0.07378381979651749,47
CHEMBL236,4,0.3,6.0,50,opdiv_tanimoto0.7,optimal,2.364142215327547e-10,50,35,0.3,33,0.06888557504862547,44
CHEMBL236,5,0.2,4.0,50,opdiv_tanimoto0.7,optimal,2.479597638327391e-10,50,47,0.06,38,0.07708460907451808,49
CHEMBL236,5,0.2,6.0,50,opdiv_tanimoto0.7,optimal,2.7093904897412813e-10,50,40,0.2,36,0.08446397306397557,46
CHEMBL236,5,0.3,4.0,50,opdiv_tanimoto0.7,optimal,2.5225255217975473e-10,50,40,0.2,35,0.07810102100484073,47
CHEMBL236,5,0.3,6.0,50,opdiv_tanimoto0.7,optimal,2.624966910502735e-10,50,36,0.28,34,0.06492450390942395,45
CHEMBL236,6,0.2,4.0,50,opdiv_tanimoto0.7,optimal,2.1720003573477698e-10,50,49,0.02,39,0.06386605999432504,49
CHEMBL236,6,0.2,6.0,50,opdiv_tanimoto0.7,optimal,2.1899715374473772e-10,50,42,0.16,38,0.08100118511356413,46
CHEMBL236,6,0.3,4.0,50,opdiv_tanimoto0.7,optimal,2.5253410473879967e-10,50,43,0.14,37,0.07126014796085656,47
CHEMBL236,6,0.3,6.0,50,opdiv_tanimoto0.7,optimal,2.2899737661674635e-10,50,42,0.16,37,0.07326116506010294,46
CHEMBL236,7,0.2,4.0,50,opdiv_tanimoto0.7,optimal,2.546606259201667e-10,50,46,0.08,37,0.07863593799993396,49
CHEMBL236,7,0.2,6.0,50,opdiv_tanimoto0.7,optimal,2.332374293700923e-10,50,42,0.16,37,0.07622518204152584,46
CHEMBL236,7,0.3,4.0,50,opdiv_tanimoto0.7,optimal,2.5012436566385077e-10,50,40,0.2,36,0.07257854915224016,46
CHEMBL236,7,0.3,6.0,50,opdiv_tanimoto0.7,optimal,2.5782842527632965e-10,50,36,0.28,35,0.08882700395770371,44
CHEMBL236,8,0.2,4.0,50,opdiv_tanimoto0.7,optimal,2.660648368291163e-10,50,43,0.14,36,0.07444533589296043,48
CHEMBL236,8,0.2,6.0,50,opdiv_tanimoto0.7,optimal,2.387230413347652e-10,50,39,0.22,34,0.07490721181966364,46
CHEMBL236,8,0.3,4.0,50,opdiv_tanimoto0.7,optimal,2.8196522894319287e-10,50,38,0.24,32,0.0832697891164571,46
CHEMBL236,8,0.3,6.0,50,opdiv_tanimoto0.7,optimal,2.351294714486585e-10,50,34,0.32,32,0.08805198105983436,44
CHEMBL236,9,0.2,4.0,50,opdiv_tanimoto0.7,optimal,2.1635515601303723e-10,50,50,0.0,38,0.08334083505906165,50
CHEMBL236,9,0.2,6.0,50,opdiv_tanimoto0.7,optimal,2.0925172705688055e-10,50,45,0.1,39,0.08423268189653754,47
CHEMBL236,9,0.3,4.0,50,opdiv_tanimoto0.7,optimal,2.6587776424946696e-10,50,41,0.18,36,0.07504935516044497,46
CHEMBL236,9,0.3,6.0,50,opdiv_tanimoto0.7,optimal,2.2979906866282818e-10,50,40,0.2,36,0.07185977208428085,45
CHEMBL238,0,0.2,4.0,50,opdiv_tanimoto0.7,optimal,2.521951536493816e-10,50,39,0.22,31,0.030435411958023906,42
CHEMBL238,0,0.2,6.0,50,opdiv_tanimoto0.7,optimal,2.3431145912411466e-10,50,28,0.44,26,0.021299254847690463,41
CHEMBL238,0,0.3,4.0,50,opdiv_tanimoto0.7,optimal,2.713753666228058e-10,50,33,0.34,27,0.01854518987238407,41
CHEMBL238,0,0.3,6.0,50,opdiv_tanimoto0.7,optimal,2.351122629917768e-10,50,24,0.52,25,0.018653571140021086,38
CHEMBL238,1,0.2,4.0,50,opdiv_tanimoto0.7,optimal,2.0968526914799668e-10,50,44,0.12,31,0.02409818791784346,44
CHEMBL238,1,0.2,6.0,50,opdiv_tanimoto0.7,optimal,2.4509227980473725e-10,50,38,0.24,32,0.033876308938488364,42
CHEMBL238,1,0.3,4.0,50,opdiv_tanimoto0.7,optimal,2.1561252783186546e-10,50,35,0.3,28,0.021407546941190958,42
CHEMBL238,1,0.3,6.0,50,opdiv_tanimoto0.7,optimal,2.1013968343197575e-10,50,23,0.54,23,0.02243118896149099,40
CHEMBL238,2,0.2,4.0,50,opdiv_tanimoto0.7,optimal,2.0994717075950575e-10,50,45,0.1,33,0.03011573594994843,43
CHEMBL238,2,0.2,6.0,50,opdiv_tanimoto0.7,optimal,2.3036161866940574e-10,50,33,0.34,29,0.025014881044626236,41
CHEMBL238,2,0.3,4.0,50,opdiv_tanimoto0.7,optimal,2.729899639675182e-10,50,31,0.38,25,0.021989561850205064,42
CHEMBL238,2,0.3,6.0,50,opdiv_tanimoto0.7,optimal,2.5418445126490496e-10,50,23,0.54,23,0.02364543406292796,39
CHEMBL238,3,0.2,4.0,50,opdiv_tanimoto0.7,optimal,2.6757340787497697e-10,50,36,0.28,29,0.023031451040878892,45
CHEMBL238,3,0.2,6.0,50,opdiv_tanimoto0.7,optimal,2.3513102576089295e-10,50,30,0.4,25,0.02070792601443827,42
CHEMBL238,3,0.3,4.0,50,opdiv_tanimoto0.7,optimal,2.699246381965281e-10,50,38,0.24,32,0.03850287990644574,42
CHEMBL238,3,0.3,6.0,50,opdiv_tanimoto0.7,optimal,2.5675928050361563e-10,50,30,0.4,28,0.02608237904496491,39
CHEMBL238,4,0.2,4.0,50,opdiv_tanimoto0.7,optimal,2.372539942285812e-10,50,35,0.3,29,0.0200777689460665,43
CHEMBL238,4,0.2,6.0,50,opdiv_tanimoto0.7,optimal,2.3478863298009855e-10,50,32,0.36,28,0.021809404948726296,42
CHEMBL238,4,0.3,4.0,50,opdiv_tanimoto0.7,optimal,2.7491231513465664e-10,50,34,0.32,27,0.02392763481475413,41
CHEMBL238,4,0.3,6.0,50,opdiv_tanimoto0.7,optimal,2.5323410035582583e-10,50,22,0.56,24,0.024659543065354228,40
CHEMBL238,5,0.2,4.0,50,opdiv_tanimoto0.7,optimal,1.974196361942404e-10,50,42,0.16,31,0.029355547158047557,43
CHEMBL238,5,0.2,6.0,50,opdiv_tanimoto0.7,optimal,1.9986801103044627e-10,50,32,0.36,27,0.020641508046537638,42
CHEMBL238,5,0.3,4.0,50,opdiv_tanimoto0.7,optimal,2.614893857000311e-10,50,28,0.44,22,0.021653052186593413,40
CHEMBL238,5,0.3,6.0,50,opdiv_tanimoto0.7,optimal,2.684681366105224e-10,50,20,0.6,23,0.021331282798200846,39
CHEMBL238,6,0.2,4.0,50,opdiv_tanimoto0.7,optimal,2.509022989372056e-10,50,37,0.26,30,0.02126179006882012,44
CHEMBL238,6,0.2,6.0,50,opdiv_tanimoto0.7,optimal,2.432095635995779e-10,50,31,0.38,27,0.02009882079437375,42
CHEMBL238,6,0.3,4.0,50,opdiv_tanimoto0.7,optimal,2.7504254429544517e-10,50,36,0.28,27,0.021279577165842056,41
CHEMBL238,6,0.3,6.0,50,opdiv_tanimoto0.7,optimal,2.538769194870838e-10,50,24,0.52,24,0.02096835314296186,38
CHEMBL238,7,0.2,4.0,50,opdiv_tanimoto0.7,optimal,2.2235202568055001e-10,50,41,0.18,32,0.027572165010496974,42
CHEMBL238,7,0.2,6.0,50,opdiv_tanimoto0.7,optimal,2.2725499260189963e-10,50,33,0.34,29,0.018743365071713924,41
CHEMBL238,7,0.3,4.0,50,opdiv_tanimoto0.7,optimal,2.7493241017140235e-10,50,39,0.22,31,0.020276084076613188,41
CHEMBL238,7,0.3,6.0,50,opdiv_tanimoto0.7,optimal,2.4269375398233706e-10,50,28,0.44,26,0.018319484079256654,39
CHEMBL238,8,0.2,4.0,50,opdiv_tanimoto0.7,optimal,2.1346779899289459e-10,50,46,0.08,32,0.025122731924057007,44
CHEMBL238,8,0.2,6.0,50,opdiv_tanimoto0.7,optimal,2.380269314983252e-10,50,33,0.34,28,0.02920340094715357,43
CHEMBL238,8,0.3,4.0,50,opdiv_tanimoto0.7,optimal,2.2866075699568e-10,50,41,0.18,30,0.029765787068754435,41
CHEMBL238,8,0.3,6.0,50,opdiv_tanimoto0.7,optimal,2.1710677700070846e-10,50,30,0.4,25,0.021878177067264915,39
CHEMBL238,9,0.2,4.0,50,opdiv_tanimoto0.7,optimal,2.688865796685036e-10,50,33,0.34,25,0.023685964988544583,44
CHEMBL238,9,0.2,6.0,50,opdiv_tanimoto0.7,optimal,2.554276790078802e-10,50,26,0.48,24,0.022086807060986757,42
CHEMBL238,9,0.3,4.0,50,opdiv_tanimoto0.7,optimal,2.1141111083977648e-10,50,36,0.28,29,0.022608363069593906,40
CHEMBL238,9,0.3,6.0,50,opdiv_tanimoto0.7,optimal,2.289782807807228e-10,50,28,0.44,26,0.01897070207633078,38
CHEMBL239,0,0.2,4.0,50,opdiv_tanimoto0.7,optimal,2.361859596788918e-10,50,20,0.6,27,0.04402045509777963,30
CHEMBL239,0,0.2,6.0,50,opdiv_tanimoto0.7,optimal,2.365573292806289e-10,50,17,0.66,25,0.03862655418924987,30
CHEMBL239,0,0.3,4.0,50,opdiv_tanimoto0.7,optimal,2.194497916718774e-10,50,10,0.8,19,0.05229427106678486,29
CHEMBL239,0,0.3,6.0,50,opdiv_tanimoto0.7,optimal,2.5124191616043845e-10,50,2,0.96,12,0.050390008836984634,29
CHEMBL239,1,0.2,4.0,50,opdiv_tanimoto0.7,optimal,2.0157742142146162e-10,50,13,0.74,20,0.04048152407631278,31
CHEMBL239,1,0.2,6.0,50,opdiv_tanimoto0.7,optimal,2.2712998148932684e-10,50,9,0.82,17,0.04307776503264904,31
CHEMBL239,1,0.3,4.0,50,opdiv_tanimoto0.7,optimal,2.5219970556378257e-10,50,16,0.68,25,0.039812648901715875,29
CHEMBL239,1,0.3,6.0,50,opdiv_tanimoto0.7,optimal,2.383424568819237e-10,50,8,0.84,19,0.038080132100731134,29
CHEMBL239,2,0.2,4.0,50,opdiv_tanimoto0.7,optimal,2.0740265060936736e-10,50,14,0.72,21,0.0405219541862607,30
CHEMBL239,2,0.2,6.0,50,opdiv_tanimoto0.7,optimal,2.63740695949366e-10,50,8,0.84,16,0.04250393086113036,30
CHEMBL239,2,0.3,4.0,50,opdiv_tanimoto0.7,optimal,2.1203339084507888e-10,50,10,0.8,20,0.04904754203744233,29
CHEMBL239,2,0.3,6.0,50,opdiv_tanimoto0.7,optimal,2.3771251633775137e-10,50,3,0.94,13,0.051746595883741975,29
CHEMBL239,3,0.2,4.0,50,opdiv_tanimoto0.7,optimal,2.3068325027963965e-10,50,11,0.78,19,0.05098108807578683,31
CHEMBL239,3,0.2,6.0,50,opdiv_tanimoto0.7,optimal,2.35757302569084e-10,50,3,0.94,10,0.049801043001934886,31
CHEMBL239,3,0.3,4.0,50,opdiv_tanimoto0.7,optimal,2.2335655547323086e-10,50,15,0.7,25,0.03477633907459676,28
CHEMBL239,3,0.3,6.0,50,opdiv_tanimoto0.7,optimal,2.1285362361567195e-10,50,7,0.86,18,0.0396003529895097,28
CHEMBL239,4,0.2,4.0,50,opdiv_tanimoto0.7,optimal,2.2778012809254733e-10,50,17,0.66,22,0.04778663697652519,31
CHEMBL239,4,0.2,6.0,50,opdiv_tanimoto0.7,optimal,2.4227964079415187e-10,50,10,0.8,18,0.03977289982140064,31
CHEMBL239,4,0.3,4.0,50,opdiv_tanimoto0.7,optimal,2.1372048575329927e-10,50,7,0.86,18,0.046174790943041444,29
CHEMBL239,4,0.3,6.0,50,opdiv_tanimoto0.7,optimal,2.461065795600348e-10,50,2,0.96,12,0.05047842999920249,29
CHEMBL239,5,0.2,4.0,50,opdiv_tanimoto0.7,optimal,2.1192814170234442e-10,50,13,0.74,20,0.06207293411716819,31
CHEMBL239,5,0.2,6.0,50,opdiv_tanimoto0.7,optimal,2.4174651169772687e-10,50,10,0.8,18,0.047312411945313215,31
CHEMBL239,5,0.3,4.0,50,opdiv_tanimoto0.7,optimal,2.1526158633378145e-10,50,16,0.68,24,0.03573160991072655,30
CHEMBL239,5,0.3,6.0,50,opdiv_tanimoto0.7,optimal,2.1372237313244113e-10,50,6,0.88,16,0.0443332230206579,30
CHEMBL239,6,0.2,4.0,50,opdiv_tanimoto0.7,optimal,2.2163004764763627e-10,50,21,0.58,27,0.035500326193869114,31
CHEMBL239,6,0.2,6.0,50,opdiv_tanimoto0.7,optimal,2.205485793993489e-10,50,17,0.66,24,0.03694958100095391,31
CHEMBL239,6,0.3,4.0,50,opdiv_tanimoto0.7,optimal,2.2432933288740742e-10,50,9,0.82,19,0.047021460020914674,30
CHEMBL239,6,0.3,6.0,50,opdiv_tanimoto0.7,optimal,2.5109703205572487e-10,50,2,0.96,12,0.04778232192620635,30
CHEMBL239,7,0.2,4.0,50,opdiv_tanimoto0.7,optimal,1.8514179078721327e-10,50,17,0.66,25,0.03462405316531658,30
CHEMBL239,7,0.2,6.0,50,opdiv_tanimoto0.7,optimal,2.457425374302602e-10,50,15,0.7,22,0.03225336782634258,30
CHEMBL239,7,0.3,4.0,50,opdiv_tanimoto0.7,optimal,2.2624857543007693e-10,50,7,0.86,18,0.05483841593377292,29
CHEMBL239,7,0.3,6.0,50,opdiv_tanimoto0.7,optimal,2.5002311332400495e-10,50,2,0.96,12,0.0731817961204797,29
CHEMBL239,8,0.2,4.0,50,opdiv_tanimoto0.7,optimal,2.0079693463515014e-10,50,17,0.66,25,0.03750769211910665,31
CHEMBL239,8,0.2,6.0,50,opdiv_tanimoto0.7,optimal,2.3397617177067787e-10,50,11,0.78,19,0.04091824311763048,31
CHEMBL239,8,0.3,4.0,50,opdiv_tanimoto0.7,optimal,2.3822965822262177e-10,50,11,0.78,21,0.04190534190274775,28
CHEMBL239,8,0.3,6.0,50,opdiv_tanimoto0.7,optimal,2.39757325104506e-10,50,3,0.94,12,0.04299634392373264,28
CHEMBL239,9,0.2,4.0,50,opdiv_tanimoto0.7,optimal,2.3440449581357825e-10,50,17,0.66,24,0.03626291989348829,30
CHEMBL239,9,0.2,6.0,50,opdiv_tanimoto0.7,optimal,2.3226653933505759e-10,50,12,0.76,20,0.03141807485371828,30
CHEMBL239,9,0.3,4.0,50,opdiv_tanimoto0.7,optimal,2.1825219409521424e-10,50,14,0.72,22,0.04784856108017266,30
CHEMBL239,9,0.3,6.0,50,opdiv_tanimoto0.7,optimal,2.3424395756421745e-10,50,8,0.84,18,0.04657480609603226,30
