aid,primary_aid,source_rows,source_distinct_scores,source_score_min,source_score_max,source_cids,mapped_cids,conflicting_structures,duplicate_litmus_structures,litmus_molecules,matched_molecules,coverage,matched_distinct_scores,matched_actives,source_manifest_sha256,cid_manifest_sha256,seed,n_calibration,n_test,active_calibration,active_test,test_scaffolds,split_eligible,eligible
AID1798,626,63682,2,0.0,100.0,63676,63676,0,0,60706,58816,0.9688663394063189,2,152,aafedd54b16c43ce315779b78804a83396bd9f2219464eba89b44b740c960a11,c8949a46ae8d7c3eaab1ad589592c8918e3f2b505268f8d6721bd295407787f7,1,10407,11801,26,18,6157,True,False
AID1798,626,63682,2,0.0,100.0,63676,63676,0,0,60706,58816,0.9688663394063189,2,152,aafedd54b16c43ce315779b78804a83396bd9f2219464eba89b44b740c960a11,c8949a46ae8d7c3eaab1ad589592c8918e3f2b505268f8d6721bd295407787f7,2,9526,11753,31,35,6108,True,False
AID1798,626,63682,2,0.0,100.0,63676,63676,0,0,60706,58816,0.9688663394063189,2,152,aafedd54b16c43ce315779b78804a83396bd9f2219464eba89b44b740c960a11,c8949a46ae8d7c3eaab1ad589592c8918e3f2b505268f8d6721bd295407787f7,3,9422,11734,24,26,5317,True,False
AID1798,626,63682,2,0.0,100.0,63676,63676,0,0,60706,58816,0.9688663394063189,2,152,aafedd54b16c43ce315779b78804a83396bd9f2219464eba89b44b740c960a11,c8949a46ae8d7c3eaab1ad589592c8918e3f2b505268f8d6721bd295407787f7,4,9240,11734,19,29,5511,True,False
AID1798,626,63682,2,0.0,100.0,63676,63676,0,0,60706,58816,0.9688663394063189,2,152,aafedd54b16c43ce315779b78804a83396bd9f2219464eba89b44b740c960a11,c8949a46ae8d7c3eaab1ad589592c8918e3f2b505268f8d6721bd295407787f7,5,9308,11753,19,34,5773,True,False
AID435034,628,63662,2,0.0,100.0,63656,63656,0,0,60359,58620,0.9711890521711758,2,57,967b3ef5e70bbc7ff0f736644c77122df673b6bc7f513aa2c68d940c19a539a0,c8949a46ae8d7c3eaab1ad589592c8918e3f2b505268f8d6721bd295407787f7,1,8653,11760,8,6,5897,True,False
AID435034,628,63662,2,0.0,100.0,63656,63656,0,0,60359,58620,0.9711890521711758,2,57,967b3ef5e70bbc7ff0f736644c77122df673b6bc7f513aa2c68d940c19a539a0,c8949a46ae8d7c3eaab1ad589592c8918e3f2b505268f8d6721bd295407787f7,2,9899,11702,8,12,6018,True,False
AID435034,628,63662,2,0.0,100.0,63656,63656,0,0,60359,58620,0.9711890521711758,2,57,967b3ef5e70bbc7ff0f736644c77122df673b6bc7f513aa2c68d940c19a539a0,c8949a46ae8d7c3eaab1ad589592c8918e3f2b505268f8d6721bd295407787f7,3,9093,11750,7,17,6004,True,False
AID435034,628,63662,2,0.0,100.0,63656,63656,0,0,60359,58620,0.9711890521711758,2,57,967b3ef5e70bbc7ff0f736644c77122df673b6bc7f513aa2c68d940c19a539a0,c8949a46ae8d7c3eaab1ad589592c8918e3f2b505268f8d6721bd295407787f7,4,9058,11709,8,10,5320,True,False
AID435034,628,63662,2,0.0,100.0,63656,63656,0,0,60359,58620,0.9711890521711758,2,57,967b3ef5e70bbc7ff0f736644c77122df673b6bc7f513aa2c68d940c19a539a0,c8949a46ae8d7c3eaab1ad589592c8918e3f2b505268f8d6721bd295407787f7,5,9316,11773,8,12,6006,True,False
AID463087,449739,104742,2,0.0,100.0,104728,104728,0,1,95650,92153,0.9634396236278098,2,543,256befdcb7bc8ec722dad5ac6d09ea4e55e20628d418dc4dec17ec76c2b9b62e,c8949a46ae8d7c3eaab1ad589592c8918e3f2b505268f8d6721bd295407787f7,1,14524,18415,84,104,7896,True,False
AID463087,449739,104742,2,0.0,100.0,104728,104728,0,1,95650,92153,0.9634396236278098,2,543,256befdcb7bc8ec722dad5ac6d09ea4e55e20628d418dc4dec17ec76c2b9b62e,c8949a46ae8d7c3eaab1ad589592c8918e3f2b505268f8d6721bd295407787f7,2,14611,18372,91,101,6749,True,False
AID463087,449739,104742,2,0.0,100.0,104728,104728,0,1,95650,92153,0.9634396236278098,2,543,256befdcb7bc8ec722dad5ac6d09ea4e55e20628d418dc4dec17ec76c2b9b62e,c8949a46ae8d7c3eaab1ad589592c8918e3f2b505268f8d6721bd295407787f7,3,16436,18446,88,107,8230,True,False
AID463087,449739,104742,2,0.0,100.0,104728,104728,0,1,95650,92153,0.9634396236278098,2,543,256befdcb7bc8ec722dad5ac6d09ea4e55e20628d418dc4dec17ec76c2b9b62e,c8949a46ae8d7c3eaab1ad589592c8918e3f2b505268f8d6721bd295407787f7,4,14663,18402,89,103,8070,True,False
AID463087,449739,104742,2,0.0,100.0,104728,104728,0,1,95650,92153,0.9634396236278098,2,543,256befdcb7bc8ec722dad5ac6d09ea4e55e20628d418dc4dec17ec76c2b9b62e,c8949a46ae8d7c3eaab1ad589592c8918e3f2b505268f8d6721bd295407787f7,5,14919,18400,78,105,8204,True,False
