target,seed,rep,fraction,boost,score_cap1_hits,multifp_rf_hits,chemdep_hits,augmented_score_rf_hits
CHEMBL1785,35702,0,0.2,4.0,18,19,19,20
CHEMBL1785,35702,0,0.2,6.0,18,19,19,20
CHEMBL1785,35702,0,0.3,4.0,18,19,19,20
CHEMBL1785,35702,0,0.3,6.0,18,19,19,20
CHEMBL1785,35702,1,0.2,4.0,19,20,18,20
CHEMBL1785,35702,1,0.2,6.0,19,20,18,20
CHEMBL1785,35702,1,0.3,4.0,17,18,19,19
CHEMBL1785,35702,1,0.3,6.0,17,18,20,19
CHEMBL1785,35702,2,0.2,4.0,18,20,17,20
CHEMBL1785,35702,2,0.2,6.0,18,20,18,20
CHEMBL1785,35702,2,0.3,4.0,16,18,18,19
CHEMBL1785,35702,2,0.3,6.0,16,18,20,19
CHEMBL1785,35702,3,0.2,4.0,19,20,18,20
CHEMBL1785,35702,3,0.2,6.0,19,20,18,20
CHEMBL1785,35702,3,0.3,4.0,18,19,19,20
CHEMBL1785,35702,3,0.3,6.0,18,19,19,20
CHEMBL1785,35702,4,0.2,4.0,19,20,18,20
CHEMBL1785,35702,4,0.2,6.0,19,20,18,20
CHEMBL1785,35702,4,0.3,4.0,17,18,19,19
CHEMBL1785,35702,4,0.3,6.0,17,18,20,19
CHEMBL1785,35702,5,0.2,4.0,18,19,19,20
CHEMBL1785,35702,5,0.2,6.0,18,19,19,20
CHEMBL1785,35702,5,0.3,4.0,18,19,19,20
CHEMBL1785,35702,5,0.3,6.0,18,19,19,20
CHEMBL1785,35702,6,0.2,4.0,18,19,19,20
CHEMBL1785,35702,6,0.2,6.0,18,19,19,20
CHEMBL1785,35702,6,0.3,4.0,18,20,17,20
CHEMBL1785,35702,6,0.3,6.0,18,20,18,20
CHEMBL1785,35702,7,0.2,4.0,18,19,19,20
CHEMBL1785,35702,7,0.2,6.0,18,19,19,20
CHEMBL1785,35702,7,0.3,4.0,18,19,19,20
CHEMBL1785,35702,7,0.3,6.0,18,19,19,20
CHEMBL1785,35702,8,0.2,4.0,18,20,17,20
CHEMBL1785,35702,8,0.2,6.0,18,20,18,20
CHEMBL1785,35702,8,0.3,4.0,19,20,18,20
CHEMBL1785,35702,8,0.3,6.0,19,20,18,20
CHEMBL1785,35702,9,0.2,4.0,18,19,19,20
CHEMBL1785,35702,9,0.2,6.0,18,19,19,20
CHEMBL1785,35702,9,0.3,4.0,18,20,17,20
CHEMBL1785,35702,9,0.3,6.0,18,20,18,20
CHEMBL1801,35702,0,0.2,4.0,15,14,14,15
CHEMBL1801,35702,0,0.2,6.0,15,14,14,15
CHEMBL1801,35702,0,0.3,4.0,15,14,14,15
CHEMBL1801,35702,0,0.3,6.0,15,14,14,15
CHEMBL1801,35702,1,0.2,4.0,15,14,14,15
CHEMBL1801,35702,1,0.2,6.0,15,14,14,15
CHEMBL1801,35702,1,0.3,4.0,15,14,14,15
CHEMBL1801,35702,1,0.3,6.0,15,14,14,15
CHEMBL1801,35702,2,0.2,4.0,15,14,14,15
CHEMBL1801,35702,2,0.2,6.0,15,14,14,15
CHEMBL1801,35702,2,0.3,4.0,15,14,14,15
CHEMBL1801,35702,2,0.3,6.0,15,14,14,15
CHEMBL1801,35702,3,0.2,4.0,15,14,15,15
CHEMBL1801,35702,3,0.2,6.0,15,14,15,15
CHEMBL1801,35702,3,0.3,4.0,15,14,15,15
CHEMBL1801,35702,3,0.3,6.0,15,14,15,15
CHEMBL1801,35702,4,0.2,4.0,15,14,14,15
CHEMBL1801,35702,4,0.2,6.0,15,14,14,15
CHEMBL1801,35702,4,0.3,4.0,15,14,14,15
CHEMBL1801,35702,4,0.3,6.0,15,14,14,14
CHEMBL1801,35702,5,0.2,4.0,15,14,14,15
CHEMBL1801,35702,5,0.2,6.0,15,14,14,15
CHEMBL1801,35702,5,0.3,4.0,15,14,14,15
CHEMBL1801,35702,5,0.3,6.0,15,14,14,15
CHEMBL1801,35702,6,0.2,4.0,15,14,14,15
CHEMBL1801,35702,6,0.2,6.0,15,14,14,15
CHEMBL1801,35702,6,0.3,4.0,15,14,15,15
CHEMBL1801,35702,6,0.3,6.0,15,14,15,15
CHEMBL1801,35702,7,0.2,4.0,15,14,14,15
CHEMBL1801,35702,7,0.2,6.0,15,14,14,15
CHEMBL1801,35702,7,0.3,4.0,15,14,14,15
CHEMBL1801,35702,7,0.3,6.0,15,14,14,15
CHEMBL1801,35702,8,0.2,4.0,15,14,14,15
CHEMBL1801,35702,8,0.2,6.0,15,14,14,15
CHEMBL1801,35702,8,0.3,4.0,15,14,15,15
CHEMBL1801,35702,8,0.3,6.0,15,14,15,15
CHEMBL1801,35702,9,0.2,4.0,15,14,15,15
CHEMBL1801,35702,9,0.2,6.0,15,14,15,15
CHEMBL1801,35702,9,0.3,4.0,15,14,14,15
CHEMBL1801,35702,9,0.3,6.0,15,14,14,15
CHEMBL1821,35702,0,0.2,4.0,42,44,42,41
CHEMBL1821,35702,0,0.2,6.0,42,44,41,41
CHEMBL1821,35702,0,0.3,4.0,40,43,43,41
CHEMBL1821,35702,0,0.3,6.0,40,43,41,41
CHEMBL1821,35702,1,0.2,4.0,42,44,42,41
CHEMBL1821,35702,1,0.2,6.0,42,44,41,41
CHEMBL1821,35702,1,0.3,4.0,40,44,42,41
CHEMBL1821,35702,1,0.3,6.0,40,44,42,41
CHEMBL1821,35702,2,0.2,4.0,42,44,42,41
CHEMBL1821,35702,2,0.2,6.0,42,43,42,41
CHEMBL1821,35702,2,0.3,4.0,40,43,40,41
CHEMBL1821,35702,2,0.3,6.0,40,43,41,41
CHEMBL1821,35702,3,0.2,4.0,42,44,42,41
CHEMBL1821,35702,3,0.2,6.0,42,44,42,41
CHEMBL1821,35702,3,0.3,4.0,41,44,39,41
CHEMBL1821,35702,3,0.3,6.0,41,44,39,41
CHEMBL1821,35702,4,0.2,4.0,41,44,42,41
CHEMBL1821,35702,4,0.2,6.0,41,43,42,41
CHEMBL1821,35702,4,0.3,4.0,41,43,40,41
CHEMBL1821,35702,4,0.3,6.0,41,43,41,41
CHEMBL1821,35702,5,0.2,4.0,41,44,43,41
CHEMBL1821,35702,5,0.2,6.0,41,44,42,41
CHEMBL1821,35702,5,0.3,4.0,40,44,40,41
CHEMBL1821,35702,5,0.3,6.0,40,44,42,41
CHEMBL1821,35702,6,0.2,4.0,42,43,42,41
CHEMBL1821,35702,6,0.2,6.0,42,43,42,41
CHEMBL1821,35702,6,0.3,4.0,41,44,40,41
CHEMBL1821,35702,6,0.3,6.0,41,44,40,41
CHEMBL1821,35702,7,0.2,4.0,41,44,42,41
CHEMBL1821,35702,7,0.2,6.0,41,44,43,41
CHEMBL1821,35702,7,0.3,4.0,41,44,40,41
CHEMBL1821,35702,7,0.3,6.0,41,44,41,41
CHEMBL1821,35702,8,0.2,4.0,42,44,41,41
CHEMBL1821,35702,8,0.2,6.0,42,44,42,41
CHEMBL1821,35702,8,0.3,4.0,41,43,40,41
CHEMBL1821,35702,8,0.3,6.0,41,43,41,41
CHEMBL1821,35702,9,0.2,4.0,41,44,42,41
CHEMBL1821,35702,9,0.2,6.0,41,43,42,41
CHEMBL1821,35702,9,0.3,4.0,41,43,41,41
CHEMBL1821,35702,9,0.3,6.0,41,43,41,41
